case,config,run,exit,profile_verified,identity_verified,failure_identity,command_shell,source,producer,sha256,bytes,lines,tokens,tokenizer
01,agent,1,1,True,True,expected: <30> but was: <13>,"mvn -o -B -ntp -Dmaven.repo.local=/Users/hadiranjbar/Downloads/java/token.usage/investigation/.m2 -Pinvestigation,agent-reports -Dtest=FailureCasesTest -Dexperiment.case=01 -Dexperiment.artifactDir=/Users/hadiranjbar/Downloads/java/token.usage/investigation/raw/v1/01/agent/1 -Dexperiment.reportDir=/Users/hadiranjbar/Downloads/java/token.usage/investigation/raw/v1/01/agent/1/reports -Dspring.output.ansi.enabled=never -Dspring.profiles.active=agent -Dexperiment.deduplicate=true surefire:test",investigation/raw/v1/01/agent/1/reports/TEST-com.ai.token.experiment.FailureCasesTest.xml,test-runner report,517a800c6bf56ddb2cae05faf3647503dcb45bfddc1d2d5b168a7786ae2ec585,25996,78,8309,tiktoken 0.14.0 o200k_base
01,agent,1,1,True,True,expected: <30> but was: <13>,"mvn -o -B -ntp -Dmaven.repo.local=/Users/hadiranjbar/Downloads/java/token.usage/investigation/.m2 -Pinvestigation,agent-reports -Dtest=FailureCasesTest -Dexperiment.case=01 -Dexperiment.artifactDir=/Users/hadiranjbar/Downloads/java/token.usage/investigation/raw/v1/01/agent/1 -Dexperiment.reportDir=/Users/hadiranjbar/Downloads/java/token.usage/investigation/raw/v1/01/agent/1/reports -Dspring.output.ansi.enabled=never -Dspring.profiles.active=agent -Dexperiment.deduplicate=true surefire:test",investigation/raw/v1/01/agent/1/reports/com.ai.token.experiment.FailureCasesTest.txt,test-runner report,abb7d82bcbb649fe6eb9a596a22c669e7f401304c99db752a890d72c88ddf01b,594,8,130,tiktoken 0.14.0 o200k_base
01,agent,1,1,True,True,expected: <30> but was: <13>,"mvn -o -B -ntp -Dmaven.repo.local=/Users/hadiranjbar/Downloads/java/token.usage/investigation/.m2 -Pinvestigation,agent-reports -Dtest=FailureCasesTest -Dexperiment.case=01 -Dexperiment.artifactDir=/Users/hadiranjbar/Downloads/java/token.usage/investigation/raw/v1/01/agent/1 -Dexperiment.reportDir=/Users/hadiranjbar/Downloads/java/token.usage/investigation/raw/v1/01/agent/1/reports -Dspring.output.ansi.enabled=never -Dspring.profiles.active=agent -Dexperiment.deduplicate=true surefire:test",investigation/raw/v1/01/agent/1/stderr.log,Maven + forked JVM stderr,e3b0c44298fc1c149afbf4c8996fb92427ae41e4649b934ca495991b7852b855,0,0,0,tiktoken 0.14.0 o200k_base
01,agent,1,1,True,True,expected: <30> but was: <13>,"mvn -o -B -ntp -Dmaven.repo.local=/Users/hadiranjbar/Downloads/java/token.usage/investigation/.m2 -Pinvestigation,agent-reports -Dtest=FailureCasesTest -Dexperiment.case=01 -Dexperiment.artifactDir=/Users/hadiranjbar/Downloads/java/token.usage/investigation/raw/v1/01/agent/1 -Dexperiment.reportDir=/Users/hadiranjbar/Downloads/java/token.usage/investigation/raw/v1/01/agent/1/reports -Dspring.output.ansi.enabled=never -Dspring.profiles.active=agent -Dexperiment.deduplicate=true surefire:test",investigation/raw/v1/01/agent/1/stdout.log,Maven + forked JVM stdout,8081d13ddb74d603951f8f8592a42fbd8be9930e3aa116c40765bfb1a9aedd2e,2373,46,620,tiktoken 0.14.0 o200k_base
01,agent,2,1,True,True,expected: <30> but was: <13>,"mvn -o -B -ntp -Dmaven.repo.local=/Users/hadiranjbar/Downloads/java/token.usage/investigation/.m2 -Pinvestigation,agent-reports -Dtest=FailureCasesTest -Dexperiment.case=01 -Dexperiment.artifactDir=/Users/hadiranjbar/Downloads/java/token.usage/investigation/raw/v1/01/agent/2 -Dexperiment.reportDir=/Users/hadiranjbar/Downloads/java/token.usage/investigation/raw/v1/01/agent/2/reports -Dspring.output.ansi.enabled=never -Dspring.profiles.active=agent -Dexperiment.deduplicate=true surefire:test",investigation/raw/v1/01/agent/2/reports/TEST-com.ai.token.experiment.FailureCasesTest.xml,test-runner report,7154b951238b19b13a43f42fdd0815dab4f5f23e3a36e7d834557df4621749b9,25992,78,8308,tiktoken 0.14.0 o200k_base
01,agent,2,1,True,True,expected: <30> but was: <13>,"mvn -o -B -ntp -Dmaven.repo.local=/Users/hadiranjbar/Downloads/java/token.usage/investigation/.m2 -Pinvestigation,agent-reports -Dtest=FailureCasesTest -Dexperiment.case=01 -Dexperiment.artifactDir=/Users/hadiranjbar/Downloads/java/token.usage/investigation/raw/v1/01/agent/2 -Dexperiment.reportDir=/Users/hadiranjbar/Downloads/java/token.usage/investigation/raw/v1/01/agent/2/reports -Dspring.output.ansi.enabled=never -Dspring.profiles.active=agent -Dexperiment.deduplicate=true surefire:test",investigation/raw/v1/01/agent/2/reports/com.ai.token.experiment.FailureCasesTest.txt,test-runner report,fd120706c0f52ddb35a216c07f8b680a6c11d50690b60616596ef891237e042f,594,8,130,tiktoken 0.14.0 o200k_base
01,agent,2,1,True,True,expected: <30> but was: <13>,"mvn -o -B -ntp -Dmaven.repo.local=/Users/hadiranjbar/Downloads/java/token.usage/investigation/.m2 -Pinvestigation,agent-reports -Dtest=FailureCasesTest -Dexperiment.case=01 -Dexperiment.artifactDir=/Users/hadiranjbar/Downloads/java/token.usage/investigation/raw/v1/01/agent/2 -Dexperiment.reportDir=/Users/hadiranjbar/Downloads/java/token.usage/investigation/raw/v1/01/agent/2/reports -Dspring.output.ansi.enabled=never -Dspring.profiles.active=agent -Dexperiment.deduplicate=true surefire:test",investigation/raw/v1/01/agent/2/stderr.log,Maven + forked JVM stderr,e3b0c44298fc1c149afbf4c8996fb92427ae41e4649b934ca495991b7852b855,0,0,0,tiktoken 0.14.0 o200k_base
01,agent,2,1,True,True,expected: <30> but was: <13>,"mvn -o -B -ntp -Dmaven.repo.local=/Users/hadiranjbar/Downloads/java/token.usage/investigation/.m2 -Pinvestigation,agent-reports -Dtest=FailureCasesTest -Dexperiment.case=01 -Dexperiment.artifactDir=/Users/hadiranjbar/Downloads/java/token.usage/investigation/raw/v1/01/agent/2 -Dexperiment.reportDir=/Users/hadiranjbar/Downloads/java/token.usage/investigation/raw/v1/01/agent/2/reports -Dspring.output.ansi.enabled=never -Dspring.profiles.active=agent -Dexperiment.deduplicate=true surefire:test",investigation/raw/v1/01/agent/2/stdout.log,Maven + forked JVM stdout,4fb6a276569f12dd82c9a63837c192b57475508a38d35ee692ae79b6316d30cc,2373,46,620,tiktoken 0.14.0 o200k_base
01,agent,3,1,True,True,expected: <30> but was: <13>,"mvn -o -B -ntp -Dmaven.repo.local=/Users/hadiranjbar/Downloads/java/token.usage/investigation/.m2 -Pinvestigation,agent-reports -Dtest=FailureCasesTest -Dexperiment.case=01 -Dexperiment.artifactDir=/Users/hadiranjbar/Downloads/java/token.usage/investigation/raw/v1/01/agent/3 -Dexperiment.reportDir=/Users/hadiranjbar/Downloads/java/token.usage/investigation/raw/v1/01/agent/3/reports -Dspring.output.ansi.enabled=never -Dspring.profiles.active=agent -Dexperiment.deduplicate=true surefire:test",investigation/raw/v1/01/agent/3/reports/TEST-com.ai.token.experiment.FailureCasesTest.xml,test-runner report,dde190074cf3a57ddb5f8f37f07dff1781f2799ef1593d3b8a711ed3016893f2,25991,78,8308,tiktoken 0.14.0 o200k_base
01,agent,3,1,True,True,expected: <30> but was: <13>,"mvn -o -B -ntp -Dmaven.repo.local=/Users/hadiranjbar/Downloads/java/token.usage/investigation/.m2 -Pinvestigation,agent-reports -Dtest=FailureCasesTest -Dexperiment.case=01 -Dexperiment.artifactDir=/Users/hadiranjbar/Downloads/java/token.usage/investigation/raw/v1/01/agent/3 -Dexperiment.reportDir=/Users/hadiranjbar/Downloads/java/token.usage/investigation/raw/v1/01/agent/3/reports -Dspring.output.ansi.enabled=never -Dspring.profiles.active=agent -Dexperiment.deduplicate=true surefire:test",investigation/raw/v1/01/agent/3/reports/com.ai.token.experiment.FailureCasesTest.txt,test-runner report,cbf1c03123e251038b6601e70592263600d9fcfb1fd6dd514d99f89bfedaf3e5,594,8,130,tiktoken 0.14.0 o200k_base
01,agent,3,1,True,True,expected: <30> but was: <13>,"mvn -o -B -ntp -Dmaven.repo.local=/Users/hadiranjbar/Downloads/java/token.usage/investigation/.m2 -Pinvestigation,agent-reports -Dtest=FailureCasesTest -Dexperiment.case=01 -Dexperiment.artifactDir=/Users/hadiranjbar/Downloads/java/token.usage/investigation/raw/v1/01/agent/3 -Dexperiment.reportDir=/Users/hadiranjbar/Downloads/java/token.usage/investigation/raw/v1/01/agent/3/reports -Dspring.output.ansi.enabled=never -Dspring.profiles.active=agent -Dexperiment.deduplicate=true surefire:test",investigation/raw/v1/01/agent/3/stderr.log,Maven + forked JVM stderr,e3b0c44298fc1c149afbf4c8996fb92427ae41e4649b934ca495991b7852b855,0,0,0,tiktoken 0.14.0 o200k_base
01,agent,3,1,True,True,expected: <30> but was: <13>,"mvn -o -B -ntp -Dmaven.repo.local=/Users/hadiranjbar/Downloads/java/token.usage/investigation/.m2 -Pinvestigation,agent-reports -Dtest=FailureCasesTest -Dexperiment.case=01 -Dexperiment.artifactDir=/Users/hadiranjbar/Downloads/java/token.usage/investigation/raw/v1/01/agent/3 -Dexperiment.reportDir=/Users/hadiranjbar/Downloads/java/token.usage/investigation/raw/v1/01/agent/3/reports -Dspring.output.ansi.enabled=never -Dspring.profiles.active=agent -Dexperiment.deduplicate=true surefire:test",investigation/raw/v1/01/agent/3/stdout.log,Maven + forked JVM stdout,1ad96d6b3914a676f144d6c401da079f1ae57db5cd160aa6e797927a565060d8,2373,46,620,tiktoken 0.14.0 o200k_base
01,default,1,1,True,True,expected: <30> but was: <13>,mvn -o -B -ntp -Dmaven.repo.local=/Users/hadiranjbar/Downloads/java/token.usage/investigation/.m2 -Pinvestigation -Dtest=FailureCasesTest -Dexperiment.case=01 -Dexperiment.artifactDir=/Users/hadiranjbar/Downloads/java/token.usage/investigation/raw/v1/01/default/1 -Dexperiment.reportDir=/Users/hadiranjbar/Downloads/java/token.usage/investigation/raw/v1/01/default/1/reports -Dspring.output.ansi.enabled=never surefire:test,investigation/raw/v1/01/default/1/reports/TEST-com.ai.token.experiment.FailureCasesTest.xml,test-runner report,664e4b20e94e3aa9e84a23ecaa3af978bd511d1a7135db61ffe84090144077d2,26286,81,8363,tiktoken 0.14.0 o200k_base
01,default,1,1,True,True,expected: <30> but was: <13>,mvn -o -B -ntp -Dmaven.repo.local=/Users/hadiranjbar/Downloads/java/token.usage/investigation/.m2 -Pinvestigation -Dtest=FailureCasesTest -Dexperiment.case=01 -Dexperiment.artifactDir=/Users/hadiranjbar/Downloads/java/token.usage/investigation/raw/v1/01/default/1 -Dexperiment.reportDir=/Users/hadiranjbar/Downloads/java/token.usage/investigation/raw/v1/01/default/1/reports -Dspring.output.ansi.enabled=never surefire:test,investigation/raw/v1/01/default/1/reports/com.ai.token.experiment.FailureCasesTest.txt,test-runner report,16f73c0060eae62764dba7ac50a9bd8c87cc0a071237f0edbaec5a575e7667b7,1003,13,215,tiktoken 0.14.0 o200k_base
01,default,1,1,True,True,expected: <30> but was: <13>,mvn -o -B -ntp -Dmaven.repo.local=/Users/hadiranjbar/Downloads/java/token.usage/investigation/.m2 -Pinvestigation -Dtest=FailureCasesTest -Dexperiment.case=01 -Dexperiment.artifactDir=/Users/hadiranjbar/Downloads/java/token.usage/investigation/raw/v1/01/default/1 -Dexperiment.reportDir=/Users/hadiranjbar/Downloads/java/token.usage/investigation/raw/v1/01/default/1/reports -Dspring.output.ansi.enabled=never surefire:test,investigation/raw/v1/01/default/1/stderr.log,Maven + forked JVM stderr,e3b0c44298fc1c149afbf4c8996fb92427ae41e4649b934ca495991b7852b855,0,0,0,tiktoken 0.14.0 o200k_base
01,default,1,1,True,True,expected: <30> but was: <13>,mvn -o -B -ntp -Dmaven.repo.local=/Users/hadiranjbar/Downloads/java/token.usage/investigation/.m2 -Pinvestigation -Dtest=FailureCasesTest -Dexperiment.case=01 -Dexperiment.artifactDir=/Users/hadiranjbar/Downloads/java/token.usage/investigation/raw/v1/01/default/1 -Dexperiment.reportDir=/Users/hadiranjbar/Downloads/java/token.usage/investigation/raw/v1/01/default/1/reports -Dspring.output.ansi.enabled=never surefire:test,investigation/raw/v1/01/default/1/stdout.log,Maven + forked JVM stdout,ca51c58d916f0e6a3fac5e93451e143f63cd4467925d9995c76a8e6c3089ee99,2784,51,704,tiktoken 0.14.0 o200k_base
01,default,2,1,True,True,expected: <30> but was: <13>,mvn -o -B -ntp -Dmaven.repo.local=/Users/hadiranjbar/Downloads/java/token.usage/investigation/.m2 -Pinvestigation -Dtest=FailureCasesTest -Dexperiment.case=01 -Dexperiment.artifactDir=/Users/hadiranjbar/Downloads/java/token.usage/investigation/raw/v1/01/default/2 -Dexperiment.reportDir=/Users/hadiranjbar/Downloads/java/token.usage/investigation/raw/v1/01/default/2/reports -Dspring.output.ansi.enabled=never surefire:test,investigation/raw/v1/01/default/2/reports/TEST-com.ai.token.experiment.FailureCasesTest.xml,test-runner report,6ce78b25f6792feea098c8cd375b36e5529e7482e686f479f601f5e560fc6df4,26286,81,8363,tiktoken 0.14.0 o200k_base
01,default,2,1,True,True,expected: <30> but was: <13>,mvn -o -B -ntp -Dmaven.repo.local=/Users/hadiranjbar/Downloads/java/token.usage/investigation/.m2 -Pinvestigation -Dtest=FailureCasesTest -Dexperiment.case=01 -Dexperiment.artifactDir=/Users/hadiranjbar/Downloads/java/token.usage/investigation/raw/v1/01/default/2 -Dexperiment.reportDir=/Users/hadiranjbar/Downloads/java/token.usage/investigation/raw/v1/01/default/2/reports -Dspring.output.ansi.enabled=never surefire:test,investigation/raw/v1/01/default/2/reports/com.ai.token.experiment.FailureCasesTest.txt,test-runner report,53e28f8beff3e0865ba1b84200668100234afe60f6cdeba88f2196bef38cb96c,1003,13,215,tiktoken 0.14.0 o200k_base
01,default,2,1,True,True,expected: <30> but was: <13>,mvn -o -B -ntp -Dmaven.repo.local=/Users/hadiranjbar/Downloads/java/token.usage/investigation/.m2 -Pinvestigation -Dtest=FailureCasesTest -Dexperiment.case=01 -Dexperiment.artifactDir=/Users/hadiranjbar/Downloads/java/token.usage/investigation/raw/v1/01/default/2 -Dexperiment.reportDir=/Users/hadiranjbar/Downloads/java/token.usage/investigation/raw/v1/01/default/2/reports -Dspring.output.ansi.enabled=never surefire:test,investigation/raw/v1/01/default/2/stderr.log,Maven + forked JVM stderr,e3b0c44298fc1c149afbf4c8996fb92427ae41e4649b934ca495991b7852b855,0,0,0,tiktoken 0.14.0 o200k_base
01,default,2,1,True,True,expected: <30> but was: <13>,mvn -o -B -ntp -Dmaven.repo.local=/Users/hadiranjbar/Downloads/java/token.usage/investigation/.m2 -Pinvestigation -Dtest=FailureCasesTest -Dexperiment.case=01 -Dexperiment.artifactDir=/Users/hadiranjbar/Downloads/java/token.usage/investigation/raw/v1/01/default/2 -Dexperiment.reportDir=/Users/hadiranjbar/Downloads/java/token.usage/investigation/raw/v1/01/default/2/reports -Dspring.output.ansi.enabled=never surefire:test,investigation/raw/v1/01/default/2/stdout.log,Maven + forked JVM stdout,240261a1913950260585f88ae8f1289128dca6deccaa946e2565d3ddc69070fd,2784,51,704,tiktoken 0.14.0 o200k_base
01,default,3,1,True,True,expected: <30> but was: <13>,mvn -o -B -ntp -Dmaven.repo.local=/Users/hadiranjbar/Downloads/java/token.usage/investigation/.m2 -Pinvestigation -Dtest=FailureCasesTest -Dexperiment.case=01 -Dexperiment.artifactDir=/Users/hadiranjbar/Downloads/java/token.usage/investigation/raw/v1/01/default/3 -Dexperiment.reportDir=/Users/hadiranjbar/Downloads/java/token.usage/investigation/raw/v1/01/default/3/reports -Dspring.output.ansi.enabled=never surefire:test,investigation/raw/v1/01/default/3/reports/TEST-com.ai.token.experiment.FailureCasesTest.xml,test-runner report,1c3e80eb33055b51587bc9a2d5100cd1d5d8298f347d1beb95ea0f54b82c8a2c,26285,81,8363,tiktoken 0.14.0 o200k_base
01,default,3,1,True,True,expected: <30> but was: <13>,mvn -o -B -ntp -Dmaven.repo.local=/Users/hadiranjbar/Downloads/java/token.usage/investigation/.m2 -Pinvestigation -Dtest=FailureCasesTest -Dexperiment.case=01 -Dexperiment.artifactDir=/Users/hadiranjbar/Downloads/java/token.usage/investigation/raw/v1/01/default/3 -Dexperiment.reportDir=/Users/hadiranjbar/Downloads/java/token.usage/investigation/raw/v1/01/default/3/reports -Dspring.output.ansi.enabled=never surefire:test,investigation/raw/v1/01/default/3/reports/com.ai.token.experiment.FailureCasesTest.txt,test-runner report,092d5a1756684aeb921ffdfb9720519985b06b56e82b2c1fbf1d4a2e165f7472,1003,13,215,tiktoken 0.14.0 o200k_base
01,default,3,1,True,True,expected: <30> but was: <13>,mvn -o -B -ntp -Dmaven.repo.local=/Users/hadiranjbar/Downloads/java/token.usage/investigation/.m2 -Pinvestigation -Dtest=FailureCasesTest -Dexperiment.case=01 -Dexperiment.artifactDir=/Users/hadiranjbar/Downloads/java/token.usage/investigation/raw/v1/01/default/3 -Dexperiment.reportDir=/Users/hadiranjbar/Downloads/java/token.usage/investigation/raw/v1/01/default/3/reports -Dspring.output.ansi.enabled=never surefire:test,investigation/raw/v1/01/default/3/stderr.log,Maven + forked JVM stderr,e3b0c44298fc1c149afbf4c8996fb92427ae41e4649b934ca495991b7852b855,0,0,0,tiktoken 0.14.0 o200k_base
01,default,3,1,True,True,expected: <30> but was: <13>,mvn -o -B -ntp -Dmaven.repo.local=/Users/hadiranjbar/Downloads/java/token.usage/investigation/.m2 -Pinvestigation -Dtest=FailureCasesTest -Dexperiment.case=01 -Dexperiment.artifactDir=/Users/hadiranjbar/Downloads/java/token.usage/investigation/raw/v1/01/default/3 -Dexperiment.reportDir=/Users/hadiranjbar/Downloads/java/token.usage/investigation/raw/v1/01/default/3/reports -Dspring.output.ansi.enabled=never surefire:test,investigation/raw/v1/01/default/3/stdout.log,Maven + forked JVM stdout,40c24443a05d4e51053369850a7eced3f52413827efa556d2749fc7bee98d35e,2784,51,704,tiktoken 0.14.0 o200k_base
01,p1,1,1,True,True,expected: <30> but was: <13>,mvn -o -B -ntp -Dmaven.repo.local=/Users/hadiranjbar/Downloads/java/token.usage/investigation/.m2 -Pinvestigation -Dtest=FailureCasesTest -Dexperiment.case=01 -Dexperiment.artifactDir=/Users/hadiranjbar/Downloads/java/token.usage/investigation/raw/v1/01/p1/1 -Dexperiment.reportDir=/Users/hadiranjbar/Downloads/java/token.usage/investigation/raw/v1/01/p1/1/reports -Dspring.output.ansi.enabled=never -Dspring.profiles.active=p1 surefire:test,investigation/raw/v1/01/p1/1/reports/TEST-com.ai.token.experiment.FailureCasesTest.xml,test-runner report,c4694ced5f4e2ca654838defb00ae218280d594706038529d49c7a681236bb54,26333,82,8380,tiktoken 0.14.0 o200k_base
01,p1,1,1,True,True,expected: <30> but was: <13>,mvn -o -B -ntp -Dmaven.repo.local=/Users/hadiranjbar/Downloads/java/token.usage/investigation/.m2 -Pinvestigation -Dtest=FailureCasesTest -Dexperiment.case=01 -Dexperiment.artifactDir=/Users/hadiranjbar/Downloads/java/token.usage/investigation/raw/v1/01/p1/1 -Dexperiment.reportDir=/Users/hadiranjbar/Downloads/java/token.usage/investigation/raw/v1/01/p1/1/reports -Dspring.output.ansi.enabled=never -Dspring.profiles.active=p1 surefire:test,investigation/raw/v1/01/p1/1/reports/com.ai.token.experiment.FailureCasesTest.txt,test-runner report,16f73c0060eae62764dba7ac50a9bd8c87cc0a071237f0edbaec5a575e7667b7,1003,13,215,tiktoken 0.14.0 o200k_base
01,p1,1,1,True,True,expected: <30> but was: <13>,mvn -o -B -ntp -Dmaven.repo.local=/Users/hadiranjbar/Downloads/java/token.usage/investigation/.m2 -Pinvestigation -Dtest=FailureCasesTest -Dexperiment.case=01 -Dexperiment.artifactDir=/Users/hadiranjbar/Downloads/java/token.usage/investigation/raw/v1/01/p1/1 -Dexperiment.reportDir=/Users/hadiranjbar/Downloads/java/token.usage/investigation/raw/v1/01/p1/1/reports -Dspring.output.ansi.enabled=never -Dspring.profiles.active=p1 surefire:test,investigation/raw/v1/01/p1/1/stderr.log,Maven + forked JVM stderr,e3b0c44298fc1c149afbf4c8996fb92427ae41e4649b934ca495991b7852b855,0,0,0,tiktoken 0.14.0 o200k_base
01,p1,1,1,True,True,expected: <30> but was: <13>,mvn -o -B -ntp -Dmaven.repo.local=/Users/hadiranjbar/Downloads/java/token.usage/investigation/.m2 -Pinvestigation -Dtest=FailureCasesTest -Dexperiment.case=01 -Dexperiment.artifactDir=/Users/hadiranjbar/Downloads/java/token.usage/investigation/raw/v1/01/p1/1 -Dexperiment.reportDir=/Users/hadiranjbar/Downloads/java/token.usage/investigation/raw/v1/01/p1/1/reports -Dspring.output.ansi.enabled=never -Dspring.profiles.active=p1 surefire:test,investigation/raw/v1/01/p1/1/stdout.log,Maven + forked JVM stdout,978238c8329cd02995182512b055f43fb3a7f741bf13e839c6e64f4bf1e7bd3a,2779,51,705,tiktoken 0.14.0 o200k_base
01,p1,2,1,True,True,expected: <30> but was: <13>,mvn -o -B -ntp -Dmaven.repo.local=/Users/hadiranjbar/Downloads/java/token.usage/investigation/.m2 -Pinvestigation -Dtest=FailureCasesTest -Dexperiment.case=01 -Dexperiment.artifactDir=/Users/hadiranjbar/Downloads/java/token.usage/investigation/raw/v1/01/p1/2 -Dexperiment.reportDir=/Users/hadiranjbar/Downloads/java/token.usage/investigation/raw/v1/01/p1/2/reports -Dspring.output.ansi.enabled=never -Dspring.profiles.active=p1 surefire:test,investigation/raw/v1/01/p1/2/reports/TEST-com.ai.token.experiment.FailureCasesTest.xml,test-runner report,5779748dc58edb800f9f7ed0d24caa8bb326fbee15fe8f5089c1b6c6bba68791,26333,82,8380,tiktoken 0.14.0 o200k_base
01,p1,2,1,True,True,expected: <30> but was: <13>,mvn -o -B -ntp -Dmaven.repo.local=/Users/hadiranjbar/Downloads/java/token.usage/investigation/.m2 -Pinvestigation -Dtest=FailureCasesTest -Dexperiment.case=01 -Dexperiment.artifactDir=/Users/hadiranjbar/Downloads/java/token.usage/investigation/raw/v1/01/p1/2 -Dexperiment.reportDir=/Users/hadiranjbar/Downloads/java/token.usage/investigation/raw/v1/01/p1/2/reports -Dspring.output.ansi.enabled=never -Dspring.profiles.active=p1 surefire:test,investigation/raw/v1/01/p1/2/reports/com.ai.token.experiment.FailureCasesTest.txt,test-runner report,8882aa513fde3be739db2d2a04d44e149609fdeef6ef088d9bd32e91283ff721,1003,13,215,tiktoken 0.14.0 o200k_base
01,p1,2,1,True,True,expected: <30> but was: <13>,mvn -o -B -ntp -Dmaven.repo.local=/Users/hadiranjbar/Downloads/java/token.usage/investigation/.m2 -Pinvestigation -Dtest=FailureCasesTest -Dexperiment.case=01 -Dexperiment.artifactDir=/Users/hadiranjbar/Downloads/java/token.usage/investigation/raw/v1/01/p1/2 -Dexperiment.reportDir=/Users/hadiranjbar/Downloads/java/token.usage/investigation/raw/v1/01/p1/2/reports -Dspring.output.ansi.enabled=never -Dspring.profiles.active=p1 surefire:test,investigation/raw/v1/01/p1/2/stderr.log,Maven + forked JVM stderr,e3b0c44298fc1c149afbf4c8996fb92427ae41e4649b934ca495991b7852b855,0,0,0,tiktoken 0.14.0 o200k_base
01,p1,2,1,True,True,expected: <30> but was: <13>,mvn -o -B -ntp -Dmaven.repo.local=/Users/hadiranjbar/Downloads/java/token.usage/investigation/.m2 -Pinvestigation -Dtest=FailureCasesTest -Dexperiment.case=01 -Dexperiment.artifactDir=/Users/hadiranjbar/Downloads/java/token.usage/investigation/raw/v1/01/p1/2 -Dexperiment.reportDir=/Users/hadiranjbar/Downloads/java/token.usage/investigation/raw/v1/01/p1/2/reports -Dspring.output.ansi.enabled=never -Dspring.profiles.active=p1 surefire:test,investigation/raw/v1/01/p1/2/stdout.log,Maven + forked JVM stdout,6e7c923dae46f9455a09b30ae1fa1638bad100e415e0eea964f672fd15be6970,2779,51,705,tiktoken 0.14.0 o200k_base
01,p1,3,1,True,True,expected: <30> but was: <13>,mvn -o -B -ntp -Dmaven.repo.local=/Users/hadiranjbar/Downloads/java/token.usage/investigation/.m2 -Pinvestigation -Dtest=FailureCasesTest -Dexperiment.case=01 -Dexperiment.artifactDir=/Users/hadiranjbar/Downloads/java/token.usage/investigation/raw/v1/01/p1/3 -Dexperiment.reportDir=/Users/hadiranjbar/Downloads/java/token.usage/investigation/raw/v1/01/p1/3/reports -Dspring.output.ansi.enabled=never -Dspring.profiles.active=p1 surefire:test,investigation/raw/v1/01/p1/3/reports/TEST-com.ai.token.experiment.FailureCasesTest.xml,test-runner report,0e8dd80b689c91b749e9ddaf68e0562e2a8de3e74ae9ea888b39bc4ceac0dda5,26333,82,8380,tiktoken 0.14.0 o200k_base
01,p1,3,1,True,True,expected: <30> but was: <13>,mvn -o -B -ntp -Dmaven.repo.local=/Users/hadiranjbar/Downloads/java/token.usage/investigation/.m2 -Pinvestigation -Dtest=FailureCasesTest -Dexperiment.case=01 -Dexperiment.artifactDir=/Users/hadiranjbar/Downloads/java/token.usage/investigation/raw/v1/01/p1/3 -Dexperiment.reportDir=/Users/hadiranjbar/Downloads/java/token.usage/investigation/raw/v1/01/p1/3/reports -Dspring.output.ansi.enabled=never -Dspring.profiles.active=p1 surefire:test,investigation/raw/v1/01/p1/3/reports/com.ai.token.experiment.FailureCasesTest.txt,test-runner report,8310abccc66ebf8beb81b6fc1592d23e47a864dbe2180bd1d6d2205457db47ad,1003,13,215,tiktoken 0.14.0 o200k_base
01,p1,3,1,True,True,expected: <30> but was: <13>,mvn -o -B -ntp -Dmaven.repo.local=/Users/hadiranjbar/Downloads/java/token.usage/investigation/.m2 -Pinvestigation -Dtest=FailureCasesTest -Dexperiment.case=01 -Dexperiment.artifactDir=/Users/hadiranjbar/Downloads/java/token.usage/investigation/raw/v1/01/p1/3 -Dexperiment.reportDir=/Users/hadiranjbar/Downloads/java/token.usage/investigation/raw/v1/01/p1/3/reports -Dspring.output.ansi.enabled=never -Dspring.profiles.active=p1 surefire:test,investigation/raw/v1/01/p1/3/stderr.log,Maven + forked JVM stderr,e3b0c44298fc1c149afbf4c8996fb92427ae41e4649b934ca495991b7852b855,0,0,0,tiktoken 0.14.0 o200k_base
01,p1,3,1,True,True,expected: <30> but was: <13>,mvn -o -B -ntp -Dmaven.repo.local=/Users/hadiranjbar/Downloads/java/token.usage/investigation/.m2 -Pinvestigation -Dtest=FailureCasesTest -Dexperiment.case=01 -Dexperiment.artifactDir=/Users/hadiranjbar/Downloads/java/token.usage/investigation/raw/v1/01/p1/3 -Dexperiment.reportDir=/Users/hadiranjbar/Downloads/java/token.usage/investigation/raw/v1/01/p1/3/reports -Dspring.output.ansi.enabled=never -Dspring.profiles.active=p1 surefire:test,investigation/raw/v1/01/p1/3/stdout.log,Maven + forked JVM stdout,95155ccd532bfeb4255d7da21800fd68eb68a7efdebb4e070e97f0ca89e9c752,2779,51,705,tiktoken 0.14.0 o200k_base
01,p4,1,1,True,True,expected: <30> but was: <13>,"mvn -o -B -ntp -Dmaven.repo.local=/Users/hadiranjbar/Downloads/java/token.usage/investigation/.m2 -Pinvestigation,agent-reports -Dtest=FailureCasesTest -Dexperiment.case=01 -Dexperiment.artifactDir=/Users/hadiranjbar/Downloads/java/token.usage/investigation/raw/v1/01/p4/1 -Dexperiment.reportDir=/Users/hadiranjbar/Downloads/java/token.usage/investigation/raw/v1/01/p4/1/reports -Dspring.output.ansi.enabled=never surefire:test",investigation/raw/v1/01/p4/1/reports/TEST-com.ai.token.experiment.FailureCasesTest.xml,test-runner report,11a20525d41629d37ea380aab4327eda6a9dbc06c553ef6b367a9969043521e8,25867,76,8280,tiktoken 0.14.0 o200k_base
01,p4,1,1,True,True,expected: <30> but was: <13>,"mvn -o -B -ntp -Dmaven.repo.local=/Users/hadiranjbar/Downloads/java/token.usage/investigation/.m2 -Pinvestigation,agent-reports -Dtest=FailureCasesTest -Dexperiment.case=01 -Dexperiment.artifactDir=/Users/hadiranjbar/Downloads/java/token.usage/investigation/raw/v1/01/p4/1 -Dexperiment.reportDir=/Users/hadiranjbar/Downloads/java/token.usage/investigation/raw/v1/01/p4/1/reports -Dspring.output.ansi.enabled=never surefire:test",investigation/raw/v1/01/p4/1/reports/com.ai.token.experiment.FailureCasesTest.txt,test-runner report,5cc638c0b5ff53ac2eebca7bcebdb051a2dfc6a62d3c11177396c5ac90959519,594,8,130,tiktoken 0.14.0 o200k_base
01,p4,1,1,True,True,expected: <30> but was: <13>,"mvn -o -B -ntp -Dmaven.repo.local=/Users/hadiranjbar/Downloads/java/token.usage/investigation/.m2 -Pinvestigation,agent-reports -Dtest=FailureCasesTest -Dexperiment.case=01 -Dexperiment.artifactDir=/Users/hadiranjbar/Downloads/java/token.usage/investigation/raw/v1/01/p4/1 -Dexperiment.reportDir=/Users/hadiranjbar/Downloads/java/token.usage/investigation/raw/v1/01/p4/1/reports -Dspring.output.ansi.enabled=never surefire:test",investigation/raw/v1/01/p4/1/stderr.log,Maven + forked JVM stderr,e3b0c44298fc1c149afbf4c8996fb92427ae41e4649b934ca495991b7852b855,0,0,0,tiktoken 0.14.0 o200k_base
01,p4,1,1,True,True,expected: <30> but was: <13>,"mvn -o -B -ntp -Dmaven.repo.local=/Users/hadiranjbar/Downloads/java/token.usage/investigation/.m2 -Pinvestigation,agent-reports -Dtest=FailureCasesTest -Dexperiment.case=01 -Dexperiment.artifactDir=/Users/hadiranjbar/Downloads/java/token.usage/investigation/raw/v1/01/p4/1 -Dexperiment.reportDir=/Users/hadiranjbar/Downloads/java/token.usage/investigation/raw/v1/01/p4/1/reports -Dspring.output.ansi.enabled=never surefire:test",investigation/raw/v1/01/p4/1/stdout.log,Maven + forked JVM stdout,f33e7848f077bd62c327fceb5ddbfc128f2d77752b45e400226e59820a8369c5,2370,46,620,tiktoken 0.14.0 o200k_base
01,p4,2,1,True,True,expected: <30> but was: <13>,"mvn -o -B -ntp -Dmaven.repo.local=/Users/hadiranjbar/Downloads/java/token.usage/investigation/.m2 -Pinvestigation,agent-reports -Dtest=FailureCasesTest -Dexperiment.case=01 -Dexperiment.artifactDir=/Users/hadiranjbar/Downloads/java/token.usage/investigation/raw/v1/01/p4/2 -Dexperiment.reportDir=/Users/hadiranjbar/Downloads/java/token.usage/investigation/raw/v1/01/p4/2/reports -Dspring.output.ansi.enabled=never surefire:test",investigation/raw/v1/01/p4/2/reports/TEST-com.ai.token.experiment.FailureCasesTest.xml,test-runner report,6a090721e84de4e9a786fa5fb3298cafe68933ba8527730b5188eceda83dc2ab,25867,76,8280,tiktoken 0.14.0 o200k_base
01,p4,2,1,True,True,expected: <30> but was: <13>,"mvn -o -B -ntp -Dmaven.repo.local=/Users/hadiranjbar/Downloads/java/token.usage/investigation/.m2 -Pinvestigation,agent-reports -Dtest=FailureCasesTest -Dexperiment.case=01 -Dexperiment.artifactDir=/Users/hadiranjbar/Downloads/java/token.usage/investigation/raw/v1/01/p4/2 -Dexperiment.reportDir=/Users/hadiranjbar/Downloads/java/token.usage/investigation/raw/v1/01/p4/2/reports -Dspring.output.ansi.enabled=never surefire:test",investigation/raw/v1/01/p4/2/reports/com.ai.token.experiment.FailureCasesTest.txt,test-runner report,c63141224061fabeaa1eccaf8a13c228cc6e0693228a92c4ea6ff1ec5a31056d,594,8,130,tiktoken 0.14.0 o200k_base
01,p4,2,1,True,True,expected: <30> but was: <13>,"mvn -o -B -ntp -Dmaven.repo.local=/Users/hadiranjbar/Downloads/java/token.usage/investigation/.m2 -Pinvestigation,agent-reports -Dtest=FailureCasesTest -Dexperiment.case=01 -Dexperiment.artifactDir=/Users/hadiranjbar/Downloads/java/token.usage/investigation/raw/v1/01/p4/2 -Dexperiment.reportDir=/Users/hadiranjbar/Downloads/java/token.usage/investigation/raw/v1/01/p4/2/reports -Dspring.output.ansi.enabled=never surefire:test",investigation/raw/v1/01/p4/2/stderr.log,Maven + forked JVM stderr,e3b0c44298fc1c149afbf4c8996fb92427ae41e4649b934ca495991b7852b855,0,0,0,tiktoken 0.14.0 o200k_base
01,p4,2,1,True,True,expected: <30> but was: <13>,"mvn -o -B -ntp -Dmaven.repo.local=/Users/hadiranjbar/Downloads/java/token.usage/investigation/.m2 -Pinvestigation,agent-reports -Dtest=FailureCasesTest -Dexperiment.case=01 -Dexperiment.artifactDir=/Users/hadiranjbar/Downloads/java/token.usage/investigation/raw/v1/01/p4/2 -Dexperiment.reportDir=/Users/hadiranjbar/Downloads/java/token.usage/investigation/raw/v1/01/p4/2/reports -Dspring.output.ansi.enabled=never surefire:test",investigation/raw/v1/01/p4/2/stdout.log,Maven + forked JVM stdout,c45515e5151e90dd9362062a6e0b8b0db8cdabbbbfd9784aea73f254fc661074,2370,46,620,tiktoken 0.14.0 o200k_base
01,p4,3,1,True,True,expected: <30> but was: <13>,"mvn -o -B -ntp -Dmaven.repo.local=/Users/hadiranjbar/Downloads/java/token.usage/investigation/.m2 -Pinvestigation,agent-reports -Dtest=FailureCasesTest -Dexperiment.case=01 -Dexperiment.artifactDir=/Users/hadiranjbar/Downloads/java/token.usage/investigation/raw/v1/01/p4/3 -Dexperiment.reportDir=/Users/hadiranjbar/Downloads/java/token.usage/investigation/raw/v1/01/p4/3/reports -Dspring.output.ansi.enabled=never surefire:test",investigation/raw/v1/01/p4/3/reports/TEST-com.ai.token.experiment.FailureCasesTest.xml,test-runner report,cfadde4f17adcf69f2247bd5b1485d584b2967a3a06377752bece9112de5b9c3,25867,76,8280,tiktoken 0.14.0 o200k_base
01,p4,3,1,True,True,expected: <30> but was: <13>,"mvn -o -B -ntp -Dmaven.repo.local=/Users/hadiranjbar/Downloads/java/token.usage/investigation/.m2 -Pinvestigation,agent-reports -Dtest=FailureCasesTest -Dexperiment.case=01 -Dexperiment.artifactDir=/Users/hadiranjbar/Downloads/java/token.usage/investigation/raw/v1/01/p4/3 -Dexperiment.reportDir=/Users/hadiranjbar/Downloads/java/token.usage/investigation/raw/v1/01/p4/3/reports -Dspring.output.ansi.enabled=never surefire:test",investigation/raw/v1/01/p4/3/reports/com.ai.token.experiment.FailureCasesTest.txt,test-runner report,ce290d45ad854975fd219e94e6ac3a37da5a87a9a27500769c36a0e8a0965fa6,594,8,130,tiktoken 0.14.0 o200k_base
01,p4,3,1,True,True,expected: <30> but was: <13>,"mvn -o -B -ntp -Dmaven.repo.local=/Users/hadiranjbar/Downloads/java/token.usage/investigation/.m2 -Pinvestigation,agent-reports -Dtest=FailureCasesTest -Dexperiment.case=01 -Dexperiment.artifactDir=/Users/hadiranjbar/Downloads/java/token.usage/investigation/raw/v1/01/p4/3 -Dexperiment.reportDir=/Users/hadiranjbar/Downloads/java/token.usage/investigation/raw/v1/01/p4/3/reports -Dspring.output.ansi.enabled=never surefire:test",investigation/raw/v1/01/p4/3/stderr.log,Maven + forked JVM stderr,e3b0c44298fc1c149afbf4c8996fb92427ae41e4649b934ca495991b7852b855,0,0,0,tiktoken 0.14.0 o200k_base
01,p4,3,1,True,True,expected: <30> but was: <13>,"mvn -o -B -ntp -Dmaven.repo.local=/Users/hadiranjbar/Downloads/java/token.usage/investigation/.m2 -Pinvestigation,agent-reports -Dtest=FailureCasesTest -Dexperiment.case=01 -Dexperiment.artifactDir=/Users/hadiranjbar/Downloads/java/token.usage/investigation/raw/v1/01/p4/3 -Dexperiment.reportDir=/Users/hadiranjbar/Downloads/java/token.usage/investigation/raw/v1/01/p4/3/reports -Dspring.output.ansi.enabled=never surefire:test",investigation/raw/v1/01/p4/3/stdout.log,Maven + forked JVM stdout,a234caa0dda9eb2a09cea34ee4847554787b252e9875281bb6d62bfba3863131,2370,46,620,tiktoken 0.14.0 o200k_base
02,agent,1,1,True,True,cannot initialize client,"mvn -o -B -ntp -Dmaven.repo.local=/Users/hadiranjbar/Downloads/java/token.usage/investigation/.m2 -Pinvestigation,agent-reports -Dtest=FailureCasesTest -Dexperiment.case=02 -Dexperiment.artifactDir=/Users/hadiranjbar/Downloads/java/token.usage/investigation/raw/v1/02/agent/1 -Dexperiment.reportDir=/Users/hadiranjbar/Downloads/java/token.usage/investigation/raw/v1/02/agent/1/reports -Dspring.output.ansi.enabled=never -Dspring.profiles.active=agent -Dexperiment.deduplicate=true surefire:test",investigation/raw/v1/02/agent/1/reports/TEST-com.ai.token.experiment.FailureCasesTest.xml,test-runner report,a702e6741d4f0cd25ce17e020862b2e7e6a6b5ec14cfb5774e768c4db3c29e95,29608,128,9395,tiktoken 0.14.0 o200k_base
02,agent,1,1,True,True,cannot initialize client,"mvn -o -B -ntp -Dmaven.repo.local=/Users/hadiranjbar/Downloads/java/token.usage/investigation/.m2 -Pinvestigation,agent-reports -Dtest=FailureCasesTest -Dexperiment.case=02 -Dexperiment.artifactDir=/Users/hadiranjbar/Downloads/java/token.usage/investigation/raw/v1/02/agent/1 -Dexperiment.reportDir=/Users/hadiranjbar/Downloads/java/token.usage/investigation/raw/v1/02/agent/1/reports -Dspring.output.ansi.enabled=never -Dspring.profiles.active=agent -Dexperiment.deduplicate=true surefire:test",investigation/raw/v1/02/agent/1/reports/com.ai.token.experiment.FailureCasesTest.txt,test-runner report,dc67220c08cfd554ab180eb6c819179d095615a03c41615181aeb391aa8fa096,853,12,186,tiktoken 0.14.0 o200k_base
02,agent,1,1,True,True,cannot initialize client,"mvn -o -B -ntp -Dmaven.repo.local=/Users/hadiranjbar/Downloads/java/token.usage/investigation/.m2 -Pinvestigation,agent-reports -Dtest=FailureCasesTest -Dexperiment.case=02 -Dexperiment.artifactDir=/Users/hadiranjbar/Downloads/java/token.usage/investigation/raw/v1/02/agent/1 -Dexperiment.reportDir=/Users/hadiranjbar/Downloads/java/token.usage/investigation/raw/v1/02/agent/1/reports -Dspring.output.ansi.enabled=never -Dspring.profiles.active=agent -Dexperiment.deduplicate=true surefire:test",investigation/raw/v1/02/agent/1/stderr.log,Maven + forked JVM stderr,e3b0c44298fc1c149afbf4c8996fb92427ae41e4649b934ca495991b7852b855,0,0,0,tiktoken 0.14.0 o200k_base
02,agent,1,1,True,True,cannot initialize client,"mvn -o -B -ntp -Dmaven.repo.local=/Users/hadiranjbar/Downloads/java/token.usage/investigation/.m2 -Pinvestigation,agent-reports -Dtest=FailureCasesTest -Dexperiment.case=02 -Dexperiment.artifactDir=/Users/hadiranjbar/Downloads/java/token.usage/investigation/raw/v1/02/agent/1 -Dexperiment.reportDir=/Users/hadiranjbar/Downloads/java/token.usage/investigation/raw/v1/02/agent/1/reports -Dspring.output.ansi.enabled=never -Dspring.profiles.active=agent -Dexperiment.deduplicate=true surefire:test",investigation/raw/v1/02/agent/1/stdout.log,Maven + forked JVM stdout,2e9678d3921f6c0301d5e642ab6be274870f08b2c342e31cb216277d798e6ed4,5389,89,1523,tiktoken 0.14.0 o200k_base
02,agent,2,1,True,True,cannot initialize client,"mvn -o -B -ntp -Dmaven.repo.local=/Users/hadiranjbar/Downloads/java/token.usage/investigation/.m2 -Pinvestigation,agent-reports -Dtest=FailureCasesTest -Dexperiment.case=02 -Dexperiment.artifactDir=/Users/hadiranjbar/Downloads/java/token.usage/investigation/raw/v1/02/agent/2 -Dexperiment.reportDir=/Users/hadiranjbar/Downloads/java/token.usage/investigation/raw/v1/02/agent/2/reports -Dspring.output.ansi.enabled=never -Dspring.profiles.active=agent -Dexperiment.deduplicate=true surefire:test",investigation/raw/v1/02/agent/2/reports/TEST-com.ai.token.experiment.FailureCasesTest.xml,test-runner report,9760d30478781e41db3b71f2eec5567660e2c9c24af7fc567af0c4cdef1ec615,29607,128,9395,tiktoken 0.14.0 o200k_base
02,agent,2,1,True,True,cannot initialize client,"mvn -o -B -ntp -Dmaven.repo.local=/Users/hadiranjbar/Downloads/java/token.usage/investigation/.m2 -Pinvestigation,agent-reports -Dtest=FailureCasesTest -Dexperiment.case=02 -Dexperiment.artifactDir=/Users/hadiranjbar/Downloads/java/token.usage/investigation/raw/v1/02/agent/2 -Dexperiment.reportDir=/Users/hadiranjbar/Downloads/java/token.usage/investigation/raw/v1/02/agent/2/reports -Dspring.output.ansi.enabled=never -Dspring.profiles.active=agent -Dexperiment.deduplicate=true surefire:test",investigation/raw/v1/02/agent/2/reports/com.ai.token.experiment.FailureCasesTest.txt,test-runner report,31fd35d38f37eb796da133f3afc4d6117ce5e10f7254eb78c04ed22efabc706d,853,12,186,tiktoken 0.14.0 o200k_base
02,agent,2,1,True,True,cannot initialize client,"mvn -o -B -ntp -Dmaven.repo.local=/Users/hadiranjbar/Downloads/java/token.usage/investigation/.m2 -Pinvestigation,agent-reports -Dtest=FailureCasesTest -Dexperiment.case=02 -Dexperiment.artifactDir=/Users/hadiranjbar/Downloads/java/token.usage/investigation/raw/v1/02/agent/2 -Dexperiment.reportDir=/Users/hadiranjbar/Downloads/java/token.usage/investigation/raw/v1/02/agent/2/reports -Dspring.output.ansi.enabled=never -Dspring.profiles.active=agent -Dexperiment.deduplicate=true surefire:test",investigation/raw/v1/02/agent/2/stderr.log,Maven + forked JVM stderr,e3b0c44298fc1c149afbf4c8996fb92427ae41e4649b934ca495991b7852b855,0,0,0,tiktoken 0.14.0 o200k_base
02,agent,2,1,True,True,cannot initialize client,"mvn -o -B -ntp -Dmaven.repo.local=/Users/hadiranjbar/Downloads/java/token.usage/investigation/.m2 -Pinvestigation,agent-reports -Dtest=FailureCasesTest -Dexperiment.case=02 -Dexperiment.artifactDir=/Users/hadiranjbar/Downloads/java/token.usage/investigation/raw/v1/02/agent/2 -Dexperiment.reportDir=/Users/hadiranjbar/Downloads/java/token.usage/investigation/raw/v1/02/agent/2/reports -Dspring.output.ansi.enabled=never -Dspring.profiles.active=agent -Dexperiment.deduplicate=true surefire:test",investigation/raw/v1/02/agent/2/stdout.log,Maven + forked JVM stdout,3fae751dd651f3549964b0216d2976feca7a42456dc473ed3d2931e155479d10,5389,89,1523,tiktoken 0.14.0 o200k_base
02,agent,3,1,True,True,cannot initialize client,"mvn -o -B -ntp -Dmaven.repo.local=/Users/hadiranjbar/Downloads/java/token.usage/investigation/.m2 -Pinvestigation,agent-reports -Dtest=FailureCasesTest -Dexperiment.case=02 -Dexperiment.artifactDir=/Users/hadiranjbar/Downloads/java/token.usage/investigation/raw/v1/02/agent/3 -Dexperiment.reportDir=/Users/hadiranjbar/Downloads/java/token.usage/investigation/raw/v1/02/agent/3/reports -Dspring.output.ansi.enabled=never -Dspring.profiles.active=agent -Dexperiment.deduplicate=true surefire:test",investigation/raw/v1/02/agent/3/reports/TEST-com.ai.token.experiment.FailureCasesTest.xml,test-runner report,1f465c2af15e2a29dcc96464821a36ada33b6b924ccb73907442f51551df789c,29608,128,9395,tiktoken 0.14.0 o200k_base
02,agent,3,1,True,True,cannot initialize client,"mvn -o -B -ntp -Dmaven.repo.local=/Users/hadiranjbar/Downloads/java/token.usage/investigation/.m2 -Pinvestigation,agent-reports -Dtest=FailureCasesTest -Dexperiment.case=02 -Dexperiment.artifactDir=/Users/hadiranjbar/Downloads/java/token.usage/investigation/raw/v1/02/agent/3 -Dexperiment.reportDir=/Users/hadiranjbar/Downloads/java/token.usage/investigation/raw/v1/02/agent/3/reports -Dspring.output.ansi.enabled=never -Dspring.profiles.active=agent -Dexperiment.deduplicate=true surefire:test",investigation/raw/v1/02/agent/3/reports/com.ai.token.experiment.FailureCasesTest.txt,test-runner report,74d65e4f32029742b71370ab633645e475738cd32e03dc0a0bd2b120e7997783,853,12,186,tiktoken 0.14.0 o200k_base
02,agent,3,1,True,True,cannot initialize client,"mvn -o -B -ntp -Dmaven.repo.local=/Users/hadiranjbar/Downloads/java/token.usage/investigation/.m2 -Pinvestigation,agent-reports -Dtest=FailureCasesTest -Dexperiment.case=02 -Dexperiment.artifactDir=/Users/hadiranjbar/Downloads/java/token.usage/investigation/raw/v1/02/agent/3 -Dexperiment.reportDir=/Users/hadiranjbar/Downloads/java/token.usage/investigation/raw/v1/02/agent/3/reports -Dspring.output.ansi.enabled=never -Dspring.profiles.active=agent -Dexperiment.deduplicate=true surefire:test",investigation/raw/v1/02/agent/3/stderr.log,Maven + forked JVM stderr,e3b0c44298fc1c149afbf4c8996fb92427ae41e4649b934ca495991b7852b855,0,0,0,tiktoken 0.14.0 o200k_base
02,agent,3,1,True,True,cannot initialize client,"mvn -o -B -ntp -Dmaven.repo.local=/Users/hadiranjbar/Downloads/java/token.usage/investigation/.m2 -Pinvestigation,agent-reports -Dtest=FailureCasesTest -Dexperiment.case=02 -Dexperiment.artifactDir=/Users/hadiranjbar/Downloads/java/token.usage/investigation/raw/v1/02/agent/3 -Dexperiment.reportDir=/Users/hadiranjbar/Downloads/java/token.usage/investigation/raw/v1/02/agent/3/reports -Dspring.output.ansi.enabled=never -Dspring.profiles.active=agent -Dexperiment.deduplicate=true surefire:test",investigation/raw/v1/02/agent/3/stdout.log,Maven + forked JVM stdout,9df90849e362fce5ebe5d01a371ec9dbc2ce789f1c7ea48b3dee32a98535d457,5389,89,1523,tiktoken 0.14.0 o200k_base
02,default,1,1,True,True,cannot initialize client,mvn -o -B -ntp -Dmaven.repo.local=/Users/hadiranjbar/Downloads/java/token.usage/investigation/.m2 -Pinvestigation -Dtest=FailureCasesTest -Dexperiment.case=02 -Dexperiment.artifactDir=/Users/hadiranjbar/Downloads/java/token.usage/investigation/raw/v1/02/default/1 -Dexperiment.reportDir=/Users/hadiranjbar/Downloads/java/token.usage/investigation/raw/v1/02/default/1/reports -Dspring.output.ansi.enabled=never surefire:test,investigation/raw/v1/02/default/1/reports/TEST-com.ai.token.experiment.FailureCasesTest.xml,test-runner report,e6c68e393e4d28e7f3f1f7d5bf4c1cfbbe09874ef9cb04d07695accbf9df40f9,40813,210,12538,tiktoken 0.14.0 o200k_base
02,default,1,1,True,True,cannot initialize client,mvn -o -B -ntp -Dmaven.repo.local=/Users/hadiranjbar/Downloads/java/token.usage/investigation/.m2 -Pinvestigation -Dtest=FailureCasesTest -Dexperiment.case=02 -Dexperiment.artifactDir=/Users/hadiranjbar/Downloads/java/token.usage/investigation/raw/v1/02/default/1 -Dexperiment.reportDir=/Users/hadiranjbar/Downloads/java/token.usage/investigation/raw/v1/02/default/1/reports -Dspring.output.ansi.enabled=never surefire:test,investigation/raw/v1/02/default/1/reports/com.ai.token.experiment.FailureCasesTest.txt,test-runner report,b08b01024a00c97ce3b99e200bc8b63d587696d05e914ceba28243b94eaaaf92,1304,22,303,tiktoken 0.14.0 o200k_base
02,default,1,1,True,True,cannot initialize client,mvn -o -B -ntp -Dmaven.repo.local=/Users/hadiranjbar/Downloads/java/token.usage/investigation/.m2 -Pinvestigation -Dtest=FailureCasesTest -Dexperiment.case=02 -Dexperiment.artifactDir=/Users/hadiranjbar/Downloads/java/token.usage/investigation/raw/v1/02/default/1 -Dexperiment.reportDir=/Users/hadiranjbar/Downloads/java/token.usage/investigation/raw/v1/02/default/1/reports -Dspring.output.ansi.enabled=never surefire:test,investigation/raw/v1/02/default/1/stderr.log,Maven + forked JVM stderr,e3b0c44298fc1c149afbf4c8996fb92427ae41e4649b934ca495991b7852b855,0,0,0,tiktoken 0.14.0 o200k_base
02,default,1,1,True,True,cannot initialize client,mvn -o -B -ntp -Dmaven.repo.local=/Users/hadiranjbar/Downloads/java/token.usage/investigation/.m2 -Pinvestigation -Dtest=FailureCasesTest -Dexperiment.case=02 -Dexperiment.artifactDir=/Users/hadiranjbar/Downloads/java/token.usage/investigation/raw/v1/02/default/1 -Dexperiment.reportDir=/Users/hadiranjbar/Downloads/java/token.usage/investigation/raw/v1/02/default/1/reports -Dspring.output.ansi.enabled=never surefire:test,investigation/raw/v1/02/default/1/stdout.log,Maven + forked JVM stdout,2975de56f2fb2303b77508ee33e67a4610dd58d272bac3c26f46c9042fb51c70,16986,174,4799,tiktoken 0.14.0 o200k_base
02,default,2,1,True,True,cannot initialize client,mvn -o -B -ntp -Dmaven.repo.local=/Users/hadiranjbar/Downloads/java/token.usage/investigation/.m2 -Pinvestigation -Dtest=FailureCasesTest -Dexperiment.case=02 -Dexperiment.artifactDir=/Users/hadiranjbar/Downloads/java/token.usage/investigation/raw/v1/02/default/2 -Dexperiment.reportDir=/Users/hadiranjbar/Downloads/java/token.usage/investigation/raw/v1/02/default/2/reports -Dspring.output.ansi.enabled=never surefire:test,investigation/raw/v1/02/default/2/reports/TEST-com.ai.token.experiment.FailureCasesTest.xml,test-runner report,0b5fcbcc19c3bc8f217ec35cfb5c5609b41e95ac5f07a76ac1932ad501e4e311,40818,210,12539,tiktoken 0.14.0 o200k_base
02,default,2,1,True,True,cannot initialize client,mvn -o -B -ntp -Dmaven.repo.local=/Users/hadiranjbar/Downloads/java/token.usage/investigation/.m2 -Pinvestigation -Dtest=FailureCasesTest -Dexperiment.case=02 -Dexperiment.artifactDir=/Users/hadiranjbar/Downloads/java/token.usage/investigation/raw/v1/02/default/2 -Dexperiment.reportDir=/Users/hadiranjbar/Downloads/java/token.usage/investigation/raw/v1/02/default/2/reports -Dspring.output.ansi.enabled=never surefire:test,investigation/raw/v1/02/default/2/reports/com.ai.token.experiment.FailureCasesTest.txt,test-runner report,02b4ff0bd3aee8e0e0d2e3d45bc31b0519f7f8d7cd1f5a96cf56c913629c5fca,1304,22,303,tiktoken 0.14.0 o200k_base
02,default,2,1,True,True,cannot initialize client,mvn -o -B -ntp -Dmaven.repo.local=/Users/hadiranjbar/Downloads/java/token.usage/investigation/.m2 -Pinvestigation -Dtest=FailureCasesTest -Dexperiment.case=02 -Dexperiment.artifactDir=/Users/hadiranjbar/Downloads/java/token.usage/investigation/raw/v1/02/default/2 -Dexperiment.reportDir=/Users/hadiranjbar/Downloads/java/token.usage/investigation/raw/v1/02/default/2/reports -Dspring.output.ansi.enabled=never surefire:test,investigation/raw/v1/02/default/2/stderr.log,Maven + forked JVM stderr,e3b0c44298fc1c149afbf4c8996fb92427ae41e4649b934ca495991b7852b855,0,0,0,tiktoken 0.14.0 o200k_base
02,default,2,1,True,True,cannot initialize client,mvn -o -B -ntp -Dmaven.repo.local=/Users/hadiranjbar/Downloads/java/token.usage/investigation/.m2 -Pinvestigation -Dtest=FailureCasesTest -Dexperiment.case=02 -Dexperiment.artifactDir=/Users/hadiranjbar/Downloads/java/token.usage/investigation/raw/v1/02/default/2 -Dexperiment.reportDir=/Users/hadiranjbar/Downloads/java/token.usage/investigation/raw/v1/02/default/2/reports -Dspring.output.ansi.enabled=never surefire:test,investigation/raw/v1/02/default/2/stdout.log,Maven + forked JVM stdout,f4844615091619b760f2b674d7fa8bc0d8f2ad73824c18e9a9c9d88a42b3911e,16987,174,4799,tiktoken 0.14.0 o200k_base
02,default,3,1,True,True,cannot initialize client,mvn -o -B -ntp -Dmaven.repo.local=/Users/hadiranjbar/Downloads/java/token.usage/investigation/.m2 -Pinvestigation -Dtest=FailureCasesTest -Dexperiment.case=02 -Dexperiment.artifactDir=/Users/hadiranjbar/Downloads/java/token.usage/investigation/raw/v1/02/default/3 -Dexperiment.reportDir=/Users/hadiranjbar/Downloads/java/token.usage/investigation/raw/v1/02/default/3/reports -Dspring.output.ansi.enabled=never surefire:test,investigation/raw/v1/02/default/3/reports/TEST-com.ai.token.experiment.FailureCasesTest.xml,test-runner report,d2b17c856c7c55a157f45525452ed009c8898e8fb2e9f89e01dd6587e28b7e75,40814,210,12538,tiktoken 0.14.0 o200k_base
02,default,3,1,True,True,cannot initialize client,mvn -o -B -ntp -Dmaven.repo.local=/Users/hadiranjbar/Downloads/java/token.usage/investigation/.m2 -Pinvestigation -Dtest=FailureCasesTest -Dexperiment.case=02 -Dexperiment.artifactDir=/Users/hadiranjbar/Downloads/java/token.usage/investigation/raw/v1/02/default/3 -Dexperiment.reportDir=/Users/hadiranjbar/Downloads/java/token.usage/investigation/raw/v1/02/default/3/reports -Dspring.output.ansi.enabled=never surefire:test,investigation/raw/v1/02/default/3/reports/com.ai.token.experiment.FailureCasesTest.txt,test-runner report,5351a0f195ccdeda025b188642e61e0da2e417ba787dec48ab4a5323ee6c2aed,1304,22,303,tiktoken 0.14.0 o200k_base
02,default,3,1,True,True,cannot initialize client,mvn -o -B -ntp -Dmaven.repo.local=/Users/hadiranjbar/Downloads/java/token.usage/investigation/.m2 -Pinvestigation -Dtest=FailureCasesTest -Dexperiment.case=02 -Dexperiment.artifactDir=/Users/hadiranjbar/Downloads/java/token.usage/investigation/raw/v1/02/default/3 -Dexperiment.reportDir=/Users/hadiranjbar/Downloads/java/token.usage/investigation/raw/v1/02/default/3/reports -Dspring.output.ansi.enabled=never surefire:test,investigation/raw/v1/02/default/3/stderr.log,Maven + forked JVM stderr,e3b0c44298fc1c149afbf4c8996fb92427ae41e4649b934ca495991b7852b855,0,0,0,tiktoken 0.14.0 o200k_base
02,default,3,1,True,True,cannot initialize client,mvn -o -B -ntp -Dmaven.repo.local=/Users/hadiranjbar/Downloads/java/token.usage/investigation/.m2 -Pinvestigation -Dtest=FailureCasesTest -Dexperiment.case=02 -Dexperiment.artifactDir=/Users/hadiranjbar/Downloads/java/token.usage/investigation/raw/v1/02/default/3 -Dexperiment.reportDir=/Users/hadiranjbar/Downloads/java/token.usage/investigation/raw/v1/02/default/3/reports -Dspring.output.ansi.enabled=never surefire:test,investigation/raw/v1/02/default/3/stdout.log,Maven + forked JVM stdout,838222d269718ce96614f49977167f77fe8d1b56caa3f7dda0f5b76b4eb75ff5,16987,174,4799,tiktoken 0.14.0 o200k_base
02,p1,1,1,True,True,cannot initialize client,mvn -o -B -ntp -Dmaven.repo.local=/Users/hadiranjbar/Downloads/java/token.usage/investigation/.m2 -Pinvestigation -Dtest=FailureCasesTest -Dexperiment.case=02 -Dexperiment.artifactDir=/Users/hadiranjbar/Downloads/java/token.usage/investigation/raw/v1/02/p1/1 -Dexperiment.reportDir=/Users/hadiranjbar/Downloads/java/token.usage/investigation/raw/v1/02/p1/1/reports -Dspring.output.ansi.enabled=never -Dspring.profiles.active=p1 surefire:test,investigation/raw/v1/02/p1/1/reports/TEST-com.ai.token.experiment.FailureCasesTest.xml,test-runner report,39bf78ada8b080b143df86f88859a2d4932f07887641c38e73944669ca0c5cfb,40755,212,12524,tiktoken 0.14.0 o200k_base
02,p1,1,1,True,True,cannot initialize client,mvn -o -B -ntp -Dmaven.repo.local=/Users/hadiranjbar/Downloads/java/token.usage/investigation/.m2 -Pinvestigation -Dtest=FailureCasesTest -Dexperiment.case=02 -Dexperiment.artifactDir=/Users/hadiranjbar/Downloads/java/token.usage/investigation/raw/v1/02/p1/1 -Dexperiment.reportDir=/Users/hadiranjbar/Downloads/java/token.usage/investigation/raw/v1/02/p1/1/reports -Dspring.output.ansi.enabled=never -Dspring.profiles.active=p1 surefire:test,investigation/raw/v1/02/p1/1/reports/com.ai.token.experiment.FailureCasesTest.txt,test-runner report,7ed625dfd5ecb3f87961858094585c13e3df4a9c621f5746845ad01f557530b6,1304,22,303,tiktoken 0.14.0 o200k_base
02,p1,1,1,True,True,cannot initialize client,mvn -o -B -ntp -Dmaven.repo.local=/Users/hadiranjbar/Downloads/java/token.usage/investigation/.m2 -Pinvestigation -Dtest=FailureCasesTest -Dexperiment.case=02 -Dexperiment.artifactDir=/Users/hadiranjbar/Downloads/java/token.usage/investigation/raw/v1/02/p1/1 -Dexperiment.reportDir=/Users/hadiranjbar/Downloads/java/token.usage/investigation/raw/v1/02/p1/1/reports -Dspring.output.ansi.enabled=never -Dspring.profiles.active=p1 surefire:test,investigation/raw/v1/02/p1/1/stderr.log,Maven + forked JVM stderr,e3b0c44298fc1c149afbf4c8996fb92427ae41e4649b934ca495991b7852b855,0,0,0,tiktoken 0.14.0 o200k_base
02,p1,1,1,True,True,cannot initialize client,mvn -o -B -ntp -Dmaven.repo.local=/Users/hadiranjbar/Downloads/java/token.usage/investigation/.m2 -Pinvestigation -Dtest=FailureCasesTest -Dexperiment.case=02 -Dexperiment.artifactDir=/Users/hadiranjbar/Downloads/java/token.usage/investigation/raw/v1/02/p1/1 -Dexperiment.reportDir=/Users/hadiranjbar/Downloads/java/token.usage/investigation/raw/v1/02/p1/1/reports -Dspring.output.ansi.enabled=never -Dspring.profiles.active=p1 surefire:test,investigation/raw/v1/02/p1/1/stdout.log,Maven + forked JVM stdout,580e84849cac98bbfee1f6e02ae43cb1e163931832f9c5eaebdad540ae76ecda,16767,174,4732,tiktoken 0.14.0 o200k_base
02,p1,2,1,True,True,cannot initialize client,mvn -o -B -ntp -Dmaven.repo.local=/Users/hadiranjbar/Downloads/java/token.usage/investigation/.m2 -Pinvestigation -Dtest=FailureCasesTest -Dexperiment.case=02 -Dexperiment.artifactDir=/Users/hadiranjbar/Downloads/java/token.usage/investigation/raw/v1/02/p1/2 -Dexperiment.reportDir=/Users/hadiranjbar/Downloads/java/token.usage/investigation/raw/v1/02/p1/2/reports -Dspring.output.ansi.enabled=never -Dspring.profiles.active=p1 surefire:test,investigation/raw/v1/02/p1/2/reports/TEST-com.ai.token.experiment.FailureCasesTest.xml,test-runner report,a46be4657ad7196b1319275c23187eb04925cfa4d055a708929f3deced7ec7ad,40755,212,12524,tiktoken 0.14.0 o200k_base
02,p1,2,1,True,True,cannot initialize client,mvn -o -B -ntp -Dmaven.repo.local=/Users/hadiranjbar/Downloads/java/token.usage/investigation/.m2 -Pinvestigation -Dtest=FailureCasesTest -Dexperiment.case=02 -Dexperiment.artifactDir=/Users/hadiranjbar/Downloads/java/token.usage/investigation/raw/v1/02/p1/2 -Dexperiment.reportDir=/Users/hadiranjbar/Downloads/java/token.usage/investigation/raw/v1/02/p1/2/reports -Dspring.output.ansi.enabled=never -Dspring.profiles.active=p1 surefire:test,investigation/raw/v1/02/p1/2/reports/com.ai.token.experiment.FailureCasesTest.txt,test-runner report,0df35ee72833b3c5713d2428b167ca348acde93a13ae2a1c45d8ddf612659322,1304,22,303,tiktoken 0.14.0 o200k_base
02,p1,2,1,True,True,cannot initialize client,mvn -o -B -ntp -Dmaven.repo.local=/Users/hadiranjbar/Downloads/java/token.usage/investigation/.m2 -Pinvestigation -Dtest=FailureCasesTest -Dexperiment.case=02 -Dexperiment.artifactDir=/Users/hadiranjbar/Downloads/java/token.usage/investigation/raw/v1/02/p1/2 -Dexperiment.reportDir=/Users/hadiranjbar/Downloads/java/token.usage/investigation/raw/v1/02/p1/2/reports -Dspring.output.ansi.enabled=never -Dspring.profiles.active=p1 surefire:test,investigation/raw/v1/02/p1/2/stderr.log,Maven + forked JVM stderr,e3b0c44298fc1c149afbf4c8996fb92427ae41e4649b934ca495991b7852b855,0,0,0,tiktoken 0.14.0 o200k_base
02,p1,2,1,True,True,cannot initialize client,mvn -o -B -ntp -Dmaven.repo.local=/Users/hadiranjbar/Downloads/java/token.usage/investigation/.m2 -Pinvestigation -Dtest=FailureCasesTest -Dexperiment.case=02 -Dexperiment.artifactDir=/Users/hadiranjbar/Downloads/java/token.usage/investigation/raw/v1/02/p1/2 -Dexperiment.reportDir=/Users/hadiranjbar/Downloads/java/token.usage/investigation/raw/v1/02/p1/2/reports -Dspring.output.ansi.enabled=never -Dspring.profiles.active=p1 surefire:test,investigation/raw/v1/02/p1/2/stdout.log,Maven + forked JVM stdout,01c51f285e53bc83cfcde952a76cb1e4864c2c0a165d91af944acf069dc40548,16767,174,4732,tiktoken 0.14.0 o200k_base
02,p1,3,1,True,True,cannot initialize client,mvn -o -B -ntp -Dmaven.repo.local=/Users/hadiranjbar/Downloads/java/token.usage/investigation/.m2 -Pinvestigation -Dtest=FailureCasesTest -Dexperiment.case=02 -Dexperiment.artifactDir=/Users/hadiranjbar/Downloads/java/token.usage/investigation/raw/v1/02/p1/3 -Dexperiment.reportDir=/Users/hadiranjbar/Downloads/java/token.usage/investigation/raw/v1/02/p1/3/reports -Dspring.output.ansi.enabled=never -Dspring.profiles.active=p1 surefire:test,investigation/raw/v1/02/p1/3/reports/TEST-com.ai.token.experiment.FailureCasesTest.xml,test-runner report,3cde8f4ce22425376be6f206c0a339d4adc33b27181eaede3adeccc7275e50f6,40758,212,12525,tiktoken 0.14.0 o200k_base
02,p1,3,1,True,True,cannot initialize client,mvn -o -B -ntp -Dmaven.repo.local=/Users/hadiranjbar/Downloads/java/token.usage/investigation/.m2 -Pinvestigation -Dtest=FailureCasesTest -Dexperiment.case=02 -Dexperiment.artifactDir=/Users/hadiranjbar/Downloads/java/token.usage/investigation/raw/v1/02/p1/3 -Dexperiment.reportDir=/Users/hadiranjbar/Downloads/java/token.usage/investigation/raw/v1/02/p1/3/reports -Dspring.output.ansi.enabled=never -Dspring.profiles.active=p1 surefire:test,investigation/raw/v1/02/p1/3/reports/com.ai.token.experiment.FailureCasesTest.txt,test-runner report,4bd71b84e049bd1769d1f28a010a4580c2006a13c0c2c652106acc0f57224710,1304,22,303,tiktoken 0.14.0 o200k_base
02,p1,3,1,True,True,cannot initialize client,mvn -o -B -ntp -Dmaven.repo.local=/Users/hadiranjbar/Downloads/java/token.usage/investigation/.m2 -Pinvestigation -Dtest=FailureCasesTest -Dexperiment.case=02 -Dexperiment.artifactDir=/Users/hadiranjbar/Downloads/java/token.usage/investigation/raw/v1/02/p1/3 -Dexperiment.reportDir=/Users/hadiranjbar/Downloads/java/token.usage/investigation/raw/v1/02/p1/3/reports -Dspring.output.ansi.enabled=never -Dspring.profiles.active=p1 surefire:test,investigation/raw/v1/02/p1/3/stderr.log,Maven + forked JVM stderr,e3b0c44298fc1c149afbf4c8996fb92427ae41e4649b934ca495991b7852b855,0,0,0,tiktoken 0.14.0 o200k_base
02,p1,3,1,True,True,cannot initialize client,mvn -o -B -ntp -Dmaven.repo.local=/Users/hadiranjbar/Downloads/java/token.usage/investigation/.m2 -Pinvestigation -Dtest=FailureCasesTest -Dexperiment.case=02 -Dexperiment.artifactDir=/Users/hadiranjbar/Downloads/java/token.usage/investigation/raw/v1/02/p1/3 -Dexperiment.reportDir=/Users/hadiranjbar/Downloads/java/token.usage/investigation/raw/v1/02/p1/3/reports -Dspring.output.ansi.enabled=never -Dspring.profiles.active=p1 surefire:test,investigation/raw/v1/02/p1/3/stdout.log,Maven + forked JVM stdout,40afff1eff4358769bb832b0d565d7bee28887b576116052f2e56ff10ab9296a,16767,174,4732,tiktoken 0.14.0 o200k_base
02,p2,1,1,True,True,cannot initialize client,mvn -o -B -ntp -Dmaven.repo.local=/Users/hadiranjbar/Downloads/java/token.usage/investigation/.m2 -Pinvestigation -Dtest=FailureCasesTest -Dexperiment.case=02 -Dexperiment.artifactDir=/Users/hadiranjbar/Downloads/java/token.usage/investigation/raw/v1/02/p2/1 -Dexperiment.reportDir=/Users/hadiranjbar/Downloads/java/token.usage/investigation/raw/v1/02/p2/1/reports -Dspring.output.ansi.enabled=never -Dspring.profiles.active=p2 surefire:test,investigation/raw/v1/02/p2/1/reports/TEST-com.ai.token.experiment.FailureCasesTest.xml,test-runner report,259f62a5d2429d4eee3021f2c66358f98ada6b6964025905e13515a78c3e69e8,40975,211,12611,tiktoken 0.14.0 o200k_base
02,p2,1,1,True,True,cannot initialize client,mvn -o -B -ntp -Dmaven.repo.local=/Users/hadiranjbar/Downloads/java/token.usage/investigation/.m2 -Pinvestigation -Dtest=FailureCasesTest -Dexperiment.case=02 -Dexperiment.artifactDir=/Users/hadiranjbar/Downloads/java/token.usage/investigation/raw/v1/02/p2/1 -Dexperiment.reportDir=/Users/hadiranjbar/Downloads/java/token.usage/investigation/raw/v1/02/p2/1/reports -Dspring.output.ansi.enabled=never -Dspring.profiles.active=p2 surefire:test,investigation/raw/v1/02/p2/1/reports/com.ai.token.experiment.FailureCasesTest.txt,test-runner report,4ea837e43c7d91628c2bba13b02603270389e8f35590072b060c4ed8d244fb0c,1304,22,303,tiktoken 0.14.0 o200k_base
02,p2,1,1,True,True,cannot initialize client,mvn -o -B -ntp -Dmaven.repo.local=/Users/hadiranjbar/Downloads/java/token.usage/investigation/.m2 -Pinvestigation -Dtest=FailureCasesTest -Dexperiment.case=02 -Dexperiment.artifactDir=/Users/hadiranjbar/Downloads/java/token.usage/investigation/raw/v1/02/p2/1 -Dexperiment.reportDir=/Users/hadiranjbar/Downloads/java/token.usage/investigation/raw/v1/02/p2/1/reports -Dspring.output.ansi.enabled=never -Dspring.profiles.active=p2 surefire:test,investigation/raw/v1/02/p2/1/stderr.log,Maven + forked JVM stderr,e3b0c44298fc1c149afbf4c8996fb92427ae41e4649b934ca495991b7852b855,0,0,0,tiktoken 0.14.0 o200k_base
02,p2,1,1,True,True,cannot initialize client,mvn -o -B -ntp -Dmaven.repo.local=/Users/hadiranjbar/Downloads/java/token.usage/investigation/.m2 -Pinvestigation -Dtest=FailureCasesTest -Dexperiment.case=02 -Dexperiment.artifactDir=/Users/hadiranjbar/Downloads/java/token.usage/investigation/raw/v1/02/p2/1 -Dexperiment.reportDir=/Users/hadiranjbar/Downloads/java/token.usage/investigation/raw/v1/02/p2/1/reports -Dspring.output.ansi.enabled=never -Dspring.profiles.active=p2 surefire:test,investigation/raw/v1/02/p2/1/stdout.log,Maven + forked JVM stdout,a1bd78536e905264e66df4ec76b2fa2d6175f40acb6ed7a1b2eeaff5ca8cb3d2,17096,174,4856,tiktoken 0.14.0 o200k_base
02,p2,2,1,True,True,cannot initialize client,mvn -o -B -ntp -Dmaven.repo.local=/Users/hadiranjbar/Downloads/java/token.usage/investigation/.m2 -Pinvestigation -Dtest=FailureCasesTest -Dexperiment.case=02 -Dexperiment.artifactDir=/Users/hadiranjbar/Downloads/java/token.usage/investigation/raw/v1/02/p2/2 -Dexperiment.reportDir=/Users/hadiranjbar/Downloads/java/token.usage/investigation/raw/v1/02/p2/2/reports -Dspring.output.ansi.enabled=never -Dspring.profiles.active=p2 surefire:test,investigation/raw/v1/02/p2/2/reports/TEST-com.ai.token.experiment.FailureCasesTest.xml,test-runner report,40e03c5a56588058b6e5f4936e2348641443f87aa71dfae1d0d0cb0ca5d28bf2,40975,211,12611,tiktoken 0.14.0 o200k_base
02,p2,2,1,True,True,cannot initialize client,mvn -o -B -ntp -Dmaven.repo.local=/Users/hadiranjbar/Downloads/java/token.usage/investigation/.m2 -Pinvestigation -Dtest=FailureCasesTest -Dexperiment.case=02 -Dexperiment.artifactDir=/Users/hadiranjbar/Downloads/java/token.usage/investigation/raw/v1/02/p2/2 -Dexperiment.reportDir=/Users/hadiranjbar/Downloads/java/token.usage/investigation/raw/v1/02/p2/2/reports -Dspring.output.ansi.enabled=never -Dspring.profiles.active=p2 surefire:test,investigation/raw/v1/02/p2/2/reports/com.ai.token.experiment.FailureCasesTest.txt,test-runner report,a1f55cbac0bf671707cce14d991800ba41a7461e2e43702f55737b4aa3a9424a,1304,22,303,tiktoken 0.14.0 o200k_base
02,p2,2,1,True,True,cannot initialize client,mvn -o -B -ntp -Dmaven.repo.local=/Users/hadiranjbar/Downloads/java/token.usage/investigation/.m2 -Pinvestigation -Dtest=FailureCasesTest -Dexperiment.case=02 -Dexperiment.artifactDir=/Users/hadiranjbar/Downloads/java/token.usage/investigation/raw/v1/02/p2/2 -Dexperiment.reportDir=/Users/hadiranjbar/Downloads/java/token.usage/investigation/raw/v1/02/p2/2/reports -Dspring.output.ansi.enabled=never -Dspring.profiles.active=p2 surefire:test,investigation/raw/v1/02/p2/2/stderr.log,Maven + forked JVM stderr,e3b0c44298fc1c149afbf4c8996fb92427ae41e4649b934ca495991b7852b855,0,0,0,tiktoken 0.14.0 o200k_base
02,p2,2,1,True,True,cannot initialize client,mvn -o -B -ntp -Dmaven.repo.local=/Users/hadiranjbar/Downloads/java/token.usage/investigation/.m2 -Pinvestigation -Dtest=FailureCasesTest -Dexperiment.case=02 -Dexperiment.artifactDir=/Users/hadiranjbar/Downloads/java/token.usage/investigation/raw/v1/02/p2/2 -Dexperiment.reportDir=/Users/hadiranjbar/Downloads/java/token.usage/investigation/raw/v1/02/p2/2/reports -Dspring.output.ansi.enabled=never -Dspring.profiles.active=p2 surefire:test,investigation/raw/v1/02/p2/2/stdout.log,Maven + forked JVM stdout,d6fd575c5d299e0ed24688c81f0f419c3d0fe0d5ed56e5753956934469c30cb5,17096,174,4856,tiktoken 0.14.0 o200k_base
02,p2,3,1,True,True,cannot initialize client,mvn -o -B -ntp -Dmaven.repo.local=/Users/hadiranjbar/Downloads/java/token.usage/investigation/.m2 -Pinvestigation -Dtest=FailureCasesTest -Dexperiment.case=02 -Dexperiment.artifactDir=/Users/hadiranjbar/Downloads/java/token.usage/investigation/raw/v1/02/p2/3 -Dexperiment.reportDir=/Users/hadiranjbar/Downloads/java/token.usage/investigation/raw/v1/02/p2/3/reports -Dspring.output.ansi.enabled=never -Dspring.profiles.active=p2 surefire:test,investigation/raw/v1/02/p2/3/reports/TEST-com.ai.token.experiment.FailureCasesTest.xml,test-runner report,0ae3f6f0fc3a543dea66adb1614afc1e92ceb56106fb05431c62917ba978b73f,40978,211,12612,tiktoken 0.14.0 o200k_base
02,p2,3,1,True,True,cannot initialize client,mvn -o -B -ntp -Dmaven.repo.local=/Users/hadiranjbar/Downloads/java/token.usage/investigation/.m2 -Pinvestigation -Dtest=FailureCasesTest -Dexperiment.case=02 -Dexperiment.artifactDir=/Users/hadiranjbar/Downloads/java/token.usage/investigation/raw/v1/02/p2/3 -Dexperiment.reportDir=/Users/hadiranjbar/Downloads/java/token.usage/investigation/raw/v1/02/p2/3/reports -Dspring.output.ansi.enabled=never -Dspring.profiles.active=p2 surefire:test,investigation/raw/v1/02/p2/3/reports/com.ai.token.experiment.FailureCasesTest.txt,test-runner report,35cf7537ace097167d1d9e2f5fe6dd795edca3845febc8f5068270adbf96f364,1304,22,303,tiktoken 0.14.0 o200k_base
02,p2,3,1,True,True,cannot initialize client,mvn -o -B -ntp -Dmaven.repo.local=/Users/hadiranjbar/Downloads/java/token.usage/investigation/.m2 -Pinvestigation -Dtest=FailureCasesTest -Dexperiment.case=02 -Dexperiment.artifactDir=/Users/hadiranjbar/Downloads/java/token.usage/investigation/raw/v1/02/p2/3 -Dexperiment.reportDir=/Users/hadiranjbar/Downloads/java/token.usage/investigation/raw/v1/02/p2/3/reports -Dspring.output.ansi.enabled=never -Dspring.profiles.active=p2 surefire:test,investigation/raw/v1/02/p2/3/stderr.log,Maven + forked JVM stderr,e3b0c44298fc1c149afbf4c8996fb92427ae41e4649b934ca495991b7852b855,0,0,0,tiktoken 0.14.0 o200k_base
02,p2,3,1,True,True,cannot initialize client,mvn -o -B -ntp -Dmaven.repo.local=/Users/hadiranjbar/Downloads/java/token.usage/investigation/.m2 -Pinvestigation -Dtest=FailureCasesTest -Dexperiment.case=02 -Dexperiment.artifactDir=/Users/hadiranjbar/Downloads/java/token.usage/investigation/raw/v1/02/p2/3 -Dexperiment.reportDir=/Users/hadiranjbar/Downloads/java/token.usage/investigation/raw/v1/02/p2/3/reports -Dspring.output.ansi.enabled=never -Dspring.profiles.active=p2 surefire:test,investigation/raw/v1/02/p2/3/stdout.log,Maven + forked JVM stdout,cee13b5ff528b44dfe33374ba2b449804569ed85e6b3414b86c8343a130b0b2c,17095,174,4856,tiktoken 0.14.0 o200k_base
02,p4,1,1,True,True,cannot initialize client,"mvn -o -B -ntp -Dmaven.repo.local=/Users/hadiranjbar/Downloads/java/token.usage/investigation/.m2 -Pinvestigation,agent-reports -Dtest=FailureCasesTest -Dexperiment.case=02 -Dexperiment.artifactDir=/Users/hadiranjbar/Downloads/java/token.usage/investigation/raw/v1/02/p4/1 -Dexperiment.reportDir=/Users/hadiranjbar/Downloads/java/token.usage/investigation/raw/v1/02/p4/1/reports -Dspring.output.ansi.enabled=never surefire:test",investigation/raw/v1/02/p4/1/reports/TEST-com.ai.token.experiment.FailureCasesTest.xml,test-runner report,418777306e32d56a64e80b010fa52f9b33dfdab8c554febbce5393b39dd58735,40357,200,12424,tiktoken 0.14.0 o200k_base
02,p4,1,1,True,True,cannot initialize client,"mvn -o -B -ntp -Dmaven.repo.local=/Users/hadiranjbar/Downloads/java/token.usage/investigation/.m2 -Pinvestigation,agent-reports -Dtest=FailureCasesTest -Dexperiment.case=02 -Dexperiment.artifactDir=/Users/hadiranjbar/Downloads/java/token.usage/investigation/raw/v1/02/p4/1 -Dexperiment.reportDir=/Users/hadiranjbar/Downloads/java/token.usage/investigation/raw/v1/02/p4/1/reports -Dspring.output.ansi.enabled=never surefire:test",investigation/raw/v1/02/p4/1/reports/com.ai.token.experiment.FailureCasesTest.txt,test-runner report,ec4ba9c86ffcff093b8e0a34294d402f12e1f2f8c5195ffe87d3d22e788cb48d,853,12,186,tiktoken 0.14.0 o200k_base
02,p4,1,1,True,True,cannot initialize client,"mvn -o -B -ntp -Dmaven.repo.local=/Users/hadiranjbar/Downloads/java/token.usage/investigation/.m2 -Pinvestigation,agent-reports -Dtest=FailureCasesTest -Dexperiment.case=02 -Dexperiment.artifactDir=/Users/hadiranjbar/Downloads/java/token.usage/investigation/raw/v1/02/p4/1 -Dexperiment.reportDir=/Users/hadiranjbar/Downloads/java/token.usage/investigation/raw/v1/02/p4/1/reports -Dspring.output.ansi.enabled=never surefire:test",investigation/raw/v1/02/p4/1/stderr.log,Maven + forked JVM stderr,e3b0c44298fc1c149afbf4c8996fb92427ae41e4649b934ca495991b7852b855,0,0,0,tiktoken 0.14.0 o200k_base
02,p4,1,1,True,True,cannot initialize client,"mvn -o -B -ntp -Dmaven.repo.local=/Users/hadiranjbar/Downloads/java/token.usage/investigation/.m2 -Pinvestigation,agent-reports -Dtest=FailureCasesTest -Dexperiment.case=02 -Dexperiment.artifactDir=/Users/hadiranjbar/Downloads/java/token.usage/investigation/raw/v1/02/p4/1 -Dexperiment.reportDir=/Users/hadiranjbar/Downloads/java/token.usage/investigation/raw/v1/02/p4/1/reports -Dspring.output.ansi.enabled=never surefire:test",investigation/raw/v1/02/p4/1/stdout.log,Maven + forked JVM stdout,130bd7b1ae3d24dd6781340210d9f220e45c51ba610da9ad22e52b344bf12db5,16531,164,4683,tiktoken 0.14.0 o200k_base
02,p4,2,1,True,True,cannot initialize client,"mvn -o -B -ntp -Dmaven.repo.local=/Users/hadiranjbar/Downloads/java/token.usage/investigation/.m2 -Pinvestigation,agent-reports -Dtest=FailureCasesTest -Dexperiment.case=02 -Dexperiment.artifactDir=/Users/hadiranjbar/Downloads/java/token.usage/investigation/raw/v1/02/p4/2 -Dexperiment.reportDir=/Users/hadiranjbar/Downloads/java/token.usage/investigation/raw/v1/02/p4/2/reports -Dspring.output.ansi.enabled=never surefire:test",investigation/raw/v1/02/p4/2/reports/TEST-com.ai.token.experiment.FailureCasesTest.xml,test-runner report,5122e8fccc1a7026fc048339884112a7020e08ade89e1e5fae3ae5461e2b29ce,40356,200,12424,tiktoken 0.14.0 o200k_base
02,p4,2,1,True,True,cannot initialize client,"mvn -o -B -ntp -Dmaven.repo.local=/Users/hadiranjbar/Downloads/java/token.usage/investigation/.m2 -Pinvestigation,agent-reports -Dtest=FailureCasesTest -Dexperiment.case=02 -Dexperiment.artifactDir=/Users/hadiranjbar/Downloads/java/token.usage/investigation/raw/v1/02/p4/2 -Dexperiment.reportDir=/Users/hadiranjbar/Downloads/java/token.usage/investigation/raw/v1/02/p4/2/reports -Dspring.output.ansi.enabled=never surefire:test",investigation/raw/v1/02/p4/2/reports/com.ai.token.experiment.FailureCasesTest.txt,test-runner report,6abf93adc6f08c343a3d44c1bbf3d3f2a707e075efab0095d5ca291bba358641,853,12,186,tiktoken 0.14.0 o200k_base
02,p4,2,1,True,True,cannot initialize client,"mvn -o -B -ntp -Dmaven.repo.local=/Users/hadiranjbar/Downloads/java/token.usage/investigation/.m2 -Pinvestigation,agent-reports -Dtest=FailureCasesTest -Dexperiment.case=02 -Dexperiment.artifactDir=/Users/hadiranjbar/Downloads/java/token.usage/investigation/raw/v1/02/p4/2 -Dexperiment.reportDir=/Users/hadiranjbar/Downloads/java/token.usage/investigation/raw/v1/02/p4/2/reports -Dspring.output.ansi.enabled=never surefire:test",investigation/raw/v1/02/p4/2/stderr.log,Maven + forked JVM stderr,e3b0c44298fc1c149afbf4c8996fb92427ae41e4649b934ca495991b7852b855,0,0,0,tiktoken 0.14.0 o200k_base
02,p4,2,1,True,True,cannot initialize client,"mvn -o -B -ntp -Dmaven.repo.local=/Users/hadiranjbar/Downloads/java/token.usage/investigation/.m2 -Pinvestigation,agent-reports -Dtest=FailureCasesTest -Dexperiment.case=02 -Dexperiment.artifactDir=/Users/hadiranjbar/Downloads/java/token.usage/investigation/raw/v1/02/p4/2 -Dexperiment.reportDir=/Users/hadiranjbar/Downloads/java/token.usage/investigation/raw/v1/02/p4/2/reports -Dspring.output.ansi.enabled=never surefire:test",investigation/raw/v1/02/p4/2/stdout.log,Maven + forked JVM stdout,de2c2e075c51c75c36ce871692e04ae192de9b6814b1eca9cf463ddd66bc52e4,16531,164,4683,tiktoken 0.14.0 o200k_base
02,p4,3,1,True,True,cannot initialize client,"mvn -o -B -ntp -Dmaven.repo.local=/Users/hadiranjbar/Downloads/java/token.usage/investigation/.m2 -Pinvestigation,agent-reports -Dtest=FailureCasesTest -Dexperiment.case=02 -Dexperiment.artifactDir=/Users/hadiranjbar/Downloads/java/token.usage/investigation/raw/v1/02/p4/3 -Dexperiment.reportDir=/Users/hadiranjbar/Downloads/java/token.usage/investigation/raw/v1/02/p4/3/reports -Dspring.output.ansi.enabled=never surefire:test",investigation/raw/v1/02/p4/3/reports/TEST-com.ai.token.experiment.FailureCasesTest.xml,test-runner report,bad5e7ce6e15fd96d8ad34d8e6ac2552e4569cb11025d4771e1bcb69b9b0c293,40353,200,12423,tiktoken 0.14.0 o200k_base
02,p4,3,1,True,True,cannot initialize client,"mvn -o -B -ntp -Dmaven.repo.local=/Users/hadiranjbar/Downloads/java/token.usage/investigation/.m2 -Pinvestigation,agent-reports -Dtest=FailureCasesTest -Dexperiment.case=02 -Dexperiment.artifactDir=/Users/hadiranjbar/Downloads/java/token.usage/investigation/raw/v1/02/p4/3 -Dexperiment.reportDir=/Users/hadiranjbar/Downloads/java/token.usage/investigation/raw/v1/02/p4/3/reports -Dspring.output.ansi.enabled=never surefire:test",investigation/raw/v1/02/p4/3/reports/com.ai.token.experiment.FailureCasesTest.txt,test-runner report,20418aeb15f56b04e2eba897bd6bddc26b0603de04e2aa80a9b3c5fcc7e49b5c,853,12,186,tiktoken 0.14.0 o200k_base
02,p4,3,1,True,True,cannot initialize client,"mvn -o -B -ntp -Dmaven.repo.local=/Users/hadiranjbar/Downloads/java/token.usage/investigation/.m2 -Pinvestigation,agent-reports -Dtest=FailureCasesTest -Dexperiment.case=02 -Dexperiment.artifactDir=/Users/hadiranjbar/Downloads/java/token.usage/investigation/raw/v1/02/p4/3 -Dexperiment.reportDir=/Users/hadiranjbar/Downloads/java/token.usage/investigation/raw/v1/02/p4/3/reports -Dspring.output.ansi.enabled=never surefire:test",investigation/raw/v1/02/p4/3/stderr.log,Maven + forked JVM stderr,e3b0c44298fc1c149afbf4c8996fb92427ae41e4649b934ca495991b7852b855,0,0,0,tiktoken 0.14.0 o200k_base
02,p4,3,1,True,True,cannot initialize client,"mvn -o -B -ntp -Dmaven.repo.local=/Users/hadiranjbar/Downloads/java/token.usage/investigation/.m2 -Pinvestigation,agent-reports -Dtest=FailureCasesTest -Dexperiment.case=02 -Dexperiment.artifactDir=/Users/hadiranjbar/Downloads/java/token.usage/investigation/raw/v1/02/p4/3 -Dexperiment.reportDir=/Users/hadiranjbar/Downloads/java/token.usage/investigation/raw/v1/02/p4/3/reports -Dspring.output.ansi.enabled=never surefire:test",investigation/raw/v1/02/p4/3/stdout.log,Maven + forked JVM stdout,ab1f0817abd597631dd917b7a0b9a69c0f45a59951e1eaed236550d33b340c86,16531,164,4683,tiktoken 0.14.0 o200k_base
03,agent,1,1,True,True,expected: <200> but was: <400>,"mvn -o -B -ntp -Dmaven.repo.local=/Users/hadiranjbar/Downloads/java/token.usage/investigation/.m2 -Pinvestigation,agent-reports -Dtest=FailureCasesTest -Dexperiment.case=03 -Dexperiment.artifactDir=/Users/hadiranjbar/Downloads/java/token.usage/investigation/raw/v1/03/agent/1 -Dexperiment.reportDir=/Users/hadiranjbar/Downloads/java/token.usage/investigation/raw/v1/03/agent/1/reports -Dspring.output.ansi.enabled=never -Dspring.profiles.active=agent -Dexperiment.deduplicate=true surefire:test",investigation/raw/v1/03/agent/1/reports/TEST-com.ai.token.experiment.FailureCasesTest.xml,test-runner report,7c2c3afe9a4804d694ed2a90845ea1df677cabd91859cf2c0506167ef0a25b6a,33631,148,10469,tiktoken 0.14.0 o200k_base
03,agent,1,1,True,True,expected: <200> but was: <400>,"mvn -o -B -ntp -Dmaven.repo.local=/Users/hadiranjbar/Downloads/java/token.usage/investigation/.m2 -Pinvestigation,agent-reports -Dtest=FailureCasesTest -Dexperiment.case=03 -Dexperiment.artifactDir=/Users/hadiranjbar/Downloads/java/token.usage/investigation/raw/v1/03/agent/1 -Dexperiment.reportDir=/Users/hadiranjbar/Downloads/java/token.usage/investigation/raw/v1/03/agent/1/reports -Dspring.output.ansi.enabled=never -Dspring.profiles.active=agent -Dexperiment.deduplicate=true surefire:test",investigation/raw/v1/03/agent/1/reports/com.ai.token.experiment.FailureCasesTest.txt,test-runner report,648ab075f5e8b9f7e0a60d4ee7c6b163d1e140ead6c49e32479215e30a2b7a8c,607,8,132,tiktoken 0.14.0 o200k_base
03,agent,1,1,True,True,expected: <200> but was: <400>,"mvn -o -B -ntp -Dmaven.repo.local=/Users/hadiranjbar/Downloads/java/token.usage/investigation/.m2 -Pinvestigation,agent-reports -Dtest=FailureCasesTest -Dexperiment.case=03 -Dexperiment.artifactDir=/Users/hadiranjbar/Downloads/java/token.usage/investigation/raw/v1/03/agent/1 -Dexperiment.reportDir=/Users/hadiranjbar/Downloads/java/token.usage/investigation/raw/v1/03/agent/1/reports -Dspring.output.ansi.enabled=never -Dspring.profiles.active=agent -Dexperiment.deduplicate=true surefire:test",investigation/raw/v1/03/agent/1/stderr.log,Maven + forked JVM stderr,e3b0c44298fc1c149afbf4c8996fb92427ae41e4649b934ca495991b7852b855,0,0,0,tiktoken 0.14.0 o200k_base
03,agent,1,1,True,True,expected: <200> but was: <400>,"mvn -o -B -ntp -Dmaven.repo.local=/Users/hadiranjbar/Downloads/java/token.usage/investigation/.m2 -Pinvestigation,agent-reports -Dtest=FailureCasesTest -Dexperiment.case=03 -Dexperiment.artifactDir=/Users/hadiranjbar/Downloads/java/token.usage/investigation/raw/v1/03/agent/1 -Dexperiment.reportDir=/Users/hadiranjbar/Downloads/java/token.usage/investigation/raw/v1/03/agent/1/reports -Dspring.output.ansi.enabled=never -Dspring.profiles.active=agent -Dexperiment.deduplicate=true surefire:test",investigation/raw/v1/03/agent/1/stdout.log,Maven + forked JVM stdout,721a2562331697eeedd8bb503f99f60469b5deefac863294c16d2ad3f5f070ab,9401,109,2586,tiktoken 0.14.0 o200k_base
03,agent,2,1,True,True,expected: <200> but was: <400>,"mvn -o -B -ntp -Dmaven.repo.local=/Users/hadiranjbar/Downloads/java/token.usage/investigation/.m2 -Pinvestigation,agent-reports -Dtest=FailureCasesTest -Dexperiment.case=03 -Dexperiment.artifactDir=/Users/hadiranjbar/Downloads/java/token.usage/investigation/raw/v1/03/agent/2 -Dexperiment.reportDir=/Users/hadiranjbar/Downloads/java/token.usage/investigation/raw/v1/03/agent/2/reports -Dspring.output.ansi.enabled=never -Dspring.profiles.active=agent -Dexperiment.deduplicate=true surefire:test",investigation/raw/v1/03/agent/2/reports/TEST-com.ai.token.experiment.FailureCasesTest.xml,test-runner report,39302a3d345148afcbbed8826f877302764f438b4b28b904f843594d82733493,33629,148,10469,tiktoken 0.14.0 o200k_base
03,agent,2,1,True,True,expected: <200> but was: <400>,"mvn -o -B -ntp -Dmaven.repo.local=/Users/hadiranjbar/Downloads/java/token.usage/investigation/.m2 -Pinvestigation,agent-reports -Dtest=FailureCasesTest -Dexperiment.case=03 -Dexperiment.artifactDir=/Users/hadiranjbar/Downloads/java/token.usage/investigation/raw/v1/03/agent/2 -Dexperiment.reportDir=/Users/hadiranjbar/Downloads/java/token.usage/investigation/raw/v1/03/agent/2/reports -Dspring.output.ansi.enabled=never -Dspring.profiles.active=agent -Dexperiment.deduplicate=true surefire:test",investigation/raw/v1/03/agent/2/reports/com.ai.token.experiment.FailureCasesTest.txt,test-runner report,264366869843b2bc7f2ab944993c15e51dbea6b480ee58b1a1712a6b378566c6,607,8,132,tiktoken 0.14.0 o200k_base
03,agent,2,1,True,True,expected: <200> but was: <400>,"mvn -o -B -ntp -Dmaven.repo.local=/Users/hadiranjbar/Downloads/java/token.usage/investigation/.m2 -Pinvestigation,agent-reports -Dtest=FailureCasesTest -Dexperiment.case=03 -Dexperiment.artifactDir=/Users/hadiranjbar/Downloads/java/token.usage/investigation/raw/v1/03/agent/2 -Dexperiment.reportDir=/Users/hadiranjbar/Downloads/java/token.usage/investigation/raw/v1/03/agent/2/reports -Dspring.output.ansi.enabled=never -Dspring.profiles.active=agent -Dexperiment.deduplicate=true surefire:test",investigation/raw/v1/03/agent/2/stderr.log,Maven + forked JVM stderr,e3b0c44298fc1c149afbf4c8996fb92427ae41e4649b934ca495991b7852b855,0,0,0,tiktoken 0.14.0 o200k_base
03,agent,2,1,True,True,expected: <200> but was: <400>,"mvn -o -B -ntp -Dmaven.repo.local=/Users/hadiranjbar/Downloads/java/token.usage/investigation/.m2 -Pinvestigation,agent-reports -Dtest=FailureCasesTest -Dexperiment.case=03 -Dexperiment.artifactDir=/Users/hadiranjbar/Downloads/java/token.usage/investigation/raw/v1/03/agent/2 -Dexperiment.reportDir=/Users/hadiranjbar/Downloads/java/token.usage/investigation/raw/v1/03/agent/2/reports -Dspring.output.ansi.enabled=never -Dspring.profiles.active=agent -Dexperiment.deduplicate=true surefire:test",investigation/raw/v1/03/agent/2/stdout.log,Maven + forked JVM stdout,9c2f5052b6305bd8d6199c9e3535c7a8b5335ad63102d7396c04bec571615eef,9400,109,2586,tiktoken 0.14.0 o200k_base
03,agent,3,1,True,True,expected: <200> but was: <400>,"mvn -o -B -ntp -Dmaven.repo.local=/Users/hadiranjbar/Downloads/java/token.usage/investigation/.m2 -Pinvestigation,agent-reports -Dtest=FailureCasesTest -Dexperiment.case=03 -Dexperiment.artifactDir=/Users/hadiranjbar/Downloads/java/token.usage/investigation/raw/v1/03/agent/3 -Dexperiment.reportDir=/Users/hadiranjbar/Downloads/java/token.usage/investigation/raw/v1/03/agent/3/reports -Dspring.output.ansi.enabled=never -Dspring.profiles.active=agent -Dexperiment.deduplicate=true surefire:test",investigation/raw/v1/03/agent/3/reports/TEST-com.ai.token.experiment.FailureCasesTest.xml,test-runner report,211cfed80164328ecd18054adff6179953d769ef6c252c2d6a993526da3fd2ad,33631,148,10469,tiktoken 0.14.0 o200k_base
03,agent,3,1,True,True,expected: <200> but was: <400>,"mvn -o -B -ntp -Dmaven.repo.local=/Users/hadiranjbar/Downloads/java/token.usage/investigation/.m2 -Pinvestigation,agent-reports -Dtest=FailureCasesTest -Dexperiment.case=03 -Dexperiment.artifactDir=/Users/hadiranjbar/Downloads/java/token.usage/investigation/raw/v1/03/agent/3 -Dexperiment.reportDir=/Users/hadiranjbar/Downloads/java/token.usage/investigation/raw/v1/03/agent/3/reports -Dspring.output.ansi.enabled=never -Dspring.profiles.active=agent -Dexperiment.deduplicate=true surefire:test",investigation/raw/v1/03/agent/3/reports/com.ai.token.experiment.FailureCasesTest.txt,test-runner report,55ca662e5dd0f56c9725dcdf410199cafbead4b09c97419cd4f9484c569c1027,607,8,132,tiktoken 0.14.0 o200k_base
03,agent,3,1,True,True,expected: <200> but was: <400>,"mvn -o -B -ntp -Dmaven.repo.local=/Users/hadiranjbar/Downloads/java/token.usage/investigation/.m2 -Pinvestigation,agent-reports -Dtest=FailureCasesTest -Dexperiment.case=03 -Dexperiment.artifactDir=/Users/hadiranjbar/Downloads/java/token.usage/investigation/raw/v1/03/agent/3 -Dexperiment.reportDir=/Users/hadiranjbar/Downloads/java/token.usage/investigation/raw/v1/03/agent/3/reports -Dspring.output.ansi.enabled=never -Dspring.profiles.active=agent -Dexperiment.deduplicate=true surefire:test",investigation/raw/v1/03/agent/3/stderr.log,Maven + forked JVM stderr,e3b0c44298fc1c149afbf4c8996fb92427ae41e4649b934ca495991b7852b855,0,0,0,tiktoken 0.14.0 o200k_base
03,agent,3,1,True,True,expected: <200> but was: <400>,"mvn -o -B -ntp -Dmaven.repo.local=/Users/hadiranjbar/Downloads/java/token.usage/investigation/.m2 -Pinvestigation,agent-reports -Dtest=FailureCasesTest -Dexperiment.case=03 -Dexperiment.artifactDir=/Users/hadiranjbar/Downloads/java/token.usage/investigation/raw/v1/03/agent/3 -Dexperiment.reportDir=/Users/hadiranjbar/Downloads/java/token.usage/investigation/raw/v1/03/agent/3/reports -Dspring.output.ansi.enabled=never -Dspring.profiles.active=agent -Dexperiment.deduplicate=true surefire:test",investigation/raw/v1/03/agent/3/stdout.log,Maven + forked JVM stdout,ed6b4b24c983570c84ae0be16ad8d9330efe1355e3bfff8fcdff67c0a347efd9,9401,109,2586,tiktoken 0.14.0 o200k_base
03,default,1,1,True,True,expected: <200> but was: <400>,mvn -o -B -ntp -Dmaven.repo.local=/Users/hadiranjbar/Downloads/java/token.usage/investigation/.m2 -Pinvestigation -Dtest=FailureCasesTest -Dexperiment.case=03 -Dexperiment.artifactDir=/Users/hadiranjbar/Downloads/java/token.usage/investigation/raw/v1/03/default/1 -Dexperiment.reportDir=/Users/hadiranjbar/Downloads/java/token.usage/investigation/raw/v1/03/default/1/reports -Dspring.output.ansi.enabled=never surefire:test,investigation/raw/v1/03/default/1/reports/TEST-com.ai.token.experiment.FailureCasesTest.xml,test-runner report,70cbaa7a6a17ffebdd51e2c2059b2e4b9431c46217123ef33610bd1c1b7415e0,45034,225,13670,tiktoken 0.14.0 o200k_base
03,default,1,1,True,True,expected: <200> but was: <400>,mvn -o -B -ntp -Dmaven.repo.local=/Users/hadiranjbar/Downloads/java/token.usage/investigation/.m2 -Pinvestigation -Dtest=FailureCasesTest -Dexperiment.case=03 -Dexperiment.artifactDir=/Users/hadiranjbar/Downloads/java/token.usage/investigation/raw/v1/03/default/1 -Dexperiment.reportDir=/Users/hadiranjbar/Downloads/java/token.usage/investigation/raw/v1/03/default/1/reports -Dspring.output.ansi.enabled=never surefire:test,investigation/raw/v1/03/default/1/reports/com.ai.token.experiment.FailureCasesTest.txt,test-runner report,7e3bc6a29f30009193abf39d5d81207a618a2241aa52c3e4d056b7b79cd158a2,1016,13,217,tiktoken 0.14.0 o200k_base
03,default,1,1,True,True,expected: <200> but was: <400>,mvn -o -B -ntp -Dmaven.repo.local=/Users/hadiranjbar/Downloads/java/token.usage/investigation/.m2 -Pinvestigation -Dtest=FailureCasesTest -Dexperiment.case=03 -Dexperiment.artifactDir=/Users/hadiranjbar/Downloads/java/token.usage/investigation/raw/v1/03/default/1 -Dexperiment.reportDir=/Users/hadiranjbar/Downloads/java/token.usage/investigation/raw/v1/03/default/1/reports -Dspring.output.ansi.enabled=never surefire:test,investigation/raw/v1/03/default/1/stderr.log,Maven + forked JVM stderr,e3b0c44298fc1c149afbf4c8996fb92427ae41e4649b934ca495991b7852b855,0,0,0,tiktoken 0.14.0 o200k_base
03,default,1,1,True,True,expected: <200> but was: <400>,mvn -o -B -ntp -Dmaven.repo.local=/Users/hadiranjbar/Downloads/java/token.usage/investigation/.m2 -Pinvestigation -Dtest=FailureCasesTest -Dexperiment.case=03 -Dexperiment.artifactDir=/Users/hadiranjbar/Downloads/java/token.usage/investigation/raw/v1/03/default/1 -Dexperiment.reportDir=/Users/hadiranjbar/Downloads/java/token.usage/investigation/raw/v1/03/default/1/reports -Dspring.output.ansi.enabled=never surefire:test,investigation/raw/v1/03/default/1/stdout.log,Maven + forked JVM stdout,5cc41b1cd0bf07d023558be0180662a1436e0f18dd6360f9cc0a1e1af6128696,21196,189,5920,tiktoken 0.14.0 o200k_base
03,default,2,1,True,True,expected: <200> but was: <400>,mvn -o -B -ntp -Dmaven.repo.local=/Users/hadiranjbar/Downloads/java/token.usage/investigation/.m2 -Pinvestigation -Dtest=FailureCasesTest -Dexperiment.case=03 -Dexperiment.artifactDir=/Users/hadiranjbar/Downloads/java/token.usage/investigation/raw/v1/03/default/2 -Dexperiment.reportDir=/Users/hadiranjbar/Downloads/java/token.usage/investigation/raw/v1/03/default/2/reports -Dspring.output.ansi.enabled=never surefire:test,investigation/raw/v1/03/default/2/reports/TEST-com.ai.token.experiment.FailureCasesTest.xml,test-runner report,33a2282a3fa2294811235e02050ccc004aade1e6a48524cc9b8061a27be158bf,45039,225,13671,tiktoken 0.14.0 o200k_base
03,default,2,1,True,True,expected: <200> but was: <400>,mvn -o -B -ntp -Dmaven.repo.local=/Users/hadiranjbar/Downloads/java/token.usage/investigation/.m2 -Pinvestigation -Dtest=FailureCasesTest -Dexperiment.case=03 -Dexperiment.artifactDir=/Users/hadiranjbar/Downloads/java/token.usage/investigation/raw/v1/03/default/2 -Dexperiment.reportDir=/Users/hadiranjbar/Downloads/java/token.usage/investigation/raw/v1/03/default/2/reports -Dspring.output.ansi.enabled=never surefire:test,investigation/raw/v1/03/default/2/reports/com.ai.token.experiment.FailureCasesTest.txt,test-runner report,426d71f8a3bb4e423298b8518abdf1947a4b88f29c707babf97521f7c114f82b,1016,13,217,tiktoken 0.14.0 o200k_base
03,default,2,1,True,True,expected: <200> but was: <400>,mvn -o -B -ntp -Dmaven.repo.local=/Users/hadiranjbar/Downloads/java/token.usage/investigation/.m2 -Pinvestigation -Dtest=FailureCasesTest -Dexperiment.case=03 -Dexperiment.artifactDir=/Users/hadiranjbar/Downloads/java/token.usage/investigation/raw/v1/03/default/2 -Dexperiment.reportDir=/Users/hadiranjbar/Downloads/java/token.usage/investigation/raw/v1/03/default/2/reports -Dspring.output.ansi.enabled=never surefire:test,investigation/raw/v1/03/default/2/stderr.log,Maven + forked JVM stderr,e3b0c44298fc1c149afbf4c8996fb92427ae41e4649b934ca495991b7852b855,0,0,0,tiktoken 0.14.0 o200k_base
03,default,2,1,True,True,expected: <200> but was: <400>,mvn -o -B -ntp -Dmaven.repo.local=/Users/hadiranjbar/Downloads/java/token.usage/investigation/.m2 -Pinvestigation -Dtest=FailureCasesTest -Dexperiment.case=03 -Dexperiment.artifactDir=/Users/hadiranjbar/Downloads/java/token.usage/investigation/raw/v1/03/default/2 -Dexperiment.reportDir=/Users/hadiranjbar/Downloads/java/token.usage/investigation/raw/v1/03/default/2/reports -Dspring.output.ansi.enabled=never surefire:test,investigation/raw/v1/03/default/2/stdout.log,Maven + forked JVM stdout,10e02e2e1cf81b2de076021b1111a8c0c8fb1496f6154502fa24f86ac9e584b0,21197,189,5920,tiktoken 0.14.0 o200k_base
03,default,3,1,True,True,expected: <200> but was: <400>,mvn -o -B -ntp -Dmaven.repo.local=/Users/hadiranjbar/Downloads/java/token.usage/investigation/.m2 -Pinvestigation -Dtest=FailureCasesTest -Dexperiment.case=03 -Dexperiment.artifactDir=/Users/hadiranjbar/Downloads/java/token.usage/investigation/raw/v1/03/default/3 -Dexperiment.reportDir=/Users/hadiranjbar/Downloads/java/token.usage/investigation/raw/v1/03/default/3/reports -Dspring.output.ansi.enabled=never surefire:test,investigation/raw/v1/03/default/3/reports/TEST-com.ai.token.experiment.FailureCasesTest.xml,test-runner report,9632e7a4c28ffd633b74e45577610800b4bb523f31d7312ee837696fe2c5c2bc,45035,225,13670,tiktoken 0.14.0 o200k_base
03,default,3,1,True,True,expected: <200> but was: <400>,mvn -o -B -ntp -Dmaven.repo.local=/Users/hadiranjbar/Downloads/java/token.usage/investigation/.m2 -Pinvestigation -Dtest=FailureCasesTest -Dexperiment.case=03 -Dexperiment.artifactDir=/Users/hadiranjbar/Downloads/java/token.usage/investigation/raw/v1/03/default/3 -Dexperiment.reportDir=/Users/hadiranjbar/Downloads/java/token.usage/investigation/raw/v1/03/default/3/reports -Dspring.output.ansi.enabled=never surefire:test,investigation/raw/v1/03/default/3/reports/com.ai.token.experiment.FailureCasesTest.txt,test-runner report,77c1f487991f30f8a98ddb9b085483ec03dc02df7227813a33de753366f64cd8,1016,13,217,tiktoken 0.14.0 o200k_base
03,default,3,1,True,True,expected: <200> but was: <400>,mvn -o -B -ntp -Dmaven.repo.local=/Users/hadiranjbar/Downloads/java/token.usage/investigation/.m2 -Pinvestigation -Dtest=FailureCasesTest -Dexperiment.case=03 -Dexperiment.artifactDir=/Users/hadiranjbar/Downloads/java/token.usage/investigation/raw/v1/03/default/3 -Dexperiment.reportDir=/Users/hadiranjbar/Downloads/java/token.usage/investigation/raw/v1/03/default/3/reports -Dspring.output.ansi.enabled=never surefire:test,investigation/raw/v1/03/default/3/stderr.log,Maven + forked JVM stderr,e3b0c44298fc1c149afbf4c8996fb92427ae41e4649b934ca495991b7852b855,0,0,0,tiktoken 0.14.0 o200k_base
03,default,3,1,True,True,expected: <200> but was: <400>,mvn -o -B -ntp -Dmaven.repo.local=/Users/hadiranjbar/Downloads/java/token.usage/investigation/.m2 -Pinvestigation -Dtest=FailureCasesTest -Dexperiment.case=03 -Dexperiment.artifactDir=/Users/hadiranjbar/Downloads/java/token.usage/investigation/raw/v1/03/default/3 -Dexperiment.reportDir=/Users/hadiranjbar/Downloads/java/token.usage/investigation/raw/v1/03/default/3/reports -Dspring.output.ansi.enabled=never surefire:test,investigation/raw/v1/03/default/3/stdout.log,Maven + forked JVM stdout,5de61ea64c0dddb2f203bece24727043a406b0d6b92c0b23a9a169e9cf62ecce,21197,189,5920,tiktoken 0.14.0 o200k_base
03,p1,1,1,True,True,expected: <200> but was: <400>,mvn -o -B -ntp -Dmaven.repo.local=/Users/hadiranjbar/Downloads/java/token.usage/investigation/.m2 -Pinvestigation -Dtest=FailureCasesTest -Dexperiment.case=03 -Dexperiment.artifactDir=/Users/hadiranjbar/Downloads/java/token.usage/investigation/raw/v1/03/p1/1 -Dexperiment.reportDir=/Users/hadiranjbar/Downloads/java/token.usage/investigation/raw/v1/03/p1/1/reports -Dspring.output.ansi.enabled=never -Dspring.profiles.active=p1 surefire:test,investigation/raw/v1/03/p1/1/reports/TEST-com.ai.token.experiment.FailureCasesTest.xml,test-runner report,bfd12316a7d311339f673fb5e35eb62c2bdd44c6bcba0ca228574cab459730f4,44740,227,13567,tiktoken 0.14.0 o200k_base
03,p1,1,1,True,True,expected: <200> but was: <400>,mvn -o -B -ntp -Dmaven.repo.local=/Users/hadiranjbar/Downloads/java/token.usage/investigation/.m2 -Pinvestigation -Dtest=FailureCasesTest -Dexperiment.case=03 -Dexperiment.artifactDir=/Users/hadiranjbar/Downloads/java/token.usage/investigation/raw/v1/03/p1/1 -Dexperiment.reportDir=/Users/hadiranjbar/Downloads/java/token.usage/investigation/raw/v1/03/p1/1/reports -Dspring.output.ansi.enabled=never -Dspring.profiles.active=p1 surefire:test,investigation/raw/v1/03/p1/1/reports/com.ai.token.experiment.FailureCasesTest.txt,test-runner report,9b942725d9c949c92ce0bb2784f22a9d5ac3a99e4d524a2e8c8488264cd1187c,1016,13,217,tiktoken 0.14.0 o200k_base
03,p1,1,1,True,True,expected: <200> but was: <400>,mvn -o -B -ntp -Dmaven.repo.local=/Users/hadiranjbar/Downloads/java/token.usage/investigation/.m2 -Pinvestigation -Dtest=FailureCasesTest -Dexperiment.case=03 -Dexperiment.artifactDir=/Users/hadiranjbar/Downloads/java/token.usage/investigation/raw/v1/03/p1/1 -Dexperiment.reportDir=/Users/hadiranjbar/Downloads/java/token.usage/investigation/raw/v1/03/p1/1/reports -Dspring.output.ansi.enabled=never -Dspring.profiles.active=p1 surefire:test,investigation/raw/v1/03/p1/1/stderr.log,Maven + forked JVM stderr,e3b0c44298fc1c149afbf4c8996fb92427ae41e4649b934ca495991b7852b855,0,0,0,tiktoken 0.14.0 o200k_base
03,p1,1,1,True,True,expected: <200> but was: <400>,mvn -o -B -ntp -Dmaven.repo.local=/Users/hadiranjbar/Downloads/java/token.usage/investigation/.m2 -Pinvestigation -Dtest=FailureCasesTest -Dexperiment.case=03 -Dexperiment.artifactDir=/Users/hadiranjbar/Downloads/java/token.usage/investigation/raw/v1/03/p1/1 -Dexperiment.reportDir=/Users/hadiranjbar/Downloads/java/token.usage/investigation/raw/v1/03/p1/1/reports -Dspring.output.ansi.enabled=never -Dspring.profiles.active=p1 surefire:test,investigation/raw/v1/03/p1/1/stdout.log,Maven + forked JVM stdout,d0f004b0027a77b4331f400d7ec05f6f213a508b8bde6e8afa465fddfd4191a2,20737,189,5763,tiktoken 0.14.0 o200k_base
03,p1,2,1,True,True,expected: <200> but was: <400>,mvn -o -B -ntp -Dmaven.repo.local=/Users/hadiranjbar/Downloads/java/token.usage/investigation/.m2 -Pinvestigation -Dtest=FailureCasesTest -Dexperiment.case=03 -Dexperiment.artifactDir=/Users/hadiranjbar/Downloads/java/token.usage/investigation/raw/v1/03/p1/2 -Dexperiment.reportDir=/Users/hadiranjbar/Downloads/java/token.usage/investigation/raw/v1/03/p1/2/reports -Dspring.output.ansi.enabled=never -Dspring.profiles.active=p1 surefire:test,investigation/raw/v1/03/p1/2/reports/TEST-com.ai.token.experiment.FailureCasesTest.xml,test-runner report,aaa30e69db1539d537691c7f7779c9e542b995d29249d817ee3fb9304f45183a,44736,227,13566,tiktoken 0.14.0 o200k_base
03,p1,2,1,True,True,expected: <200> but was: <400>,mvn -o -B -ntp -Dmaven.repo.local=/Users/hadiranjbar/Downloads/java/token.usage/investigation/.m2 -Pinvestigation -Dtest=FailureCasesTest -Dexperiment.case=03 -Dexperiment.artifactDir=/Users/hadiranjbar/Downloads/java/token.usage/investigation/raw/v1/03/p1/2 -Dexperiment.reportDir=/Users/hadiranjbar/Downloads/java/token.usage/investigation/raw/v1/03/p1/2/reports -Dspring.output.ansi.enabled=never -Dspring.profiles.active=p1 surefire:test,investigation/raw/v1/03/p1/2/reports/com.ai.token.experiment.FailureCasesTest.txt,test-runner report,6d7618aebb5a7c094213d2b9971621d5c14bdbb753a57ded0d2d9c4ec7abae1e,1016,13,217,tiktoken 0.14.0 o200k_base
03,p1,2,1,True,True,expected: <200> but was: <400>,mvn -o -B -ntp -Dmaven.repo.local=/Users/hadiranjbar/Downloads/java/token.usage/investigation/.m2 -Pinvestigation -Dtest=FailureCasesTest -Dexperiment.case=03 -Dexperiment.artifactDir=/Users/hadiranjbar/Downloads/java/token.usage/investigation/raw/v1/03/p1/2 -Dexperiment.reportDir=/Users/hadiranjbar/Downloads/java/token.usage/investigation/raw/v1/03/p1/2/reports -Dspring.output.ansi.enabled=never -Dspring.profiles.active=p1 surefire:test,investigation/raw/v1/03/p1/2/stderr.log,Maven + forked JVM stderr,e3b0c44298fc1c149afbf4c8996fb92427ae41e4649b934ca495991b7852b855,0,0,0,tiktoken 0.14.0 o200k_base
03,p1,2,1,True,True,expected: <200> but was: <400>,mvn -o -B -ntp -Dmaven.repo.local=/Users/hadiranjbar/Downloads/java/token.usage/investigation/.m2 -Pinvestigation -Dtest=FailureCasesTest -Dexperiment.case=03 -Dexperiment.artifactDir=/Users/hadiranjbar/Downloads/java/token.usage/investigation/raw/v1/03/p1/2 -Dexperiment.reportDir=/Users/hadiranjbar/Downloads/java/token.usage/investigation/raw/v1/03/p1/2/reports -Dspring.output.ansi.enabled=never -Dspring.profiles.active=p1 surefire:test,investigation/raw/v1/03/p1/2/stdout.log,Maven + forked JVM stdout,56d7d8ed8c803fc36c7cdccf7d56fb2cb2b3ce6526c4fb9f9c527445dcd1f0a9,20737,189,5763,tiktoken 0.14.0 o200k_base
03,p1,3,1,True,True,expected: <200> but was: <400>,mvn -o -B -ntp -Dmaven.repo.local=/Users/hadiranjbar/Downloads/java/token.usage/investigation/.m2 -Pinvestigation -Dtest=FailureCasesTest -Dexperiment.case=03 -Dexperiment.artifactDir=/Users/hadiranjbar/Downloads/java/token.usage/investigation/raw/v1/03/p1/3 -Dexperiment.reportDir=/Users/hadiranjbar/Downloads/java/token.usage/investigation/raw/v1/03/p1/3/reports -Dspring.output.ansi.enabled=never -Dspring.profiles.active=p1 surefire:test,investigation/raw/v1/03/p1/3/reports/TEST-com.ai.token.experiment.FailureCasesTest.xml,test-runner report,76074a0cfca833d89c1cf63e2f5422f6a1920de5da1856b40c9e103ab35ca64f,44736,227,13566,tiktoken 0.14.0 o200k_base
03,p1,3,1,True,True,expected: <200> but was: <400>,mvn -o -B -ntp -Dmaven.repo.local=/Users/hadiranjbar/Downloads/java/token.usage/investigation/.m2 -Pinvestigation -Dtest=FailureCasesTest -Dexperiment.case=03 -Dexperiment.artifactDir=/Users/hadiranjbar/Downloads/java/token.usage/investigation/raw/v1/03/p1/3 -Dexperiment.reportDir=/Users/hadiranjbar/Downloads/java/token.usage/investigation/raw/v1/03/p1/3/reports -Dspring.output.ansi.enabled=never -Dspring.profiles.active=p1 surefire:test,investigation/raw/v1/03/p1/3/reports/com.ai.token.experiment.FailureCasesTest.txt,test-runner report,a8eaa77e52257d011542207849ab3ac396efa1278ac393473cb3d170e6717755,1016,13,217,tiktoken 0.14.0 o200k_base
03,p1,3,1,True,True,expected: <200> but was: <400>,mvn -o -B -ntp -Dmaven.repo.local=/Users/hadiranjbar/Downloads/java/token.usage/investigation/.m2 -Pinvestigation -Dtest=FailureCasesTest -Dexperiment.case=03 -Dexperiment.artifactDir=/Users/hadiranjbar/Downloads/java/token.usage/investigation/raw/v1/03/p1/3 -Dexperiment.reportDir=/Users/hadiranjbar/Downloads/java/token.usage/investigation/raw/v1/03/p1/3/reports -Dspring.output.ansi.enabled=never -Dspring.profiles.active=p1 surefire:test,investigation/raw/v1/03/p1/3/stderr.log,Maven + forked JVM stderr,e3b0c44298fc1c149afbf4c8996fb92427ae41e4649b934ca495991b7852b855,0,0,0,tiktoken 0.14.0 o200k_base
03,p1,3,1,True,True,expected: <200> but was: <400>,mvn -o -B -ntp -Dmaven.repo.local=/Users/hadiranjbar/Downloads/java/token.usage/investigation/.m2 -Pinvestigation -Dtest=FailureCasesTest -Dexperiment.case=03 -Dexperiment.artifactDir=/Users/hadiranjbar/Downloads/java/token.usage/investigation/raw/v1/03/p1/3 -Dexperiment.reportDir=/Users/hadiranjbar/Downloads/java/token.usage/investigation/raw/v1/03/p1/3/reports -Dspring.output.ansi.enabled=never -Dspring.profiles.active=p1 surefire:test,investigation/raw/v1/03/p1/3/stdout.log,Maven + forked JVM stdout,1f6b09b2872f158df6294551b5d95ee992dad6eac127ccb3d8b77a83656caec4,20737,189,5763,tiktoken 0.14.0 o200k_base
03,p2,1,1,True,True,expected: <200> but was: <400>,mvn -o -B -ntp -Dmaven.repo.local=/Users/hadiranjbar/Downloads/java/token.usage/investigation/.m2 -Pinvestigation -Dtest=FailureCasesTest -Dexperiment.case=03 -Dexperiment.artifactDir=/Users/hadiranjbar/Downloads/java/token.usage/investigation/raw/v1/03/p2/1 -Dexperiment.reportDir=/Users/hadiranjbar/Downloads/java/token.usage/investigation/raw/v1/03/p2/1/reports -Dspring.output.ansi.enabled=never -Dspring.profiles.active=p2 surefire:test,investigation/raw/v1/03/p2/1/reports/TEST-com.ai.token.experiment.FailureCasesTest.xml,test-runner report,744c9b913da33c7212b7ab77c550c69b66cb04c4c78a14a3776dfa1d4d3c42f4,45200,226,13744,tiktoken 0.14.0 o200k_base
03,p2,1,1,True,True,expected: <200> but was: <400>,mvn -o -B -ntp -Dmaven.repo.local=/Users/hadiranjbar/Downloads/java/token.usage/investigation/.m2 -Pinvestigation -Dtest=FailureCasesTest -Dexperiment.case=03 -Dexperiment.artifactDir=/Users/hadiranjbar/Downloads/java/token.usage/investigation/raw/v1/03/p2/1 -Dexperiment.reportDir=/Users/hadiranjbar/Downloads/java/token.usage/investigation/raw/v1/03/p2/1/reports -Dspring.output.ansi.enabled=never -Dspring.profiles.active=p2 surefire:test,investigation/raw/v1/03/p2/1/reports/com.ai.token.experiment.FailureCasesTest.txt,test-runner report,2887d496f95f9fabaafbc7d219fa24b64b75b1aff245b5d3e4ec8e1f9cff895d,1016,13,217,tiktoken 0.14.0 o200k_base
03,p2,1,1,True,True,expected: <200> but was: <400>,mvn -o -B -ntp -Dmaven.repo.local=/Users/hadiranjbar/Downloads/java/token.usage/investigation/.m2 -Pinvestigation -Dtest=FailureCasesTest -Dexperiment.case=03 -Dexperiment.artifactDir=/Users/hadiranjbar/Downloads/java/token.usage/investigation/raw/v1/03/p2/1 -Dexperiment.reportDir=/Users/hadiranjbar/Downloads/java/token.usage/investigation/raw/v1/03/p2/1/reports -Dspring.output.ansi.enabled=never -Dspring.profiles.active=p2 surefire:test,investigation/raw/v1/03/p2/1/stderr.log,Maven + forked JVM stderr,e3b0c44298fc1c149afbf4c8996fb92427ae41e4649b934ca495991b7852b855,0,0,0,tiktoken 0.14.0 o200k_base
03,p2,1,1,True,True,expected: <200> but was: <400>,mvn -o -B -ntp -Dmaven.repo.local=/Users/hadiranjbar/Downloads/java/token.usage/investigation/.m2 -Pinvestigation -Dtest=FailureCasesTest -Dexperiment.case=03 -Dexperiment.artifactDir=/Users/hadiranjbar/Downloads/java/token.usage/investigation/raw/v1/03/p2/1 -Dexperiment.reportDir=/Users/hadiranjbar/Downloads/java/token.usage/investigation/raw/v1/03/p2/1/reports -Dspring.output.ansi.enabled=never -Dspring.profiles.active=p2 surefire:test,investigation/raw/v1/03/p2/1/stdout.log,Maven + forked JVM stdout,4b6e7528f28639e05ae7377999ee3a87642e0c6900cb7b070035c1fae3207af4,21306,189,5977,tiktoken 0.14.0 o200k_base
03,p2,2,1,True,True,expected: <200> but was: <400>,mvn -o -B -ntp -Dmaven.repo.local=/Users/hadiranjbar/Downloads/java/token.usage/investigation/.m2 -Pinvestigation -Dtest=FailureCasesTest -Dexperiment.case=03 -Dexperiment.artifactDir=/Users/hadiranjbar/Downloads/java/token.usage/investigation/raw/v1/03/p2/2 -Dexperiment.reportDir=/Users/hadiranjbar/Downloads/java/token.usage/investigation/raw/v1/03/p2/2/reports -Dspring.output.ansi.enabled=never -Dspring.profiles.active=p2 surefire:test,investigation/raw/v1/03/p2/2/reports/TEST-com.ai.token.experiment.FailureCasesTest.xml,test-runner report,0274d1428f3f86a5ecfa82e3a475613f8fc8765a7d69bde3f37db8d1939ab033,45196,226,13743,tiktoken 0.14.0 o200k_base
03,p2,2,1,True,True,expected: <200> but was: <400>,mvn -o -B -ntp -Dmaven.repo.local=/Users/hadiranjbar/Downloads/java/token.usage/investigation/.m2 -Pinvestigation -Dtest=FailureCasesTest -Dexperiment.case=03 -Dexperiment.artifactDir=/Users/hadiranjbar/Downloads/java/token.usage/investigation/raw/v1/03/p2/2 -Dexperiment.reportDir=/Users/hadiranjbar/Downloads/java/token.usage/investigation/raw/v1/03/p2/2/reports -Dspring.output.ansi.enabled=never -Dspring.profiles.active=p2 surefire:test,investigation/raw/v1/03/p2/2/reports/com.ai.token.experiment.FailureCasesTest.txt,test-runner report,70fee9736ea588e059b1731f69b2a8653bcab5fcde89de68edcbc1809a2c03ef,1016,13,217,tiktoken 0.14.0 o200k_base
03,p2,2,1,True,True,expected: <200> but was: <400>,mvn -o -B -ntp -Dmaven.repo.local=/Users/hadiranjbar/Downloads/java/token.usage/investigation/.m2 -Pinvestigation -Dtest=FailureCasesTest -Dexperiment.case=03 -Dexperiment.artifactDir=/Users/hadiranjbar/Downloads/java/token.usage/investigation/raw/v1/03/p2/2 -Dexperiment.reportDir=/Users/hadiranjbar/Downloads/java/token.usage/investigation/raw/v1/03/p2/2/reports -Dspring.output.ansi.enabled=never -Dspring.profiles.active=p2 surefire:test,investigation/raw/v1/03/p2/2/stderr.log,Maven + forked JVM stderr,e3b0c44298fc1c149afbf4c8996fb92427ae41e4649b934ca495991b7852b855,0,0,0,tiktoken 0.14.0 o200k_base
03,p2,2,1,True,True,expected: <200> but was: <400>,mvn -o -B -ntp -Dmaven.repo.local=/Users/hadiranjbar/Downloads/java/token.usage/investigation/.m2 -Pinvestigation -Dtest=FailureCasesTest -Dexperiment.case=03 -Dexperiment.artifactDir=/Users/hadiranjbar/Downloads/java/token.usage/investigation/raw/v1/03/p2/2 -Dexperiment.reportDir=/Users/hadiranjbar/Downloads/java/token.usage/investigation/raw/v1/03/p2/2/reports -Dspring.output.ansi.enabled=never -Dspring.profiles.active=p2 surefire:test,investigation/raw/v1/03/p2/2/stdout.log,Maven + forked JVM stdout,c47ecefcfe6e9c88f7e04abfe81a237dd9982ed755930092f9b73ea37c6f53e0,21306,189,5977,tiktoken 0.14.0 o200k_base
03,p2,3,1,True,True,expected: <200> but was: <400>,mvn -o -B -ntp -Dmaven.repo.local=/Users/hadiranjbar/Downloads/java/token.usage/investigation/.m2 -Pinvestigation -Dtest=FailureCasesTest -Dexperiment.case=03 -Dexperiment.artifactDir=/Users/hadiranjbar/Downloads/java/token.usage/investigation/raw/v1/03/p2/3 -Dexperiment.reportDir=/Users/hadiranjbar/Downloads/java/token.usage/investigation/raw/v1/03/p2/3/reports -Dspring.output.ansi.enabled=never -Dspring.profiles.active=p2 surefire:test,investigation/raw/v1/03/p2/3/reports/TEST-com.ai.token.experiment.FailureCasesTest.xml,test-runner report,30543353374f59151038a58127c0e48aee0580eaae40269ed15c24a7527b8d9c,45200,226,13744,tiktoken 0.14.0 o200k_base
03,p2,3,1,True,True,expected: <200> but was: <400>,mvn -o -B -ntp -Dmaven.repo.local=/Users/hadiranjbar/Downloads/java/token.usage/investigation/.m2 -Pinvestigation -Dtest=FailureCasesTest -Dexperiment.case=03 -Dexperiment.artifactDir=/Users/hadiranjbar/Downloads/java/token.usage/investigation/raw/v1/03/p2/3 -Dexperiment.reportDir=/Users/hadiranjbar/Downloads/java/token.usage/investigation/raw/v1/03/p2/3/reports -Dspring.output.ansi.enabled=never -Dspring.profiles.active=p2 surefire:test,investigation/raw/v1/03/p2/3/reports/com.ai.token.experiment.FailureCasesTest.txt,test-runner report,18b25840fb0ee655d4e272990e9361fa610d0b159e87ad7e24f6bf629a78c8e5,1016,13,217,tiktoken 0.14.0 o200k_base
03,p2,3,1,True,True,expected: <200> but was: <400>,mvn -o -B -ntp -Dmaven.repo.local=/Users/hadiranjbar/Downloads/java/token.usage/investigation/.m2 -Pinvestigation -Dtest=FailureCasesTest -Dexperiment.case=03 -Dexperiment.artifactDir=/Users/hadiranjbar/Downloads/java/token.usage/investigation/raw/v1/03/p2/3 -Dexperiment.reportDir=/Users/hadiranjbar/Downloads/java/token.usage/investigation/raw/v1/03/p2/3/reports -Dspring.output.ansi.enabled=never -Dspring.profiles.active=p2 surefire:test,investigation/raw/v1/03/p2/3/stderr.log,Maven + forked JVM stderr,e3b0c44298fc1c149afbf4c8996fb92427ae41e4649b934ca495991b7852b855,0,0,0,tiktoken 0.14.0 o200k_base
03,p2,3,1,True,True,expected: <200> but was: <400>,mvn -o -B -ntp -Dmaven.repo.local=/Users/hadiranjbar/Downloads/java/token.usage/investigation/.m2 -Pinvestigation -Dtest=FailureCasesTest -Dexperiment.case=03 -Dexperiment.artifactDir=/Users/hadiranjbar/Downloads/java/token.usage/investigation/raw/v1/03/p2/3 -Dexperiment.reportDir=/Users/hadiranjbar/Downloads/java/token.usage/investigation/raw/v1/03/p2/3/reports -Dspring.output.ansi.enabled=never -Dspring.profiles.active=p2 surefire:test,investigation/raw/v1/03/p2/3/stdout.log,Maven + forked JVM stdout,b2a6c996db802731e9d5330b4fd51b3a7559536c77e80167ef11702abef80e14,21306,189,5977,tiktoken 0.14.0 o200k_base
03,p4,1,1,True,True,expected: <200> but was: <400>,"mvn -o -B -ntp -Dmaven.repo.local=/Users/hadiranjbar/Downloads/java/token.usage/investigation/.m2 -Pinvestigation,agent-reports -Dtest=FailureCasesTest -Dexperiment.case=03 -Dexperiment.artifactDir=/Users/hadiranjbar/Downloads/java/token.usage/investigation/raw/v1/03/p4/1 -Dexperiment.reportDir=/Users/hadiranjbar/Downloads/java/token.usage/investigation/raw/v1/03/p4/1/reports -Dspring.output.ansi.enabled=never surefire:test",investigation/raw/v1/03/p4/1/reports/TEST-com.ai.token.experiment.FailureCasesTest.xml,test-runner report,da273b40a99f67c0140c4f5b080de6902a68eff185f0ba62f78cfdb462266974,44615,220,13587,tiktoken 0.14.0 o200k_base
03,p4,1,1,True,True,expected: <200> but was: <400>,"mvn -o -B -ntp -Dmaven.repo.local=/Users/hadiranjbar/Downloads/java/token.usage/investigation/.m2 -Pinvestigation,agent-reports -Dtest=FailureCasesTest -Dexperiment.case=03 -Dexperiment.artifactDir=/Users/hadiranjbar/Downloads/java/token.usage/investigation/raw/v1/03/p4/1 -Dexperiment.reportDir=/Users/hadiranjbar/Downloads/java/token.usage/investigation/raw/v1/03/p4/1/reports -Dspring.output.ansi.enabled=never surefire:test",investigation/raw/v1/03/p4/1/reports/com.ai.token.experiment.FailureCasesTest.txt,test-runner report,1c47c4b0335a6b64bf54a8ccb100431b69277421fa7c5a2be6560ac3fdb19a28,607,8,132,tiktoken 0.14.0 o200k_base
03,p4,1,1,True,True,expected: <200> but was: <400>,"mvn -o -B -ntp -Dmaven.repo.local=/Users/hadiranjbar/Downloads/java/token.usage/investigation/.m2 -Pinvestigation,agent-reports -Dtest=FailureCasesTest -Dexperiment.case=03 -Dexperiment.artifactDir=/Users/hadiranjbar/Downloads/java/token.usage/investigation/raw/v1/03/p4/1 -Dexperiment.reportDir=/Users/hadiranjbar/Downloads/java/token.usage/investigation/raw/v1/03/p4/1/reports -Dspring.output.ansi.enabled=never surefire:test",investigation/raw/v1/03/p4/1/stderr.log,Maven + forked JVM stderr,e3b0c44298fc1c149afbf4c8996fb92427ae41e4649b934ca495991b7852b855,0,0,0,tiktoken 0.14.0 o200k_base
03,p4,1,1,True,True,expected: <200> but was: <400>,"mvn -o -B -ntp -Dmaven.repo.local=/Users/hadiranjbar/Downloads/java/token.usage/investigation/.m2 -Pinvestigation,agent-reports -Dtest=FailureCasesTest -Dexperiment.case=03 -Dexperiment.artifactDir=/Users/hadiranjbar/Downloads/java/token.usage/investigation/raw/v1/03/p4/1 -Dexperiment.reportDir=/Users/hadiranjbar/Downloads/java/token.usage/investigation/raw/v1/03/p4/1/reports -Dspring.output.ansi.enabled=never surefire:test",investigation/raw/v1/03/p4/1/stdout.log,Maven + forked JVM stdout,7b49affd987b42b56594f637dcf26b68c2de1ab59772fc3068b91ff98fc3f560,20782,184,5836,tiktoken 0.14.0 o200k_base
03,p4,2,1,True,True,expected: <200> but was: <400>,"mvn -o -B -ntp -Dmaven.repo.local=/Users/hadiranjbar/Downloads/java/token.usage/investigation/.m2 -Pinvestigation,agent-reports -Dtest=FailureCasesTest -Dexperiment.case=03 -Dexperiment.artifactDir=/Users/hadiranjbar/Downloads/java/token.usage/investigation/raw/v1/03/p4/2 -Dexperiment.reportDir=/Users/hadiranjbar/Downloads/java/token.usage/investigation/raw/v1/03/p4/2/reports -Dspring.output.ansi.enabled=never surefire:test",investigation/raw/v1/03/p4/2/reports/TEST-com.ai.token.experiment.FailureCasesTest.xml,test-runner report,0d3626bd18f1c3684a4709b2a9119fbbcbe8c73049c6dae9be82504f8537f207,44619,220,13588,tiktoken 0.14.0 o200k_base
03,p4,2,1,True,True,expected: <200> but was: <400>,"mvn -o -B -ntp -Dmaven.repo.local=/Users/hadiranjbar/Downloads/java/token.usage/investigation/.m2 -Pinvestigation,agent-reports -Dtest=FailureCasesTest -Dexperiment.case=03 -Dexperiment.artifactDir=/Users/hadiranjbar/Downloads/java/token.usage/investigation/raw/v1/03/p4/2 -Dexperiment.reportDir=/Users/hadiranjbar/Downloads/java/token.usage/investigation/raw/v1/03/p4/2/reports -Dspring.output.ansi.enabled=never surefire:test",investigation/raw/v1/03/p4/2/reports/com.ai.token.experiment.FailureCasesTest.txt,test-runner report,81d3962e287d0320746a4b4230ed7028f58d7fa0092cdcd9c810acbbfcd2b30d,607,8,132,tiktoken 0.14.0 o200k_base
03,p4,2,1,True,True,expected: <200> but was: <400>,"mvn -o -B -ntp -Dmaven.repo.local=/Users/hadiranjbar/Downloads/java/token.usage/investigation/.m2 -Pinvestigation,agent-reports -Dtest=FailureCasesTest -Dexperiment.case=03 -Dexperiment.artifactDir=/Users/hadiranjbar/Downloads/java/token.usage/investigation/raw/v1/03/p4/2 -Dexperiment.reportDir=/Users/hadiranjbar/Downloads/java/token.usage/investigation/raw/v1/03/p4/2/reports -Dspring.output.ansi.enabled=never surefire:test",investigation/raw/v1/03/p4/2/stderr.log,Maven + forked JVM stderr,e3b0c44298fc1c149afbf4c8996fb92427ae41e4649b934ca495991b7852b855,0,0,0,tiktoken 0.14.0 o200k_base
03,p4,2,1,True,True,expected: <200> but was: <400>,"mvn -o -B -ntp -Dmaven.repo.local=/Users/hadiranjbar/Downloads/java/token.usage/investigation/.m2 -Pinvestigation,agent-reports -Dtest=FailureCasesTest -Dexperiment.case=03 -Dexperiment.artifactDir=/Users/hadiranjbar/Downloads/java/token.usage/investigation/raw/v1/03/p4/2 -Dexperiment.reportDir=/Users/hadiranjbar/Downloads/java/token.usage/investigation/raw/v1/03/p4/2/reports -Dspring.output.ansi.enabled=never surefire:test",investigation/raw/v1/03/p4/2/stdout.log,Maven + forked JVM stdout,4c596453801f0b016c937adfad366a029f93ed13802a6ff7fcaa56a4be223581,20782,184,5836,tiktoken 0.14.0 o200k_base
03,p4,3,1,True,True,expected: <200> but was: <400>,"mvn -o -B -ntp -Dmaven.repo.local=/Users/hadiranjbar/Downloads/java/token.usage/investigation/.m2 -Pinvestigation,agent-reports -Dtest=FailureCasesTest -Dexperiment.case=03 -Dexperiment.artifactDir=/Users/hadiranjbar/Downloads/java/token.usage/investigation/raw/v1/03/p4/3 -Dexperiment.reportDir=/Users/hadiranjbar/Downloads/java/token.usage/investigation/raw/v1/03/p4/3/reports -Dspring.output.ansi.enabled=never surefire:test",investigation/raw/v1/03/p4/3/reports/TEST-com.ai.token.experiment.FailureCasesTest.xml,test-runner report,f7ef8bf20e17d44ef666869189aa2b4af5b3f1a4a20569f834985dba0da1c6cd,44615,220,13587,tiktoken 0.14.0 o200k_base
03,p4,3,1,True,True,expected: <200> but was: <400>,"mvn -o -B -ntp -Dmaven.repo.local=/Users/hadiranjbar/Downloads/java/token.usage/investigation/.m2 -Pinvestigation,agent-reports -Dtest=FailureCasesTest -Dexperiment.case=03 -Dexperiment.artifactDir=/Users/hadiranjbar/Downloads/java/token.usage/investigation/raw/v1/03/p4/3 -Dexperiment.reportDir=/Users/hadiranjbar/Downloads/java/token.usage/investigation/raw/v1/03/p4/3/reports -Dspring.output.ansi.enabled=never surefire:test",investigation/raw/v1/03/p4/3/reports/com.ai.token.experiment.FailureCasesTest.txt,test-runner report,db0f65ac15ff790dd4bdc47a5fa180a9ea677b4da4b07ccba00454c550dcc16f,607,8,132,tiktoken 0.14.0 o200k_base
03,p4,3,1,True,True,expected: <200> but was: <400>,"mvn -o -B -ntp -Dmaven.repo.local=/Users/hadiranjbar/Downloads/java/token.usage/investigation/.m2 -Pinvestigation,agent-reports -Dtest=FailureCasesTest -Dexperiment.case=03 -Dexperiment.artifactDir=/Users/hadiranjbar/Downloads/java/token.usage/investigation/raw/v1/03/p4/3 -Dexperiment.reportDir=/Users/hadiranjbar/Downloads/java/token.usage/investigation/raw/v1/03/p4/3/reports -Dspring.output.ansi.enabled=never surefire:test",investigation/raw/v1/03/p4/3/stderr.log,Maven + forked JVM stderr,e3b0c44298fc1c149afbf4c8996fb92427ae41e4649b934ca495991b7852b855,0,0,0,tiktoken 0.14.0 o200k_base
03,p4,3,1,True,True,expected: <200> but was: <400>,"mvn -o -B -ntp -Dmaven.repo.local=/Users/hadiranjbar/Downloads/java/token.usage/investigation/.m2 -Pinvestigation,agent-reports -Dtest=FailureCasesTest -Dexperiment.case=03 -Dexperiment.artifactDir=/Users/hadiranjbar/Downloads/java/token.usage/investigation/raw/v1/03/p4/3 -Dexperiment.reportDir=/Users/hadiranjbar/Downloads/java/token.usage/investigation/raw/v1/03/p4/3/reports -Dspring.output.ansi.enabled=never surefire:test",investigation/raw/v1/03/p4/3/stdout.log,Maven + forked JVM stdout,1984fd829b2d3235e501b84d00a7132cc7049b003ccd749fb89f74111ad9ba9c,20783,184,5836,tiktoken 0.14.0 o200k_base
04,agent,1,1,True,True,Error creating bean with name 'port',"mvn -o -B -ntp -Dmaven.repo.local=/Users/hadiranjbar/Downloads/java/token.usage/investigation/.m2 -Pinvestigation,agent-reports -Dtest=FailureCasesTest -Dexperiment.case=04 -Dexperiment.artifactDir=/Users/hadiranjbar/Downloads/java/token.usage/investigation/raw/v1/04/agent/1 -Dexperiment.reportDir=/Users/hadiranjbar/Downloads/java/token.usage/investigation/raw/v1/04/agent/1/reports -Dspring.output.ansi.enabled=never -Dspring.profiles.active=agent -Dexperiment.deduplicate=true surefire:test",investigation/raw/v1/04/agent/1/reports/TEST-com.ai.token.experiment.FailureCasesTest.xml,test-runner report,e5fb2b44a63620d40c0f68d659bfeec1084122539dc4202bdae81e86708d2f7a,34888,160,10732,tiktoken 0.14.0 o200k_base
04,agent,1,1,True,True,Error creating bean with name 'port',"mvn -o -B -ntp -Dmaven.repo.local=/Users/hadiranjbar/Downloads/java/token.usage/investigation/.m2 -Pinvestigation,agent-reports -Dtest=FailureCasesTest -Dexperiment.case=04 -Dexperiment.artifactDir=/Users/hadiranjbar/Downloads/java/token.usage/investigation/raw/v1/04/agent/1 -Dexperiment.reportDir=/Users/hadiranjbar/Downloads/java/token.usage/investigation/raw/v1/04/agent/1/reports -Dspring.output.ansi.enabled=never -Dspring.profiles.active=agent -Dexperiment.deduplicate=true surefire:test",investigation/raw/v1/04/agent/1/reports/com.ai.token.experiment.FailureCasesTest.txt,test-runner report,560060d962676b12bb08e2ef3a88fae1908cc8624c29e87870c5d1d4e0c950b2,1200,12,256,tiktoken 0.14.0 o200k_base
04,agent,1,1,True,True,Error creating bean with name 'port',"mvn -o -B -ntp -Dmaven.repo.local=/Users/hadiranjbar/Downloads/java/token.usage/investigation/.m2 -Pinvestigation,agent-reports -Dtest=FailureCasesTest -Dexperiment.case=04 -Dexperiment.artifactDir=/Users/hadiranjbar/Downloads/java/token.usage/investigation/raw/v1/04/agent/1 -Dexperiment.reportDir=/Users/hadiranjbar/Downloads/java/token.usage/investigation/raw/v1/04/agent/1/reports -Dspring.output.ansi.enabled=never -Dspring.profiles.active=agent -Dexperiment.deduplicate=true surefire:test",investigation/raw/v1/04/agent/1/stderr.log,Maven + forked JVM stderr,e3b0c44298fc1c149afbf4c8996fb92427ae41e4649b934ca495991b7852b855,0,0,0,tiktoken 0.14.0 o200k_base
04,agent,1,1,True,True,Error creating bean with name 'port',"mvn -o -B -ntp -Dmaven.repo.local=/Users/hadiranjbar/Downloads/java/token.usage/investigation/.m2 -Pinvestigation,agent-reports -Dtest=FailureCasesTest -Dexperiment.case=04 -Dexperiment.artifactDir=/Users/hadiranjbar/Downloads/java/token.usage/investigation/raw/v1/04/agent/1 -Dexperiment.reportDir=/Users/hadiranjbar/Downloads/java/token.usage/investigation/raw/v1/04/agent/1/reports -Dspring.output.ansi.enabled=never -Dspring.profiles.active=agent -Dexperiment.deduplicate=true surefire:test",investigation/raw/v1/04/agent/1/stdout.log,Maven + forked JVM stdout,3b783afa7e980b44b92674b2cc28f0735b85bd641ef87fb2416c7c8fa68296d8,10615,121,2850,tiktoken 0.14.0 o200k_base
04,agent,2,1,True,True,Error creating bean with name 'port',"mvn -o -B -ntp -Dmaven.repo.local=/Users/hadiranjbar/Downloads/java/token.usage/investigation/.m2 -Pinvestigation,agent-reports -Dtest=FailureCasesTest -Dexperiment.case=04 -Dexperiment.artifactDir=/Users/hadiranjbar/Downloads/java/token.usage/investigation/raw/v1/04/agent/2 -Dexperiment.reportDir=/Users/hadiranjbar/Downloads/java/token.usage/investigation/raw/v1/04/agent/2/reports -Dspring.output.ansi.enabled=never -Dspring.profiles.active=agent -Dexperiment.deduplicate=true surefire:test",investigation/raw/v1/04/agent/2/reports/TEST-com.ai.token.experiment.FailureCasesTest.xml,test-runner report,08e136782b1818d6982c5c45d383d59ffac27fc6433ef6db89306e08157b8fb6,34889,160,10732,tiktoken 0.14.0 o200k_base
04,agent,2,1,True,True,Error creating bean with name 'port',"mvn -o -B -ntp -Dmaven.repo.local=/Users/hadiranjbar/Downloads/java/token.usage/investigation/.m2 -Pinvestigation,agent-reports -Dtest=FailureCasesTest -Dexperiment.case=04 -Dexperiment.artifactDir=/Users/hadiranjbar/Downloads/java/token.usage/investigation/raw/v1/04/agent/2 -Dexperiment.reportDir=/Users/hadiranjbar/Downloads/java/token.usage/investigation/raw/v1/04/agent/2/reports -Dspring.output.ansi.enabled=never -Dspring.profiles.active=agent -Dexperiment.deduplicate=true surefire:test",investigation/raw/v1/04/agent/2/reports/com.ai.token.experiment.FailureCasesTest.txt,test-runner report,6008e80fb7b8ab84df93af6779ebb16cc95808409f07585fb913628d86d43426,1200,12,256,tiktoken 0.14.0 o200k_base
04,agent,2,1,True,True,Error creating bean with name 'port',"mvn -o -B -ntp -Dmaven.repo.local=/Users/hadiranjbar/Downloads/java/token.usage/investigation/.m2 -Pinvestigation,agent-reports -Dtest=FailureCasesTest -Dexperiment.case=04 -Dexperiment.artifactDir=/Users/hadiranjbar/Downloads/java/token.usage/investigation/raw/v1/04/agent/2 -Dexperiment.reportDir=/Users/hadiranjbar/Downloads/java/token.usage/investigation/raw/v1/04/agent/2/reports -Dspring.output.ansi.enabled=never -Dspring.profiles.active=agent -Dexperiment.deduplicate=true surefire:test",investigation/raw/v1/04/agent/2/stderr.log,Maven + forked JVM stderr,e3b0c44298fc1c149afbf4c8996fb92427ae41e4649b934ca495991b7852b855,0,0,0,tiktoken 0.14.0 o200k_base
04,agent,2,1,True,True,Error creating bean with name 'port',"mvn -o -B -ntp -Dmaven.repo.local=/Users/hadiranjbar/Downloads/java/token.usage/investigation/.m2 -Pinvestigation,agent-reports -Dtest=FailureCasesTest -Dexperiment.case=04 -Dexperiment.artifactDir=/Users/hadiranjbar/Downloads/java/token.usage/investigation/raw/v1/04/agent/2 -Dexperiment.reportDir=/Users/hadiranjbar/Downloads/java/token.usage/investigation/raw/v1/04/agent/2/reports -Dspring.output.ansi.enabled=never -Dspring.profiles.active=agent -Dexperiment.deduplicate=true surefire:test",investigation/raw/v1/04/agent/2/stdout.log,Maven + forked JVM stdout,6fa754710d6e013f294077c1f30210b868bf2c68295d88e11e38e249b2c1c253,10616,121,2850,tiktoken 0.14.0 o200k_base
04,agent,3,1,True,True,Error creating bean with name 'port',"mvn -o -B -ntp -Dmaven.repo.local=/Users/hadiranjbar/Downloads/java/token.usage/investigation/.m2 -Pinvestigation,agent-reports -Dtest=FailureCasesTest -Dexperiment.case=04 -Dexperiment.artifactDir=/Users/hadiranjbar/Downloads/java/token.usage/investigation/raw/v1/04/agent/3 -Dexperiment.reportDir=/Users/hadiranjbar/Downloads/java/token.usage/investigation/raw/v1/04/agent/3/reports -Dspring.output.ansi.enabled=never -Dspring.profiles.active=agent -Dexperiment.deduplicate=true surefire:test",investigation/raw/v1/04/agent/3/reports/TEST-com.ai.token.experiment.FailureCasesTest.xml,test-runner report,8abbebbc152c87df13f4c989c98982de78ef7ae4985258a7de01a40cdf5ab7af,34893,160,10733,tiktoken 0.14.0 o200k_base
04,agent,3,1,True,True,Error creating bean with name 'port',"mvn -o -B -ntp -Dmaven.repo.local=/Users/hadiranjbar/Downloads/java/token.usage/investigation/.m2 -Pinvestigation,agent-reports -Dtest=FailureCasesTest -Dexperiment.case=04 -Dexperiment.artifactDir=/Users/hadiranjbar/Downloads/java/token.usage/investigation/raw/v1/04/agent/3 -Dexperiment.reportDir=/Users/hadiranjbar/Downloads/java/token.usage/investigation/raw/v1/04/agent/3/reports -Dspring.output.ansi.enabled=never -Dspring.profiles.active=agent -Dexperiment.deduplicate=true surefire:test",investigation/raw/v1/04/agent/3/reports/com.ai.token.experiment.FailureCasesTest.txt,test-runner report,000128d04df6633df8444041957b3314ff07c919d1ac31cda863ca035de4c360,1200,12,256,tiktoken 0.14.0 o200k_base
04,agent,3,1,True,True,Error creating bean with name 'port',"mvn -o -B -ntp -Dmaven.repo.local=/Users/hadiranjbar/Downloads/java/token.usage/investigation/.m2 -Pinvestigation,agent-reports -Dtest=FailureCasesTest -Dexperiment.case=04 -Dexperiment.artifactDir=/Users/hadiranjbar/Downloads/java/token.usage/investigation/raw/v1/04/agent/3 -Dexperiment.reportDir=/Users/hadiranjbar/Downloads/java/token.usage/investigation/raw/v1/04/agent/3/reports -Dspring.output.ansi.enabled=never -Dspring.profiles.active=agent -Dexperiment.deduplicate=true surefire:test",investigation/raw/v1/04/agent/3/stderr.log,Maven + forked JVM stderr,e3b0c44298fc1c149afbf4c8996fb92427ae41e4649b934ca495991b7852b855,0,0,0,tiktoken 0.14.0 o200k_base
04,agent,3,1,True,True,Error creating bean with name 'port',"mvn -o -B -ntp -Dmaven.repo.local=/Users/hadiranjbar/Downloads/java/token.usage/investigation/.m2 -Pinvestigation,agent-reports -Dtest=FailureCasesTest -Dexperiment.case=04 -Dexperiment.artifactDir=/Users/hadiranjbar/Downloads/java/token.usage/investigation/raw/v1/04/agent/3 -Dexperiment.reportDir=/Users/hadiranjbar/Downloads/java/token.usage/investigation/raw/v1/04/agent/3/reports -Dspring.output.ansi.enabled=never -Dspring.profiles.active=agent -Dexperiment.deduplicate=true surefire:test",investigation/raw/v1/04/agent/3/stdout.log,Maven + forked JVM stdout,c594e0e78e80fa2a6d93a130c3777f4dc991bd2f8b03ad023c526cda5bbd61bc,10616,121,2850,tiktoken 0.14.0 o200k_base
04,default,1,1,True,True,Error creating bean with name 'port',mvn -o -B -ntp -Dmaven.repo.local=/Users/hadiranjbar/Downloads/java/token.usage/investigation/.m2 -Pinvestigation -Dtest=FailureCasesTest -Dexperiment.case=04 -Dexperiment.artifactDir=/Users/hadiranjbar/Downloads/java/token.usage/investigation/raw/v1/04/default/1 -Dexperiment.reportDir=/Users/hadiranjbar/Downloads/java/token.usage/investigation/raw/v1/04/default/1/reports -Dspring.output.ansi.enabled=never surefire:test,investigation/raw/v1/04/default/1/reports/TEST-com.ai.token.experiment.FailureCasesTest.xml,test-runner report,74b122dd90e77b0cb465709e06129d13cf5a69f565f05db6b00abef8c5ea56c8,48969,261,14381,tiktoken 0.14.0 o200k_base
04,default,1,1,True,True,Error creating bean with name 'port',mvn -o -B -ntp -Dmaven.repo.local=/Users/hadiranjbar/Downloads/java/token.usage/investigation/.m2 -Pinvestigation -Dtest=FailureCasesTest -Dexperiment.case=04 -Dexperiment.artifactDir=/Users/hadiranjbar/Downloads/java/token.usage/investigation/raw/v1/04/default/1 -Dexperiment.reportDir=/Users/hadiranjbar/Downloads/java/token.usage/investigation/raw/v1/04/default/1/reports -Dspring.output.ansi.enabled=never surefire:test,investigation/raw/v1/04/default/1/reports/com.ai.token.experiment.FailureCasesTest.txt,test-runner report,993d6e0ba93ebeb063a68167938cdf33c7a43bd5fbb8148b5ca8151ea1ac29ba,4323,41,807,tiktoken 0.14.0 o200k_base
04,default,1,1,True,True,Error creating bean with name 'port',mvn -o -B -ntp -Dmaven.repo.local=/Users/hadiranjbar/Downloads/java/token.usage/investigation/.m2 -Pinvestigation -Dtest=FailureCasesTest -Dexperiment.case=04 -Dexperiment.artifactDir=/Users/hadiranjbar/Downloads/java/token.usage/investigation/raw/v1/04/default/1 -Dexperiment.reportDir=/Users/hadiranjbar/Downloads/java/token.usage/investigation/raw/v1/04/default/1/reports -Dspring.output.ansi.enabled=never surefire:test,investigation/raw/v1/04/default/1/stderr.log,Maven + forked JVM stderr,e3b0c44298fc1c149afbf4c8996fb92427ae41e4649b934ca495991b7852b855,0,0,0,tiktoken 0.14.0 o200k_base
04,default,1,1,True,True,Error creating bean with name 'port',mvn -o -B -ntp -Dmaven.repo.local=/Users/hadiranjbar/Downloads/java/token.usage/investigation/.m2 -Pinvestigation -Dtest=FailureCasesTest -Dexperiment.case=04 -Dexperiment.artifactDir=/Users/hadiranjbar/Downloads/java/token.usage/investigation/raw/v1/04/default/1 -Dexperiment.reportDir=/Users/hadiranjbar/Downloads/java/token.usage/investigation/raw/v1/04/default/1/reports -Dspring.output.ansi.enabled=never surefire:test,investigation/raw/v1/04/default/1/stdout.log,Maven + forked JVM stdout,86776160ec30567f0d5bb2e7584635705308cab93040b108c5a21ce283aa3f2f,25088,225,6632,tiktoken 0.14.0 o200k_base
04,default,2,1,True,True,Error creating bean with name 'port',mvn -o -B -ntp -Dmaven.repo.local=/Users/hadiranjbar/Downloads/java/token.usage/investigation/.m2 -Pinvestigation -Dtest=FailureCasesTest -Dexperiment.case=04 -Dexperiment.artifactDir=/Users/hadiranjbar/Downloads/java/token.usage/investigation/raw/v1/04/default/2 -Dexperiment.reportDir=/Users/hadiranjbar/Downloads/java/token.usage/investigation/raw/v1/04/default/2/reports -Dspring.output.ansi.enabled=never surefire:test,investigation/raw/v1/04/default/2/reports/TEST-com.ai.token.experiment.FailureCasesTest.xml,test-runner report,2541cc33e3d63b3845f3f409dd2a4dc5b5d2c9b450c0fee8aadce3661532ef33,48969,261,14381,tiktoken 0.14.0 o200k_base
04,default,2,1,True,True,Error creating bean with name 'port',mvn -o -B -ntp -Dmaven.repo.local=/Users/hadiranjbar/Downloads/java/token.usage/investigation/.m2 -Pinvestigation -Dtest=FailureCasesTest -Dexperiment.case=04 -Dexperiment.artifactDir=/Users/hadiranjbar/Downloads/java/token.usage/investigation/raw/v1/04/default/2 -Dexperiment.reportDir=/Users/hadiranjbar/Downloads/java/token.usage/investigation/raw/v1/04/default/2/reports -Dspring.output.ansi.enabled=never surefire:test,investigation/raw/v1/04/default/2/reports/com.ai.token.experiment.FailureCasesTest.txt,test-runner report,48da4782469c1cccaf205bf69829be618483cdb08ab9f5da54b92946cb9aa729,4323,41,807,tiktoken 0.14.0 o200k_base
04,default,2,1,True,True,Error creating bean with name 'port',mvn -o -B -ntp -Dmaven.repo.local=/Users/hadiranjbar/Downloads/java/token.usage/investigation/.m2 -Pinvestigation -Dtest=FailureCasesTest -Dexperiment.case=04 -Dexperiment.artifactDir=/Users/hadiranjbar/Downloads/java/token.usage/investigation/raw/v1/04/default/2 -Dexperiment.reportDir=/Users/hadiranjbar/Downloads/java/token.usage/investigation/raw/v1/04/default/2/reports -Dspring.output.ansi.enabled=never surefire:test,investigation/raw/v1/04/default/2/stderr.log,Maven + forked JVM stderr,e3b0c44298fc1c149afbf4c8996fb92427ae41e4649b934ca495991b7852b855,0,0,0,tiktoken 0.14.0 o200k_base
04,default,2,1,True,True,Error creating bean with name 'port',mvn -o -B -ntp -Dmaven.repo.local=/Users/hadiranjbar/Downloads/java/token.usage/investigation/.m2 -Pinvestigation -Dtest=FailureCasesTest -Dexperiment.case=04 -Dexperiment.artifactDir=/Users/hadiranjbar/Downloads/java/token.usage/investigation/raw/v1/04/default/2 -Dexperiment.reportDir=/Users/hadiranjbar/Downloads/java/token.usage/investigation/raw/v1/04/default/2/reports -Dspring.output.ansi.enabled=never surefire:test,investigation/raw/v1/04/default/2/stdout.log,Maven + forked JVM stdout,d95c38eccf41e6d325f5d92162d66a6ba13269bc65f427b233a63aa2786a25f2,25088,225,6632,tiktoken 0.14.0 o200k_base
04,default,3,1,True,True,Error creating bean with name 'port',mvn -o -B -ntp -Dmaven.repo.local=/Users/hadiranjbar/Downloads/java/token.usage/investigation/.m2 -Pinvestigation -Dtest=FailureCasesTest -Dexperiment.case=04 -Dexperiment.artifactDir=/Users/hadiranjbar/Downloads/java/token.usage/investigation/raw/v1/04/default/3 -Dexperiment.reportDir=/Users/hadiranjbar/Downloads/java/token.usage/investigation/raw/v1/04/default/3/reports -Dspring.output.ansi.enabled=never surefire:test,investigation/raw/v1/04/default/3/reports/TEST-com.ai.token.experiment.FailureCasesTest.xml,test-runner report,9b252b342f982bf0719d4eff6429199b230451cffbe4723cfcb700d8454b13ec,48969,261,14381,tiktoken 0.14.0 o200k_base
04,default,3,1,True,True,Error creating bean with name 'port',mvn -o -B -ntp -Dmaven.repo.local=/Users/hadiranjbar/Downloads/java/token.usage/investigation/.m2 -Pinvestigation -Dtest=FailureCasesTest -Dexperiment.case=04 -Dexperiment.artifactDir=/Users/hadiranjbar/Downloads/java/token.usage/investigation/raw/v1/04/default/3 -Dexperiment.reportDir=/Users/hadiranjbar/Downloads/java/token.usage/investigation/raw/v1/04/default/3/reports -Dspring.output.ansi.enabled=never surefire:test,investigation/raw/v1/04/default/3/reports/com.ai.token.experiment.FailureCasesTest.txt,test-runner report,dce087c9389956ccbb22729d36b79e8a5ddf333617c59aa5f765e995bd8bc7b1,4323,41,807,tiktoken 0.14.0 o200k_base
04,default,3,1,True,True,Error creating bean with name 'port',mvn -o -B -ntp -Dmaven.repo.local=/Users/hadiranjbar/Downloads/java/token.usage/investigation/.m2 -Pinvestigation -Dtest=FailureCasesTest -Dexperiment.case=04 -Dexperiment.artifactDir=/Users/hadiranjbar/Downloads/java/token.usage/investigation/raw/v1/04/default/3 -Dexperiment.reportDir=/Users/hadiranjbar/Downloads/java/token.usage/investigation/raw/v1/04/default/3/reports -Dspring.output.ansi.enabled=never surefire:test,investigation/raw/v1/04/default/3/stderr.log,Maven + forked JVM stderr,e3b0c44298fc1c149afbf4c8996fb92427ae41e4649b934ca495991b7852b855,0,0,0,tiktoken 0.14.0 o200k_base
04,default,3,1,True,True,Error creating bean with name 'port',mvn -o -B -ntp -Dmaven.repo.local=/Users/hadiranjbar/Downloads/java/token.usage/investigation/.m2 -Pinvestigation -Dtest=FailureCasesTest -Dexperiment.case=04 -Dexperiment.artifactDir=/Users/hadiranjbar/Downloads/java/token.usage/investigation/raw/v1/04/default/3 -Dexperiment.reportDir=/Users/hadiranjbar/Downloads/java/token.usage/investigation/raw/v1/04/default/3/reports -Dspring.output.ansi.enabled=never surefire:test,investigation/raw/v1/04/default/3/stdout.log,Maven + forked JVM stdout,08983960354b5463f7d868a48fe73d648aed902c8397f4a16a9f12241a6e2eef,25088,225,6632,tiktoken 0.14.0 o200k_base
04,p1,1,1,True,True,Error creating bean with name 'port',mvn -o -B -ntp -Dmaven.repo.local=/Users/hadiranjbar/Downloads/java/token.usage/investigation/.m2 -Pinvestigation -Dtest=FailureCasesTest -Dexperiment.case=04 -Dexperiment.artifactDir=/Users/hadiranjbar/Downloads/java/token.usage/investigation/raw/v1/04/p1/1 -Dexperiment.reportDir=/Users/hadiranjbar/Downloads/java/token.usage/investigation/raw/v1/04/p1/1/reports -Dspring.output.ansi.enabled=never -Dspring.profiles.active=p1 surefire:test,investigation/raw/v1/04/p1/1/reports/TEST-com.ai.token.experiment.FailureCasesTest.xml,test-runner report,ee969c5950bc64f34415bb7874f515ebd0f8e477011c6a0a502630ef2e0f683c,48705,263,14296,tiktoken 0.14.0 o200k_base
04,p1,1,1,True,True,Error creating bean with name 'port',mvn -o -B -ntp -Dmaven.repo.local=/Users/hadiranjbar/Downloads/java/token.usage/investigation/.m2 -Pinvestigation -Dtest=FailureCasesTest -Dexperiment.case=04 -Dexperiment.artifactDir=/Users/hadiranjbar/Downloads/java/token.usage/investigation/raw/v1/04/p1/1 -Dexperiment.reportDir=/Users/hadiranjbar/Downloads/java/token.usage/investigation/raw/v1/04/p1/1/reports -Dspring.output.ansi.enabled=never -Dspring.profiles.active=p1 surefire:test,investigation/raw/v1/04/p1/1/reports/com.ai.token.experiment.FailureCasesTest.txt,test-runner report,5889ccdb46b6536f7a246e963fe38579c7277179791b6dfad79890d9b85b5032,4323,41,807,tiktoken 0.14.0 o200k_base
04,p1,1,1,True,True,Error creating bean with name 'port',mvn -o -B -ntp -Dmaven.repo.local=/Users/hadiranjbar/Downloads/java/token.usage/investigation/.m2 -Pinvestigation -Dtest=FailureCasesTest -Dexperiment.case=04 -Dexperiment.artifactDir=/Users/hadiranjbar/Downloads/java/token.usage/investigation/raw/v1/04/p1/1 -Dexperiment.reportDir=/Users/hadiranjbar/Downloads/java/token.usage/investigation/raw/v1/04/p1/1/reports -Dspring.output.ansi.enabled=never -Dspring.profiles.active=p1 surefire:test,investigation/raw/v1/04/p1/1/stderr.log,Maven + forked JVM stderr,e3b0c44298fc1c149afbf4c8996fb92427ae41e4649b934ca495991b7852b855,0,0,0,tiktoken 0.14.0 o200k_base
04,p1,1,1,True,True,Error creating bean with name 'port',mvn -o -B -ntp -Dmaven.repo.local=/Users/hadiranjbar/Downloads/java/token.usage/investigation/.m2 -Pinvestigation -Dtest=FailureCasesTest -Dexperiment.case=04 -Dexperiment.artifactDir=/Users/hadiranjbar/Downloads/java/token.usage/investigation/raw/v1/04/p1/1 -Dexperiment.reportDir=/Users/hadiranjbar/Downloads/java/token.usage/investigation/raw/v1/04/p1/1/reports -Dspring.output.ansi.enabled=never -Dspring.profiles.active=p1 surefire:test,investigation/raw/v1/04/p1/1/stdout.log,Maven + forked JVM stdout,50523aa58e4beda672b888ceaaca90f7e8d7add5329b44f7da0931b7de38eae7,24663,225,6494,tiktoken 0.14.0 o200k_base
04,p1,2,1,True,True,Error creating bean with name 'port',mvn -o -B -ntp -Dmaven.repo.local=/Users/hadiranjbar/Downloads/java/token.usage/investigation/.m2 -Pinvestigation -Dtest=FailureCasesTest -Dexperiment.case=04 -Dexperiment.artifactDir=/Users/hadiranjbar/Downloads/java/token.usage/investigation/raw/v1/04/p1/2 -Dexperiment.reportDir=/Users/hadiranjbar/Downloads/java/token.usage/investigation/raw/v1/04/p1/2/reports -Dspring.output.ansi.enabled=never -Dspring.profiles.active=p1 surefire:test,investigation/raw/v1/04/p1/2/reports/TEST-com.ai.token.experiment.FailureCasesTest.xml,test-runner report,8f955f52171845f4ef5927472234eee0d2cfb0e1fec0f8b493862df74d59ba25,48705,263,14296,tiktoken 0.14.0 o200k_base
04,p1,2,1,True,True,Error creating bean with name 'port',mvn -o -B -ntp -Dmaven.repo.local=/Users/hadiranjbar/Downloads/java/token.usage/investigation/.m2 -Pinvestigation -Dtest=FailureCasesTest -Dexperiment.case=04 -Dexperiment.artifactDir=/Users/hadiranjbar/Downloads/java/token.usage/investigation/raw/v1/04/p1/2 -Dexperiment.reportDir=/Users/hadiranjbar/Downloads/java/token.usage/investigation/raw/v1/04/p1/2/reports -Dspring.output.ansi.enabled=never -Dspring.profiles.active=p1 surefire:test,investigation/raw/v1/04/p1/2/reports/com.ai.token.experiment.FailureCasesTest.txt,test-runner report,d195e1b20d274005920e9e145adea183980e066d9c5d45afb0e851d2209a5a00,4323,41,807,tiktoken 0.14.0 o200k_base
04,p1,2,1,True,True,Error creating bean with name 'port',mvn -o -B -ntp -Dmaven.repo.local=/Users/hadiranjbar/Downloads/java/token.usage/investigation/.m2 -Pinvestigation -Dtest=FailureCasesTest -Dexperiment.case=04 -Dexperiment.artifactDir=/Users/hadiranjbar/Downloads/java/token.usage/investigation/raw/v1/04/p1/2 -Dexperiment.reportDir=/Users/hadiranjbar/Downloads/java/token.usage/investigation/raw/v1/04/p1/2/reports -Dspring.output.ansi.enabled=never -Dspring.profiles.active=p1 surefire:test,investigation/raw/v1/04/p1/2/stderr.log,Maven + forked JVM stderr,e3b0c44298fc1c149afbf4c8996fb92427ae41e4649b934ca495991b7852b855,0,0,0,tiktoken 0.14.0 o200k_base
04,p1,2,1,True,True,Error creating bean with name 'port',mvn -o -B -ntp -Dmaven.repo.local=/Users/hadiranjbar/Downloads/java/token.usage/investigation/.m2 -Pinvestigation -Dtest=FailureCasesTest -Dexperiment.case=04 -Dexperiment.artifactDir=/Users/hadiranjbar/Downloads/java/token.usage/investigation/raw/v1/04/p1/2 -Dexperiment.reportDir=/Users/hadiranjbar/Downloads/java/token.usage/investigation/raw/v1/04/p1/2/reports -Dspring.output.ansi.enabled=never -Dspring.profiles.active=p1 surefire:test,investigation/raw/v1/04/p1/2/stdout.log,Maven + forked JVM stdout,6f12d9729021cf0082df24a3fc01c1c99851a1d147404eb8c8cf3a35e3a7f07a,24663,225,6494,tiktoken 0.14.0 o200k_base
04,p1,3,1,True,True,Error creating bean with name 'port',mvn -o -B -ntp -Dmaven.repo.local=/Users/hadiranjbar/Downloads/java/token.usage/investigation/.m2 -Pinvestigation -Dtest=FailureCasesTest -Dexperiment.case=04 -Dexperiment.artifactDir=/Users/hadiranjbar/Downloads/java/token.usage/investigation/raw/v1/04/p1/3 -Dexperiment.reportDir=/Users/hadiranjbar/Downloads/java/token.usage/investigation/raw/v1/04/p1/3/reports -Dspring.output.ansi.enabled=never -Dspring.profiles.active=p1 surefire:test,investigation/raw/v1/04/p1/3/reports/TEST-com.ai.token.experiment.FailureCasesTest.xml,test-runner report,88cb94ff8caabd8f15019875e8777cd216ad6188a76ec6cd076f4fa783762327,48703,263,14296,tiktoken 0.14.0 o200k_base
04,p1,3,1,True,True,Error creating bean with name 'port',mvn -o -B -ntp -Dmaven.repo.local=/Users/hadiranjbar/Downloads/java/token.usage/investigation/.m2 -Pinvestigation -Dtest=FailureCasesTest -Dexperiment.case=04 -Dexperiment.artifactDir=/Users/hadiranjbar/Downloads/java/token.usage/investigation/raw/v1/04/p1/3 -Dexperiment.reportDir=/Users/hadiranjbar/Downloads/java/token.usage/investigation/raw/v1/04/p1/3/reports -Dspring.output.ansi.enabled=never -Dspring.profiles.active=p1 surefire:test,investigation/raw/v1/04/p1/3/reports/com.ai.token.experiment.FailureCasesTest.txt,test-runner report,2b9548dcb7af06224c806789df9a125b1194a7fe38646ed47f8f9fcbcd09466d,4323,41,807,tiktoken 0.14.0 o200k_base
04,p1,3,1,True,True,Error creating bean with name 'port',mvn -o -B -ntp -Dmaven.repo.local=/Users/hadiranjbar/Downloads/java/token.usage/investigation/.m2 -Pinvestigation -Dtest=FailureCasesTest -Dexperiment.case=04 -Dexperiment.artifactDir=/Users/hadiranjbar/Downloads/java/token.usage/investigation/raw/v1/04/p1/3 -Dexperiment.reportDir=/Users/hadiranjbar/Downloads/java/token.usage/investigation/raw/v1/04/p1/3/reports -Dspring.output.ansi.enabled=never -Dspring.profiles.active=p1 surefire:test,investigation/raw/v1/04/p1/3/stderr.log,Maven + forked JVM stderr,e3b0c44298fc1c149afbf4c8996fb92427ae41e4649b934ca495991b7852b855,0,0,0,tiktoken 0.14.0 o200k_base
04,p1,3,1,True,True,Error creating bean with name 'port',mvn -o -B -ntp -Dmaven.repo.local=/Users/hadiranjbar/Downloads/java/token.usage/investigation/.m2 -Pinvestigation -Dtest=FailureCasesTest -Dexperiment.case=04 -Dexperiment.artifactDir=/Users/hadiranjbar/Downloads/java/token.usage/investigation/raw/v1/04/p1/3 -Dexperiment.reportDir=/Users/hadiranjbar/Downloads/java/token.usage/investigation/raw/v1/04/p1/3/reports -Dspring.output.ansi.enabled=never -Dspring.profiles.active=p1 surefire:test,investigation/raw/v1/04/p1/3/stdout.log,Maven + forked JVM stdout,9cadecaed0717361306b80b43a426ab13189401935a63994fcd18e056f692142,24662,225,6494,tiktoken 0.14.0 o200k_base
04,p2,1,1,True,True,Error creating bean with name 'port',mvn -o -B -ntp -Dmaven.repo.local=/Users/hadiranjbar/Downloads/java/token.usage/investigation/.m2 -Pinvestigation -Dtest=FailureCasesTest -Dexperiment.case=04 -Dexperiment.artifactDir=/Users/hadiranjbar/Downloads/java/token.usage/investigation/raw/v1/04/p2/1 -Dexperiment.reportDir=/Users/hadiranjbar/Downloads/java/token.usage/investigation/raw/v1/04/p2/1/reports -Dspring.output.ansi.enabled=never -Dspring.profiles.active=p2 surefire:test,investigation/raw/v1/04/p2/1/reports/TEST-com.ai.token.experiment.FailureCasesTest.xml,test-runner report,f4373ec9ba35d4f36e2d6f61b7160192e0f1d83cbca8b0a48d62b76275a30df7,49102,262,14450,tiktoken 0.14.0 o200k_base
04,p2,1,1,True,True,Error creating bean with name 'port',mvn -o -B -ntp -Dmaven.repo.local=/Users/hadiranjbar/Downloads/java/token.usage/investigation/.m2 -Pinvestigation -Dtest=FailureCasesTest -Dexperiment.case=04 -Dexperiment.artifactDir=/Users/hadiranjbar/Downloads/java/token.usage/investigation/raw/v1/04/p2/1 -Dexperiment.reportDir=/Users/hadiranjbar/Downloads/java/token.usage/investigation/raw/v1/04/p2/1/reports -Dspring.output.ansi.enabled=never -Dspring.profiles.active=p2 surefire:test,investigation/raw/v1/04/p2/1/reports/com.ai.token.experiment.FailureCasesTest.txt,test-runner report,a11743d0933b7aa3f2252e686722e33fe8f3f157b0b67fa70ff5a2b8a1b62f0c,4323,41,807,tiktoken 0.14.0 o200k_base
04,p2,1,1,True,True,Error creating bean with name 'port',mvn -o -B -ntp -Dmaven.repo.local=/Users/hadiranjbar/Downloads/java/token.usage/investigation/.m2 -Pinvestigation -Dtest=FailureCasesTest -Dexperiment.case=04 -Dexperiment.artifactDir=/Users/hadiranjbar/Downloads/java/token.usage/investigation/raw/v1/04/p2/1 -Dexperiment.reportDir=/Users/hadiranjbar/Downloads/java/token.usage/investigation/raw/v1/04/p2/1/reports -Dspring.output.ansi.enabled=never -Dspring.profiles.active=p2 surefire:test,investigation/raw/v1/04/p2/1/stderr.log,Maven + forked JVM stderr,e3b0c44298fc1c149afbf4c8996fb92427ae41e4649b934ca495991b7852b855,0,0,0,tiktoken 0.14.0 o200k_base
04,p2,1,1,True,True,Error creating bean with name 'port',mvn -o -B -ntp -Dmaven.repo.local=/Users/hadiranjbar/Downloads/java/token.usage/investigation/.m2 -Pinvestigation -Dtest=FailureCasesTest -Dexperiment.case=04 -Dexperiment.artifactDir=/Users/hadiranjbar/Downloads/java/token.usage/investigation/raw/v1/04/p2/1 -Dexperiment.reportDir=/Users/hadiranjbar/Downloads/java/token.usage/investigation/raw/v1/04/p2/1/reports -Dspring.output.ansi.enabled=never -Dspring.profiles.active=p2 surefire:test,investigation/raw/v1/04/p2/1/stdout.log,Maven + forked JVM stdout,b1ba1d648fc4b57adc4e9545a9c243661ea7a32fd9b7456cd6b39750685f007d,25169,225,6685,tiktoken 0.14.0 o200k_base
04,p2,2,1,True,True,Error creating bean with name 'port',mvn -o -B -ntp -Dmaven.repo.local=/Users/hadiranjbar/Downloads/java/token.usage/investigation/.m2 -Pinvestigation -Dtest=FailureCasesTest -Dexperiment.case=04 -Dexperiment.artifactDir=/Users/hadiranjbar/Downloads/java/token.usage/investigation/raw/v1/04/p2/2 -Dexperiment.reportDir=/Users/hadiranjbar/Downloads/java/token.usage/investigation/raw/v1/04/p2/2/reports -Dspring.output.ansi.enabled=never -Dspring.profiles.active=p2 surefire:test,investigation/raw/v1/04/p2/2/reports/TEST-com.ai.token.experiment.FailureCasesTest.xml,test-runner report,ebec2e6bc2150562d8a5cfb8ddff6dbc206ec6d9a1977e6e3b0659e12fb26062,49101,262,14450,tiktoken 0.14.0 o200k_base
04,p2,2,1,True,True,Error creating bean with name 'port',mvn -o -B -ntp -Dmaven.repo.local=/Users/hadiranjbar/Downloads/java/token.usage/investigation/.m2 -Pinvestigation -Dtest=FailureCasesTest -Dexperiment.case=04 -Dexperiment.artifactDir=/Users/hadiranjbar/Downloads/java/token.usage/investigation/raw/v1/04/p2/2 -Dexperiment.reportDir=/Users/hadiranjbar/Downloads/java/token.usage/investigation/raw/v1/04/p2/2/reports -Dspring.output.ansi.enabled=never -Dspring.profiles.active=p2 surefire:test,investigation/raw/v1/04/p2/2/reports/com.ai.token.experiment.FailureCasesTest.txt,test-runner report,e47181ab910b64fb7621290298f8533d0ffe0979d3967998f661795ab090e6b7,4323,41,807,tiktoken 0.14.0 o200k_base
04,p2,2,1,True,True,Error creating bean with name 'port',mvn -o -B -ntp -Dmaven.repo.local=/Users/hadiranjbar/Downloads/java/token.usage/investigation/.m2 -Pinvestigation -Dtest=FailureCasesTest -Dexperiment.case=04 -Dexperiment.artifactDir=/Users/hadiranjbar/Downloads/java/token.usage/investigation/raw/v1/04/p2/2 -Dexperiment.reportDir=/Users/hadiranjbar/Downloads/java/token.usage/investigation/raw/v1/04/p2/2/reports -Dspring.output.ansi.enabled=never -Dspring.profiles.active=p2 surefire:test,investigation/raw/v1/04/p2/2/stderr.log,Maven + forked JVM stderr,e3b0c44298fc1c149afbf4c8996fb92427ae41e4649b934ca495991b7852b855,0,0,0,tiktoken 0.14.0 o200k_base
04,p2,2,1,True,True,Error creating bean with name 'port',mvn -o -B -ntp -Dmaven.repo.local=/Users/hadiranjbar/Downloads/java/token.usage/investigation/.m2 -Pinvestigation -Dtest=FailureCasesTest -Dexperiment.case=04 -Dexperiment.artifactDir=/Users/hadiranjbar/Downloads/java/token.usage/investigation/raw/v1/04/p2/2 -Dexperiment.reportDir=/Users/hadiranjbar/Downloads/java/token.usage/investigation/raw/v1/04/p2/2/reports -Dspring.output.ansi.enabled=never -Dspring.profiles.active=p2 surefire:test,investigation/raw/v1/04/p2/2/stdout.log,Maven + forked JVM stdout,f98e9673e628b1ae83ba0cc6ed5a7cddf9554499f7a965029787cd7737ddb040,25168,225,6685,tiktoken 0.14.0 o200k_base
04,p2,3,1,True,True,Error creating bean with name 'port',mvn -o -B -ntp -Dmaven.repo.local=/Users/hadiranjbar/Downloads/java/token.usage/investigation/.m2 -Pinvestigation -Dtest=FailureCasesTest -Dexperiment.case=04 -Dexperiment.artifactDir=/Users/hadiranjbar/Downloads/java/token.usage/investigation/raw/v1/04/p2/3 -Dexperiment.reportDir=/Users/hadiranjbar/Downloads/java/token.usage/investigation/raw/v1/04/p2/3/reports -Dspring.output.ansi.enabled=never -Dspring.profiles.active=p2 surefire:test,investigation/raw/v1/04/p2/3/reports/TEST-com.ai.token.experiment.FailureCasesTest.xml,test-runner report,c99c25374801efcb0096343bf7a12fca19444dee5adbdb0713b9fdd25f426916,49106,262,14451,tiktoken 0.14.0 o200k_base
04,p2,3,1,True,True,Error creating bean with name 'port',mvn -o -B -ntp -Dmaven.repo.local=/Users/hadiranjbar/Downloads/java/token.usage/investigation/.m2 -Pinvestigation -Dtest=FailureCasesTest -Dexperiment.case=04 -Dexperiment.artifactDir=/Users/hadiranjbar/Downloads/java/token.usage/investigation/raw/v1/04/p2/3 -Dexperiment.reportDir=/Users/hadiranjbar/Downloads/java/token.usage/investigation/raw/v1/04/p2/3/reports -Dspring.output.ansi.enabled=never -Dspring.profiles.active=p2 surefire:test,investigation/raw/v1/04/p2/3/reports/com.ai.token.experiment.FailureCasesTest.txt,test-runner report,307583035b2451477b73f30ceb12f43623aa8a0eebcdc4c4a1afd7d0d557f3a1,4323,41,807,tiktoken 0.14.0 o200k_base
04,p2,3,1,True,True,Error creating bean with name 'port',mvn -o -B -ntp -Dmaven.repo.local=/Users/hadiranjbar/Downloads/java/token.usage/investigation/.m2 -Pinvestigation -Dtest=FailureCasesTest -Dexperiment.case=04 -Dexperiment.artifactDir=/Users/hadiranjbar/Downloads/java/token.usage/investigation/raw/v1/04/p2/3 -Dexperiment.reportDir=/Users/hadiranjbar/Downloads/java/token.usage/investigation/raw/v1/04/p2/3/reports -Dspring.output.ansi.enabled=never -Dspring.profiles.active=p2 surefire:test,investigation/raw/v1/04/p2/3/stderr.log,Maven + forked JVM stderr,e3b0c44298fc1c149afbf4c8996fb92427ae41e4649b934ca495991b7852b855,0,0,0,tiktoken 0.14.0 o200k_base
04,p2,3,1,True,True,Error creating bean with name 'port',mvn -o -B -ntp -Dmaven.repo.local=/Users/hadiranjbar/Downloads/java/token.usage/investigation/.m2 -Pinvestigation -Dtest=FailureCasesTest -Dexperiment.case=04 -Dexperiment.artifactDir=/Users/hadiranjbar/Downloads/java/token.usage/investigation/raw/v1/04/p2/3 -Dexperiment.reportDir=/Users/hadiranjbar/Downloads/java/token.usage/investigation/raw/v1/04/p2/3/reports -Dspring.output.ansi.enabled=never -Dspring.profiles.active=p2 surefire:test,investigation/raw/v1/04/p2/3/stdout.log,Maven + forked JVM stdout,f7ea906ae9cf7782c2cb208ddcd70f3f529f2b2880b4e867bac7181937ca3084,25169,225,6685,tiktoken 0.14.0 o200k_base
04,p4,1,1,True,True,Error creating bean with name 'port',"mvn -o -B -ntp -Dmaven.repo.local=/Users/hadiranjbar/Downloads/java/token.usage/investigation/.m2 -Pinvestigation,agent-reports -Dtest=FailureCasesTest -Dexperiment.case=04 -Dexperiment.artifactDir=/Users/hadiranjbar/Downloads/java/token.usage/investigation/raw/v1/04/p4/1 -Dexperiment.reportDir=/Users/hadiranjbar/Downloads/java/token.usage/investigation/raw/v1/04/p4/1/reports -Dspring.output.ansi.enabled=never surefire:test",investigation/raw/v1/04/p4/1/reports/TEST-com.ai.token.experiment.FailureCasesTest.xml,test-runner report,b5a72b61983154f1870f04e841df8c12478d603169e3ef8c4805b1b83583ccf6,45835,232,13832,tiktoken 0.14.0 o200k_base
04,p4,1,1,True,True,Error creating bean with name 'port',"mvn -o -B -ntp -Dmaven.repo.local=/Users/hadiranjbar/Downloads/java/token.usage/investigation/.m2 -Pinvestigation,agent-reports -Dtest=FailureCasesTest -Dexperiment.case=04 -Dexperiment.artifactDir=/Users/hadiranjbar/Downloads/java/token.usage/investigation/raw/v1/04/p4/1 -Dexperiment.reportDir=/Users/hadiranjbar/Downloads/java/token.usage/investigation/raw/v1/04/p4/1/reports -Dspring.output.ansi.enabled=never surefire:test",investigation/raw/v1/04/p4/1/reports/com.ai.token.experiment.FailureCasesTest.txt,test-runner report,ba2e81f40ec1effb0160aabdb96cbe49693f8c5102d6076d81c95d2183933ce1,1200,12,256,tiktoken 0.14.0 o200k_base
04,p4,1,1,True,True,Error creating bean with name 'port',"mvn -o -B -ntp -Dmaven.repo.local=/Users/hadiranjbar/Downloads/java/token.usage/investigation/.m2 -Pinvestigation,agent-reports -Dtest=FailureCasesTest -Dexperiment.case=04 -Dexperiment.artifactDir=/Users/hadiranjbar/Downloads/java/token.usage/investigation/raw/v1/04/p4/1 -Dexperiment.reportDir=/Users/hadiranjbar/Downloads/java/token.usage/investigation/raw/v1/04/p4/1/reports -Dspring.output.ansi.enabled=never surefire:test",investigation/raw/v1/04/p4/1/stderr.log,Maven + forked JVM stderr,e3b0c44298fc1c149afbf4c8996fb92427ae41e4649b934ca495991b7852b855,0,0,0,tiktoken 0.14.0 o200k_base
04,p4,1,1,True,True,Error creating bean with name 'port',"mvn -o -B -ntp -Dmaven.repo.local=/Users/hadiranjbar/Downloads/java/token.usage/investigation/.m2 -Pinvestigation,agent-reports -Dtest=FailureCasesTest -Dexperiment.case=04 -Dexperiment.artifactDir=/Users/hadiranjbar/Downloads/java/token.usage/investigation/raw/v1/04/p4/1 -Dexperiment.reportDir=/Users/hadiranjbar/Downloads/java/token.usage/investigation/raw/v1/04/p4/1/reports -Dspring.output.ansi.enabled=never surefire:test",investigation/raw/v1/04/p4/1/stdout.log,Maven + forked JVM stdout,23a8a15e55f3b9f55e85256d105181c369493e07847812d676b800a631c6fc6a,21960,196,6082,tiktoken 0.14.0 o200k_base
04,p4,2,1,True,True,Error creating bean with name 'port',"mvn -o -B -ntp -Dmaven.repo.local=/Users/hadiranjbar/Downloads/java/token.usage/investigation/.m2 -Pinvestigation,agent-reports -Dtest=FailureCasesTest -Dexperiment.case=04 -Dexperiment.artifactDir=/Users/hadiranjbar/Downloads/java/token.usage/investigation/raw/v1/04/p4/2 -Dexperiment.reportDir=/Users/hadiranjbar/Downloads/java/token.usage/investigation/raw/v1/04/p4/2/reports -Dspring.output.ansi.enabled=never surefire:test",investigation/raw/v1/04/p4/2/reports/TEST-com.ai.token.experiment.FailureCasesTest.xml,test-runner report,c2161dc3ac4016e80d67198b9314809f004ed3e5ad3faa3635173900adb52528,45836,232,13832,tiktoken 0.14.0 o200k_base
04,p4,2,1,True,True,Error creating bean with name 'port',"mvn -o -B -ntp -Dmaven.repo.local=/Users/hadiranjbar/Downloads/java/token.usage/investigation/.m2 -Pinvestigation,agent-reports -Dtest=FailureCasesTest -Dexperiment.case=04 -Dexperiment.artifactDir=/Users/hadiranjbar/Downloads/java/token.usage/investigation/raw/v1/04/p4/2 -Dexperiment.reportDir=/Users/hadiranjbar/Downloads/java/token.usage/investigation/raw/v1/04/p4/2/reports -Dspring.output.ansi.enabled=never surefire:test",investigation/raw/v1/04/p4/2/reports/com.ai.token.experiment.FailureCasesTest.txt,test-runner report,fd7b991efd34e44f7c2608ad5fdd2814b831feb54fdda87b40d50c043690656d,1200,12,256,tiktoken 0.14.0 o200k_base
04,p4,2,1,True,True,Error creating bean with name 'port',"mvn -o -B -ntp -Dmaven.repo.local=/Users/hadiranjbar/Downloads/java/token.usage/investigation/.m2 -Pinvestigation,agent-reports -Dtest=FailureCasesTest -Dexperiment.case=04 -Dexperiment.artifactDir=/Users/hadiranjbar/Downloads/java/token.usage/investigation/raw/v1/04/p4/2 -Dexperiment.reportDir=/Users/hadiranjbar/Downloads/java/token.usage/investigation/raw/v1/04/p4/2/reports -Dspring.output.ansi.enabled=never surefire:test",investigation/raw/v1/04/p4/2/stderr.log,Maven + forked JVM stderr,e3b0c44298fc1c149afbf4c8996fb92427ae41e4649b934ca495991b7852b855,0,0,0,tiktoken 0.14.0 o200k_base
04,p4,2,1,True,True,Error creating bean with name 'port',"mvn -o -B -ntp -Dmaven.repo.local=/Users/hadiranjbar/Downloads/java/token.usage/investigation/.m2 -Pinvestigation,agent-reports -Dtest=FailureCasesTest -Dexperiment.case=04 -Dexperiment.artifactDir=/Users/hadiranjbar/Downloads/java/token.usage/investigation/raw/v1/04/p4/2 -Dexperiment.reportDir=/Users/hadiranjbar/Downloads/java/token.usage/investigation/raw/v1/04/p4/2/reports -Dspring.output.ansi.enabled=never surefire:test",investigation/raw/v1/04/p4/2/stdout.log,Maven + forked JVM stdout,34c362e67ec439b34116ba3aec7b0085d43bf5a82fb0ba741bd315bbaea6d550,21960,196,6082,tiktoken 0.14.0 o200k_base
04,p4,3,1,True,True,Error creating bean with name 'port',"mvn -o -B -ntp -Dmaven.repo.local=/Users/hadiranjbar/Downloads/java/token.usage/investigation/.m2 -Pinvestigation,agent-reports -Dtest=FailureCasesTest -Dexperiment.case=04 -Dexperiment.artifactDir=/Users/hadiranjbar/Downloads/java/token.usage/investigation/raw/v1/04/p4/3 -Dexperiment.reportDir=/Users/hadiranjbar/Downloads/java/token.usage/investigation/raw/v1/04/p4/3/reports -Dspring.output.ansi.enabled=never surefire:test",investigation/raw/v1/04/p4/3/reports/TEST-com.ai.token.experiment.FailureCasesTest.xml,test-runner report,5f9e88b712a40088358b47eb0302d44be4312c7add6c0e6d6b23eb60af62029b,45839,232,13833,tiktoken 0.14.0 o200k_base
04,p4,3,1,True,True,Error creating bean with name 'port',"mvn -o -B -ntp -Dmaven.repo.local=/Users/hadiranjbar/Downloads/java/token.usage/investigation/.m2 -Pinvestigation,agent-reports -Dtest=FailureCasesTest -Dexperiment.case=04 -Dexperiment.artifactDir=/Users/hadiranjbar/Downloads/java/token.usage/investigation/raw/v1/04/p4/3 -Dexperiment.reportDir=/Users/hadiranjbar/Downloads/java/token.usage/investigation/raw/v1/04/p4/3/reports -Dspring.output.ansi.enabled=never surefire:test",investigation/raw/v1/04/p4/3/reports/com.ai.token.experiment.FailureCasesTest.txt,test-runner report,1731e2988ef7f2027f792b4ed7b9e50a657b9ee1f5f020a55d22205184f9044e,1200,12,256,tiktoken 0.14.0 o200k_base
04,p4,3,1,True,True,Error creating bean with name 'port',"mvn -o -B -ntp -Dmaven.repo.local=/Users/hadiranjbar/Downloads/java/token.usage/investigation/.m2 -Pinvestigation,agent-reports -Dtest=FailureCasesTest -Dexperiment.case=04 -Dexperiment.artifactDir=/Users/hadiranjbar/Downloads/java/token.usage/investigation/raw/v1/04/p4/3 -Dexperiment.reportDir=/Users/hadiranjbar/Downloads/java/token.usage/investigation/raw/v1/04/p4/3/reports -Dspring.output.ansi.enabled=never surefire:test",investigation/raw/v1/04/p4/3/stderr.log,Maven + forked JVM stderr,e3b0c44298fc1c149afbf4c8996fb92427ae41e4649b934ca495991b7852b855,0,0,0,tiktoken 0.14.0 o200k_base
04,p4,3,1,True,True,Error creating bean with name 'port',"mvn -o -B -ntp -Dmaven.repo.local=/Users/hadiranjbar/Downloads/java/token.usage/investigation/.m2 -Pinvestigation,agent-reports -Dtest=FailureCasesTest -Dexperiment.case=04 -Dexperiment.artifactDir=/Users/hadiranjbar/Downloads/java/token.usage/investigation/raw/v1/04/p4/3 -Dexperiment.reportDir=/Users/hadiranjbar/Downloads/java/token.usage/investigation/raw/v1/04/p4/3/reports -Dspring.output.ansi.enabled=never surefire:test",investigation/raw/v1/04/p4/3/stdout.log,Maven + forked JVM stdout,473a46a97c34bfbfe04533ad6f4351cdac9a85705e766ee889e9b4fe22cf1c8f,21959,196,6082,tiktoken 0.14.0 o200k_base
05,agent,1,1,True,True,Unique index or primary key violation,"mvn -o -B -ntp -Dmaven.repo.local=/Users/hadiranjbar/Downloads/java/token.usage/investigation/.m2 -Pinvestigation,agent-reports -Dtest=FailureCasesTest -Dexperiment.case=05 -Dexperiment.artifactDir=/Users/hadiranjbar/Downloads/java/token.usage/investigation/raw/v1/05/agent/1 -Dexperiment.reportDir=/Users/hadiranjbar/Downloads/java/token.usage/investigation/raw/v1/05/agent/1/reports -Dspring.output.ansi.enabled=never -Dspring.profiles.active=agent -Dexperiment.deduplicate=true surefire:test",investigation/raw/v1/05/agent/1/reports/TEST-com.ai.token.experiment.FailureCasesTest.xml,test-runner report,47d4fcc5401930791e88164ba5a4195a7c54a3b3119c5fe4843dccaddbc047f2,28116,101,9008,tiktoken 0.14.0 o200k_base
05,agent,1,1,True,True,Unique index or primary key violation,"mvn -o -B -ntp -Dmaven.repo.local=/Users/hadiranjbar/Downloads/java/token.usage/investigation/.m2 -Pinvestigation,agent-reports -Dtest=FailureCasesTest -Dexperiment.case=05 -Dexperiment.artifactDir=/Users/hadiranjbar/Downloads/java/token.usage/investigation/raw/v1/05/agent/1 -Dexperiment.reportDir=/Users/hadiranjbar/Downloads/java/token.usage/investigation/raw/v1/05/agent/1/reports -Dspring.output.ansi.enabled=never -Dspring.profiles.active=agent -Dexperiment.deduplicate=true surefire:test",investigation/raw/v1/05/agent/1/reports/com.ai.token.experiment.FailureCasesTest.txt,test-runner report,3d736d1296fcedde903825cbe6c556fffb15975876217e85e93c9a7388449505,790,10,177,tiktoken 0.14.0 o200k_base
05,agent,1,1,True,True,Unique index or primary key violation,"mvn -o -B -ntp -Dmaven.repo.local=/Users/hadiranjbar/Downloads/java/token.usage/investigation/.m2 -Pinvestigation,agent-reports -Dtest=FailureCasesTest -Dexperiment.case=05 -Dexperiment.artifactDir=/Users/hadiranjbar/Downloads/java/token.usage/investigation/raw/v1/05/agent/1 -Dexperiment.reportDir=/Users/hadiranjbar/Downloads/java/token.usage/investigation/raw/v1/05/agent/1/reports -Dspring.output.ansi.enabled=never -Dspring.profiles.active=agent -Dexperiment.deduplicate=true surefire:test",investigation/raw/v1/05/agent/1/stderr.log,Maven + forked JVM stderr,e3b0c44298fc1c149afbf4c8996fb92427ae41e4649b934ca495991b7852b855,0,0,0,tiktoken 0.14.0 o200k_base
05,agent,1,1,True,True,Unique index or primary key violation,"mvn -o -B -ntp -Dmaven.repo.local=/Users/hadiranjbar/Downloads/java/token.usage/investigation/.m2 -Pinvestigation,agent-reports -Dtest=FailureCasesTest -Dexperiment.case=05 -Dexperiment.artifactDir=/Users/hadiranjbar/Downloads/java/token.usage/investigation/raw/v1/05/agent/1 -Dexperiment.reportDir=/Users/hadiranjbar/Downloads/java/token.usage/investigation/raw/v1/05/agent/1/reports -Dspring.output.ansi.enabled=never -Dspring.profiles.active=agent -Dexperiment.deduplicate=true surefire:test",investigation/raw/v1/05/agent/1/stdout.log,Maven + forked JVM stdout,2cb73798745641c5721c09fdb72dcede0195e6403f680160fb6a1af44a1b9c5b,3871,63,1123,tiktoken 0.14.0 o200k_base
05,agent,2,1,True,True,Unique index or primary key violation,"mvn -o -B -ntp -Dmaven.repo.local=/Users/hadiranjbar/Downloads/java/token.usage/investigation/.m2 -Pinvestigation,agent-reports -Dtest=FailureCasesTest -Dexperiment.case=05 -Dexperiment.artifactDir=/Users/hadiranjbar/Downloads/java/token.usage/investigation/raw/v1/05/agent/2 -Dexperiment.reportDir=/Users/hadiranjbar/Downloads/java/token.usage/investigation/raw/v1/05/agent/2/reports -Dspring.output.ansi.enabled=never -Dspring.profiles.active=agent -Dexperiment.deduplicate=true surefire:test",investigation/raw/v1/05/agent/2/reports/TEST-com.ai.token.experiment.FailureCasesTest.xml,test-runner report,2c4a5b7e2eee384e2b0f226b6350029879c47219ed34d7a9e19179650bd1ef1a,28116,101,9008,tiktoken 0.14.0 o200k_base
05,agent,2,1,True,True,Unique index or primary key violation,"mvn -o -B -ntp -Dmaven.repo.local=/Users/hadiranjbar/Downloads/java/token.usage/investigation/.m2 -Pinvestigation,agent-reports -Dtest=FailureCasesTest -Dexperiment.case=05 -Dexperiment.artifactDir=/Users/hadiranjbar/Downloads/java/token.usage/investigation/raw/v1/05/agent/2 -Dexperiment.reportDir=/Users/hadiranjbar/Downloads/java/token.usage/investigation/raw/v1/05/agent/2/reports -Dspring.output.ansi.enabled=never -Dspring.profiles.active=agent -Dexperiment.deduplicate=true surefire:test",investigation/raw/v1/05/agent/2/reports/com.ai.token.experiment.FailureCasesTest.txt,test-runner report,d91d79d8c8eba262dfa9cebe307bb78a8c176a20b102470860898e2ab7e6bb33,790,10,177,tiktoken 0.14.0 o200k_base
05,agent,2,1,True,True,Unique index or primary key violation,"mvn -o -B -ntp -Dmaven.repo.local=/Users/hadiranjbar/Downloads/java/token.usage/investigation/.m2 -Pinvestigation,agent-reports -Dtest=FailureCasesTest -Dexperiment.case=05 -Dexperiment.artifactDir=/Users/hadiranjbar/Downloads/java/token.usage/investigation/raw/v1/05/agent/2 -Dexperiment.reportDir=/Users/hadiranjbar/Downloads/java/token.usage/investigation/raw/v1/05/agent/2/reports -Dspring.output.ansi.enabled=never -Dspring.profiles.active=agent -Dexperiment.deduplicate=true surefire:test",investigation/raw/v1/05/agent/2/stderr.log,Maven + forked JVM stderr,e3b0c44298fc1c149afbf4c8996fb92427ae41e4649b934ca495991b7852b855,0,0,0,tiktoken 0.14.0 o200k_base
05,agent,2,1,True,True,Unique index or primary key violation,"mvn -o -B -ntp -Dmaven.repo.local=/Users/hadiranjbar/Downloads/java/token.usage/investigation/.m2 -Pinvestigation,agent-reports -Dtest=FailureCasesTest -Dexperiment.case=05 -Dexperiment.artifactDir=/Users/hadiranjbar/Downloads/java/token.usage/investigation/raw/v1/05/agent/2 -Dexperiment.reportDir=/Users/hadiranjbar/Downloads/java/token.usage/investigation/raw/v1/05/agent/2/reports -Dspring.output.ansi.enabled=never -Dspring.profiles.active=agent -Dexperiment.deduplicate=true surefire:test",investigation/raw/v1/05/agent/2/stdout.log,Maven + forked JVM stdout,725b7b2c292ab4cc57a575b3be76a25d4876f3ab6d37ce8f16f8ab5a3eedd0a0,3871,63,1123,tiktoken 0.14.0 o200k_base
05,agent,3,1,True,True,Unique index or primary key violation,"mvn -o -B -ntp -Dmaven.repo.local=/Users/hadiranjbar/Downloads/java/token.usage/investigation/.m2 -Pinvestigation,agent-reports -Dtest=FailureCasesTest -Dexperiment.case=05 -Dexperiment.artifactDir=/Users/hadiranjbar/Downloads/java/token.usage/investigation/raw/v1/05/agent/3 -Dexperiment.reportDir=/Users/hadiranjbar/Downloads/java/token.usage/investigation/raw/v1/05/agent/3/reports -Dspring.output.ansi.enabled=never -Dspring.profiles.active=agent -Dexperiment.deduplicate=true surefire:test",investigation/raw/v1/05/agent/3/reports/TEST-com.ai.token.experiment.FailureCasesTest.xml,test-runner report,13b928b0749145ea02502cee62595060e7a841e7aef8447fde793f5983b844e4,28116,101,9008,tiktoken 0.14.0 o200k_base
05,agent,3,1,True,True,Unique index or primary key violation,"mvn -o -B -ntp -Dmaven.repo.local=/Users/hadiranjbar/Downloads/java/token.usage/investigation/.m2 -Pinvestigation,agent-reports -Dtest=FailureCasesTest -Dexperiment.case=05 -Dexperiment.artifactDir=/Users/hadiranjbar/Downloads/java/token.usage/investigation/raw/v1/05/agent/3 -Dexperiment.reportDir=/Users/hadiranjbar/Downloads/java/token.usage/investigation/raw/v1/05/agent/3/reports -Dspring.output.ansi.enabled=never -Dspring.profiles.active=agent -Dexperiment.deduplicate=true surefire:test",investigation/raw/v1/05/agent/3/reports/com.ai.token.experiment.FailureCasesTest.txt,test-runner report,c685c29ef9457b10a1d75b832f8c33aad4f1da8701b727b84518b43b0db39270,790,10,177,tiktoken 0.14.0 o200k_base
05,agent,3,1,True,True,Unique index or primary key violation,"mvn -o -B -ntp -Dmaven.repo.local=/Users/hadiranjbar/Downloads/java/token.usage/investigation/.m2 -Pinvestigation,agent-reports -Dtest=FailureCasesTest -Dexperiment.case=05 -Dexperiment.artifactDir=/Users/hadiranjbar/Downloads/java/token.usage/investigation/raw/v1/05/agent/3 -Dexperiment.reportDir=/Users/hadiranjbar/Downloads/java/token.usage/investigation/raw/v1/05/agent/3/reports -Dspring.output.ansi.enabled=never -Dspring.profiles.active=agent -Dexperiment.deduplicate=true surefire:test",investigation/raw/v1/05/agent/3/stderr.log,Maven + forked JVM stderr,e3b0c44298fc1c149afbf4c8996fb92427ae41e4649b934ca495991b7852b855,0,0,0,tiktoken 0.14.0 o200k_base
05,agent,3,1,True,True,Unique index or primary key violation,"mvn -o -B -ntp -Dmaven.repo.local=/Users/hadiranjbar/Downloads/java/token.usage/investigation/.m2 -Pinvestigation,agent-reports -Dtest=FailureCasesTest -Dexperiment.case=05 -Dexperiment.artifactDir=/Users/hadiranjbar/Downloads/java/token.usage/investigation/raw/v1/05/agent/3 -Dexperiment.reportDir=/Users/hadiranjbar/Downloads/java/token.usage/investigation/raw/v1/05/agent/3/reports -Dspring.output.ansi.enabled=never -Dspring.profiles.active=agent -Dexperiment.deduplicate=true surefire:test",investigation/raw/v1/05/agent/3/stdout.log,Maven + forked JVM stdout,cc37c9c2225879042bc3a3a64715d4c67229a846f577dfda6505a37c1c3e3f53,3871,63,1123,tiktoken 0.14.0 o200k_base
05,default,1,1,True,True,Unique index or primary key violation,mvn -o -B -ntp -Dmaven.repo.local=/Users/hadiranjbar/Downloads/java/token.usage/investigation/.m2 -Pinvestigation -Dtest=FailureCasesTest -Dexperiment.case=05 -Dexperiment.artifactDir=/Users/hadiranjbar/Downloads/java/token.usage/investigation/raw/v1/05/default/1 -Dexperiment.reportDir=/Users/hadiranjbar/Downloads/java/token.usage/investigation/raw/v1/05/default/1/reports -Dspring.output.ansi.enabled=never surefire:test,investigation/raw/v1/05/default/1/reports/TEST-com.ai.token.experiment.FailureCasesTest.xml,test-runner report,5f65571a2bfc1bd741a6faf7a737b244dc730a02c876d31941f6deea3179e975,28727,115,9085,tiktoken 0.14.0 o200k_base
05,default,1,1,True,True,Unique index or primary key violation,mvn -o -B -ntp -Dmaven.repo.local=/Users/hadiranjbar/Downloads/java/token.usage/investigation/.m2 -Pinvestigation -Dtest=FailureCasesTest -Dexperiment.case=05 -Dexperiment.artifactDir=/Users/hadiranjbar/Downloads/java/token.usage/investigation/raw/v1/05/default/1 -Dexperiment.reportDir=/Users/hadiranjbar/Downloads/java/token.usage/investigation/raw/v1/05/default/1/reports -Dspring.output.ansi.enabled=never surefire:test,investigation/raw/v1/05/default/1/reports/com.ai.token.experiment.FailureCasesTest.txt,test-runner report,d936ccdf477bd8c738ef6fee9a807b128809c6e424f66c494130ed6082e6ce67,1930,27,456,tiktoken 0.14.0 o200k_base
05,default,1,1,True,True,Unique index or primary key violation,mvn -o -B -ntp -Dmaven.repo.local=/Users/hadiranjbar/Downloads/java/token.usage/investigation/.m2 -Pinvestigation -Dtest=FailureCasesTest -Dexperiment.case=05 -Dexperiment.artifactDir=/Users/hadiranjbar/Downloads/java/token.usage/investigation/raw/v1/05/default/1 -Dexperiment.reportDir=/Users/hadiranjbar/Downloads/java/token.usage/investigation/raw/v1/05/default/1/reports -Dspring.output.ansi.enabled=never surefire:test,investigation/raw/v1/05/default/1/stderr.log,Maven + forked JVM stderr,e3b0c44298fc1c149afbf4c8996fb92427ae41e4649b934ca495991b7852b855,0,0,0,tiktoken 0.14.0 o200k_base
05,default,1,1,True,True,Unique index or primary key violation,mvn -o -B -ntp -Dmaven.repo.local=/Users/hadiranjbar/Downloads/java/token.usage/investigation/.m2 -Pinvestigation -Dtest=FailureCasesTest -Dexperiment.case=05 -Dexperiment.artifactDir=/Users/hadiranjbar/Downloads/java/token.usage/investigation/raw/v1/05/default/1 -Dexperiment.reportDir=/Users/hadiranjbar/Downloads/java/token.usage/investigation/raw/v1/05/default/1/reports -Dspring.output.ansi.enabled=never surefire:test,investigation/raw/v1/05/default/1/stdout.log,Maven + forked JVM stdout,e746f7ec741ad5fb30c2a481d8a5e7d6beb1c7c6a84afd3b038e8f24315db572,4874,80,1333,tiktoken 0.14.0 o200k_base
05,default,2,1,True,True,Unique index or primary key violation,mvn -o -B -ntp -Dmaven.repo.local=/Users/hadiranjbar/Downloads/java/token.usage/investigation/.m2 -Pinvestigation -Dtest=FailureCasesTest -Dexperiment.case=05 -Dexperiment.artifactDir=/Users/hadiranjbar/Downloads/java/token.usage/investigation/raw/v1/05/default/2 -Dexperiment.reportDir=/Users/hadiranjbar/Downloads/java/token.usage/investigation/raw/v1/05/default/2/reports -Dspring.output.ansi.enabled=never surefire:test,investigation/raw/v1/05/default/2/reports/TEST-com.ai.token.experiment.FailureCasesTest.xml,test-runner report,7022e6fc2d65f65106ad97834ff2c2a14705b5245510ce09e0110111796414c9,28727,115,9085,tiktoken 0.14.0 o200k_base
05,default,2,1,True,True,Unique index or primary key violation,mvn -o -B -ntp -Dmaven.repo.local=/Users/hadiranjbar/Downloads/java/token.usage/investigation/.m2 -Pinvestigation -Dtest=FailureCasesTest -Dexperiment.case=05 -Dexperiment.artifactDir=/Users/hadiranjbar/Downloads/java/token.usage/investigation/raw/v1/05/default/2 -Dexperiment.reportDir=/Users/hadiranjbar/Downloads/java/token.usage/investigation/raw/v1/05/default/2/reports -Dspring.output.ansi.enabled=never surefire:test,investigation/raw/v1/05/default/2/reports/com.ai.token.experiment.FailureCasesTest.txt,test-runner report,5f912006a184167b5000de135615ab21d22caad3465842f65f16187caa54cb40,1930,27,456,tiktoken 0.14.0 o200k_base
05,default,2,1,True,True,Unique index or primary key violation,mvn -o -B -ntp -Dmaven.repo.local=/Users/hadiranjbar/Downloads/java/token.usage/investigation/.m2 -Pinvestigation -Dtest=FailureCasesTest -Dexperiment.case=05 -Dexperiment.artifactDir=/Users/hadiranjbar/Downloads/java/token.usage/investigation/raw/v1/05/default/2 -Dexperiment.reportDir=/Users/hadiranjbar/Downloads/java/token.usage/investigation/raw/v1/05/default/2/reports -Dspring.output.ansi.enabled=never surefire:test,investigation/raw/v1/05/default/2/stderr.log,Maven + forked JVM stderr,e3b0c44298fc1c149afbf4c8996fb92427ae41e4649b934ca495991b7852b855,0,0,0,tiktoken 0.14.0 o200k_base
05,default,2,1,True,True,Unique index or primary key violation,mvn -o -B -ntp -Dmaven.repo.local=/Users/hadiranjbar/Downloads/java/token.usage/investigation/.m2 -Pinvestigation -Dtest=FailureCasesTest -Dexperiment.case=05 -Dexperiment.artifactDir=/Users/hadiranjbar/Downloads/java/token.usage/investigation/raw/v1/05/default/2 -Dexperiment.reportDir=/Users/hadiranjbar/Downloads/java/token.usage/investigation/raw/v1/05/default/2/reports -Dspring.output.ansi.enabled=never surefire:test,investigation/raw/v1/05/default/2/stdout.log,Maven + forked JVM stdout,cf83ed5a3513552ed979b1ba96655b97ac4df4984e95ebaf4eee068d91bfc602,4874,80,1333,tiktoken 0.14.0 o200k_base
05,default,3,1,True,True,Unique index or primary key violation,mvn -o -B -ntp -Dmaven.repo.local=/Users/hadiranjbar/Downloads/java/token.usage/investigation/.m2 -Pinvestigation -Dtest=FailureCasesTest -Dexperiment.case=05 -Dexperiment.artifactDir=/Users/hadiranjbar/Downloads/java/token.usage/investigation/raw/v1/05/default/3 -Dexperiment.reportDir=/Users/hadiranjbar/Downloads/java/token.usage/investigation/raw/v1/05/default/3/reports -Dspring.output.ansi.enabled=never surefire:test,investigation/raw/v1/05/default/3/reports/TEST-com.ai.token.experiment.FailureCasesTest.xml,test-runner report,e3860d0511f84269774ea508c0ce7e7e57be49c86b27c4d84c37fd4676697dc3,28727,115,9085,tiktoken 0.14.0 o200k_base
05,default,3,1,True,True,Unique index or primary key violation,mvn -o -B -ntp -Dmaven.repo.local=/Users/hadiranjbar/Downloads/java/token.usage/investigation/.m2 -Pinvestigation -Dtest=FailureCasesTest -Dexperiment.case=05 -Dexperiment.artifactDir=/Users/hadiranjbar/Downloads/java/token.usage/investigation/raw/v1/05/default/3 -Dexperiment.reportDir=/Users/hadiranjbar/Downloads/java/token.usage/investigation/raw/v1/05/default/3/reports -Dspring.output.ansi.enabled=never surefire:test,investigation/raw/v1/05/default/3/reports/com.ai.token.experiment.FailureCasesTest.txt,test-runner report,57b5bb2627158a047eea14e1bf2d96f3c0165166b22dc518b58a6e09d54ba91c,1930,27,456,tiktoken 0.14.0 o200k_base
05,default,3,1,True,True,Unique index or primary key violation,mvn -o -B -ntp -Dmaven.repo.local=/Users/hadiranjbar/Downloads/java/token.usage/investigation/.m2 -Pinvestigation -Dtest=FailureCasesTest -Dexperiment.case=05 -Dexperiment.artifactDir=/Users/hadiranjbar/Downloads/java/token.usage/investigation/raw/v1/05/default/3 -Dexperiment.reportDir=/Users/hadiranjbar/Downloads/java/token.usage/investigation/raw/v1/05/default/3/reports -Dspring.output.ansi.enabled=never surefire:test,investigation/raw/v1/05/default/3/stderr.log,Maven + forked JVM stderr,e3b0c44298fc1c149afbf4c8996fb92427ae41e4649b934ca495991b7852b855,0,0,0,tiktoken 0.14.0 o200k_base
05,default,3,1,True,True,Unique index or primary key violation,mvn -o -B -ntp -Dmaven.repo.local=/Users/hadiranjbar/Downloads/java/token.usage/investigation/.m2 -Pinvestigation -Dtest=FailureCasesTest -Dexperiment.case=05 -Dexperiment.artifactDir=/Users/hadiranjbar/Downloads/java/token.usage/investigation/raw/v1/05/default/3 -Dexperiment.reportDir=/Users/hadiranjbar/Downloads/java/token.usage/investigation/raw/v1/05/default/3/reports -Dspring.output.ansi.enabled=never surefire:test,investigation/raw/v1/05/default/3/stdout.log,Maven + forked JVM stdout,75857148737dfc87bb1742b86f3fdb6b989c70d2bd37c3fd1c4ccb0ca6c2b10f,4874,80,1333,tiktoken 0.14.0 o200k_base
05,p1,1,1,True,True,Unique index or primary key violation,mvn -o -B -ntp -Dmaven.repo.local=/Users/hadiranjbar/Downloads/java/token.usage/investigation/.m2 -Pinvestigation -Dtest=FailureCasesTest -Dexperiment.case=05 -Dexperiment.artifactDir=/Users/hadiranjbar/Downloads/java/token.usage/investigation/raw/v1/05/p1/1 -Dexperiment.reportDir=/Users/hadiranjbar/Downloads/java/token.usage/investigation/raw/v1/05/p1/1/reports -Dspring.output.ansi.enabled=never -Dspring.profiles.active=p1 surefire:test,investigation/raw/v1/05/p1/1/reports/TEST-com.ai.token.experiment.FailureCasesTest.xml,test-runner report,79ebcb65fff350b4848056c1bc3e952d4c9f9d76aa57e61d17a32f72d670dd7d,28728,117,9093,tiktoken 0.14.0 o200k_base
05,p1,1,1,True,True,Unique index or primary key violation,mvn -o -B -ntp -Dmaven.repo.local=/Users/hadiranjbar/Downloads/java/token.usage/investigation/.m2 -Pinvestigation -Dtest=FailureCasesTest -Dexperiment.case=05 -Dexperiment.artifactDir=/Users/hadiranjbar/Downloads/java/token.usage/investigation/raw/v1/05/p1/1 -Dexperiment.reportDir=/Users/hadiranjbar/Downloads/java/token.usage/investigation/raw/v1/05/p1/1/reports -Dspring.output.ansi.enabled=never -Dspring.profiles.active=p1 surefire:test,investigation/raw/v1/05/p1/1/reports/com.ai.token.experiment.FailureCasesTest.txt,test-runner report,7804953f667a7ec7a3da733086d92e5840ec4618f15dc1c77db0fc500ed09d2a,1930,27,456,tiktoken 0.14.0 o200k_base
05,p1,1,1,True,True,Unique index or primary key violation,mvn -o -B -ntp -Dmaven.repo.local=/Users/hadiranjbar/Downloads/java/token.usage/investigation/.m2 -Pinvestigation -Dtest=FailureCasesTest -Dexperiment.case=05 -Dexperiment.artifactDir=/Users/hadiranjbar/Downloads/java/token.usage/investigation/raw/v1/05/p1/1 -Dexperiment.reportDir=/Users/hadiranjbar/Downloads/java/token.usage/investigation/raw/v1/05/p1/1/reports -Dspring.output.ansi.enabled=never -Dspring.profiles.active=p1 surefire:test,investigation/raw/v1/05/p1/1/stderr.log,Maven + forked JVM stderr,e3b0c44298fc1c149afbf4c8996fb92427ae41e4649b934ca495991b7852b855,0,0,0,tiktoken 0.14.0 o200k_base
05,p1,1,1,True,True,Unique index or primary key violation,mvn -o -B -ntp -Dmaven.repo.local=/Users/hadiranjbar/Downloads/java/token.usage/investigation/.m2 -Pinvestigation -Dtest=FailureCasesTest -Dexperiment.case=05 -Dexperiment.artifactDir=/Users/hadiranjbar/Downloads/java/token.usage/investigation/raw/v1/05/p1/1 -Dexperiment.reportDir=/Users/hadiranjbar/Downloads/java/token.usage/investigation/raw/v1/05/p1/1/reports -Dspring.output.ansi.enabled=never -Dspring.profiles.active=p1 surefire:test,investigation/raw/v1/05/p1/1/stdout.log,Maven + forked JVM stdout,9c8b36cef406e901cdb4f348469ea65050a0107233cb0f9024aef5f7f58023a0,4716,80,1288,tiktoken 0.14.0 o200k_base
05,p1,2,1,True,True,Unique index or primary key violation,mvn -o -B -ntp -Dmaven.repo.local=/Users/hadiranjbar/Downloads/java/token.usage/investigation/.m2 -Pinvestigation -Dtest=FailureCasesTest -Dexperiment.case=05 -Dexperiment.artifactDir=/Users/hadiranjbar/Downloads/java/token.usage/investigation/raw/v1/05/p1/2 -Dexperiment.reportDir=/Users/hadiranjbar/Downloads/java/token.usage/investigation/raw/v1/05/p1/2/reports -Dspring.output.ansi.enabled=never -Dspring.profiles.active=p1 surefire:test,investigation/raw/v1/05/p1/2/reports/TEST-com.ai.token.experiment.FailureCasesTest.xml,test-runner report,2f4eccf4454c475fbba06e9f7d471949f2539448c703b68e4024b4422bee1c09,28730,117,9093,tiktoken 0.14.0 o200k_base
05,p1,2,1,True,True,Unique index or primary key violation,mvn -o -B -ntp -Dmaven.repo.local=/Users/hadiranjbar/Downloads/java/token.usage/investigation/.m2 -Pinvestigation -Dtest=FailureCasesTest -Dexperiment.case=05 -Dexperiment.artifactDir=/Users/hadiranjbar/Downloads/java/token.usage/investigation/raw/v1/05/p1/2 -Dexperiment.reportDir=/Users/hadiranjbar/Downloads/java/token.usage/investigation/raw/v1/05/p1/2/reports -Dspring.output.ansi.enabled=never -Dspring.profiles.active=p1 surefire:test,investigation/raw/v1/05/p1/2/reports/com.ai.token.experiment.FailureCasesTest.txt,test-runner report,5f912006a184167b5000de135615ab21d22caad3465842f65f16187caa54cb40,1930,27,456,tiktoken 0.14.0 o200k_base
05,p1,2,1,True,True,Unique index or primary key violation,mvn -o -B -ntp -Dmaven.repo.local=/Users/hadiranjbar/Downloads/java/token.usage/investigation/.m2 -Pinvestigation -Dtest=FailureCasesTest -Dexperiment.case=05 -Dexperiment.artifactDir=/Users/hadiranjbar/Downloads/java/token.usage/investigation/raw/v1/05/p1/2 -Dexperiment.reportDir=/Users/hadiranjbar/Downloads/java/token.usage/investigation/raw/v1/05/p1/2/reports -Dspring.output.ansi.enabled=never -Dspring.profiles.active=p1 surefire:test,investigation/raw/v1/05/p1/2/stderr.log,Maven + forked JVM stderr,e3b0c44298fc1c149afbf4c8996fb92427ae41e4649b934ca495991b7852b855,0,0,0,tiktoken 0.14.0 o200k_base
05,p1,2,1,True,True,Unique index or primary key violation,mvn -o -B -ntp -Dmaven.repo.local=/Users/hadiranjbar/Downloads/java/token.usage/investigation/.m2 -Pinvestigation -Dtest=FailureCasesTest -Dexperiment.case=05 -Dexperiment.artifactDir=/Users/hadiranjbar/Downloads/java/token.usage/investigation/raw/v1/05/p1/2 -Dexperiment.reportDir=/Users/hadiranjbar/Downloads/java/token.usage/investigation/raw/v1/05/p1/2/reports -Dspring.output.ansi.enabled=never -Dspring.profiles.active=p1 surefire:test,investigation/raw/v1/05/p1/2/stdout.log,Maven + forked JVM stdout,10af2175f70df5df6802dbc665b26403b7108be46614950aa9c6c1c1684245a2,4716,80,1288,tiktoken 0.14.0 o200k_base
05,p1,3,1,True,True,Unique index or primary key violation,mvn -o -B -ntp -Dmaven.repo.local=/Users/hadiranjbar/Downloads/java/token.usage/investigation/.m2 -Pinvestigation -Dtest=FailureCasesTest -Dexperiment.case=05 -Dexperiment.artifactDir=/Users/hadiranjbar/Downloads/java/token.usage/investigation/raw/v1/05/p1/3 -Dexperiment.reportDir=/Users/hadiranjbar/Downloads/java/token.usage/investigation/raw/v1/05/p1/3/reports -Dspring.output.ansi.enabled=never -Dspring.profiles.active=p1 surefire:test,investigation/raw/v1/05/p1/3/reports/TEST-com.ai.token.experiment.FailureCasesTest.xml,test-runner report,be135c9333442fdcd67d65348268cf4f56c06381b406037a9b3bb60bfc3fc594,28729,117,9093,tiktoken 0.14.0 o200k_base
05,p1,3,1,True,True,Unique index or primary key violation,mvn -o -B -ntp -Dmaven.repo.local=/Users/hadiranjbar/Downloads/java/token.usage/investigation/.m2 -Pinvestigation -Dtest=FailureCasesTest -Dexperiment.case=05 -Dexperiment.artifactDir=/Users/hadiranjbar/Downloads/java/token.usage/investigation/raw/v1/05/p1/3 -Dexperiment.reportDir=/Users/hadiranjbar/Downloads/java/token.usage/investigation/raw/v1/05/p1/3/reports -Dspring.output.ansi.enabled=never -Dspring.profiles.active=p1 surefire:test,investigation/raw/v1/05/p1/3/reports/com.ai.token.experiment.FailureCasesTest.txt,test-runner report,14c20716c7078a1d4bbb9c37559bef07441f5d041add5be2347b8aa873f13737,1930,27,456,tiktoken 0.14.0 o200k_base
05,p1,3,1,True,True,Unique index or primary key violation,mvn -o -B -ntp -Dmaven.repo.local=/Users/hadiranjbar/Downloads/java/token.usage/investigation/.m2 -Pinvestigation -Dtest=FailureCasesTest -Dexperiment.case=05 -Dexperiment.artifactDir=/Users/hadiranjbar/Downloads/java/token.usage/investigation/raw/v1/05/p1/3 -Dexperiment.reportDir=/Users/hadiranjbar/Downloads/java/token.usage/investigation/raw/v1/05/p1/3/reports -Dspring.output.ansi.enabled=never -Dspring.profiles.active=p1 surefire:test,investigation/raw/v1/05/p1/3/stderr.log,Maven + forked JVM stderr,e3b0c44298fc1c149afbf4c8996fb92427ae41e4649b934ca495991b7852b855,0,0,0,tiktoken 0.14.0 o200k_base
05,p1,3,1,True,True,Unique index or primary key violation,mvn -o -B -ntp -Dmaven.repo.local=/Users/hadiranjbar/Downloads/java/token.usage/investigation/.m2 -Pinvestigation -Dtest=FailureCasesTest -Dexperiment.case=05 -Dexperiment.artifactDir=/Users/hadiranjbar/Downloads/java/token.usage/investigation/raw/v1/05/p1/3 -Dexperiment.reportDir=/Users/hadiranjbar/Downloads/java/token.usage/investigation/raw/v1/05/p1/3/reports -Dspring.output.ansi.enabled=never -Dspring.profiles.active=p1 surefire:test,investigation/raw/v1/05/p1/3/stdout.log,Maven + forked JVM stdout,53dbe76d26ea5157eb7af8b6c23c10d9b5a30751d52d55aa5a58b9151d908838,4716,80,1288,tiktoken 0.14.0 o200k_base
05,p4,1,1,True,True,Unique index or primary key violation,"mvn -o -B -ntp -Dmaven.repo.local=/Users/hadiranjbar/Downloads/java/token.usage/investigation/.m2 -Pinvestigation,agent-reports -Dtest=FailureCasesTest -Dexperiment.case=05 -Dexperiment.artifactDir=/Users/hadiranjbar/Downloads/java/token.usage/investigation/raw/v1/05/p4/1 -Dexperiment.reportDir=/Users/hadiranjbar/Downloads/java/token.usage/investigation/raw/v1/05/p4/1/reports -Dspring.output.ansi.enabled=never surefire:test",investigation/raw/v1/05/p4/1/reports/TEST-com.ai.token.experiment.FailureCasesTest.xml,test-runner report,2d2046a96736239f5773ba89e0d14f8cb379853dfec1b2f44bfde9f85165732f,27581,98,8809,tiktoken 0.14.0 o200k_base
05,p4,1,1,True,True,Unique index or primary key violation,"mvn -o -B -ntp -Dmaven.repo.local=/Users/hadiranjbar/Downloads/java/token.usage/investigation/.m2 -Pinvestigation,agent-reports -Dtest=FailureCasesTest -Dexperiment.case=05 -Dexperiment.artifactDir=/Users/hadiranjbar/Downloads/java/token.usage/investigation/raw/v1/05/p4/1 -Dexperiment.reportDir=/Users/hadiranjbar/Downloads/java/token.usage/investigation/raw/v1/05/p4/1/reports -Dspring.output.ansi.enabled=never surefire:test",investigation/raw/v1/05/p4/1/reports/com.ai.token.experiment.FailureCasesTest.txt,test-runner report,f981e89a3e2a2e22a3a143848151339d8d29df8c5439c443508dd88072896ddb,790,10,177,tiktoken 0.14.0 o200k_base
05,p4,1,1,True,True,Unique index or primary key violation,"mvn -o -B -ntp -Dmaven.repo.local=/Users/hadiranjbar/Downloads/java/token.usage/investigation/.m2 -Pinvestigation,agent-reports -Dtest=FailureCasesTest -Dexperiment.case=05 -Dexperiment.artifactDir=/Users/hadiranjbar/Downloads/java/token.usage/investigation/raw/v1/05/p4/1 -Dexperiment.reportDir=/Users/hadiranjbar/Downloads/java/token.usage/investigation/raw/v1/05/p4/1/reports -Dspring.output.ansi.enabled=never surefire:test",investigation/raw/v1/05/p4/1/stderr.log,Maven + forked JVM stderr,e3b0c44298fc1c149afbf4c8996fb92427ae41e4649b934ca495991b7852b855,0,0,0,tiktoken 0.14.0 o200k_base
05,p4,1,1,True,True,Unique index or primary key violation,"mvn -o -B -ntp -Dmaven.repo.local=/Users/hadiranjbar/Downloads/java/token.usage/investigation/.m2 -Pinvestigation,agent-reports -Dtest=FailureCasesTest -Dexperiment.case=05 -Dexperiment.artifactDir=/Users/hadiranjbar/Downloads/java/token.usage/investigation/raw/v1/05/p4/1 -Dexperiment.reportDir=/Users/hadiranjbar/Downloads/java/token.usage/investigation/raw/v1/05/p4/1/reports -Dspring.output.ansi.enabled=never surefire:test",investigation/raw/v1/05/p4/1/stdout.log,Maven + forked JVM stdout,aca564d494376a0c1ad116b55cb510b2358669c4f500dea076548aa225ba6908,3729,63,1055,tiktoken 0.14.0 o200k_base
05,p4,2,1,True,True,Unique index or primary key violation,"mvn -o -B -ntp -Dmaven.repo.local=/Users/hadiranjbar/Downloads/java/token.usage/investigation/.m2 -Pinvestigation,agent-reports -Dtest=FailureCasesTest -Dexperiment.case=05 -Dexperiment.artifactDir=/Users/hadiranjbar/Downloads/java/token.usage/investigation/raw/v1/05/p4/2 -Dexperiment.reportDir=/Users/hadiranjbar/Downloads/java/token.usage/investigation/raw/v1/05/p4/2/reports -Dspring.output.ansi.enabled=never surefire:test",investigation/raw/v1/05/p4/2/reports/TEST-com.ai.token.experiment.FailureCasesTest.xml,test-runner report,6097c307c85461dd5f1586fd1489f7f8a82c1cc4a64dc346d39bf577c862473f,27577,98,8808,tiktoken 0.14.0 o200k_base
05,p4,2,1,True,True,Unique index or primary key violation,"mvn -o -B -ntp -Dmaven.repo.local=/Users/hadiranjbar/Downloads/java/token.usage/investigation/.m2 -Pinvestigation,agent-reports -Dtest=FailureCasesTest -Dexperiment.case=05 -Dexperiment.artifactDir=/Users/hadiranjbar/Downloads/java/token.usage/investigation/raw/v1/05/p4/2 -Dexperiment.reportDir=/Users/hadiranjbar/Downloads/java/token.usage/investigation/raw/v1/05/p4/2/reports -Dspring.output.ansi.enabled=never surefire:test",investigation/raw/v1/05/p4/2/reports/com.ai.token.experiment.FailureCasesTest.txt,test-runner report,ee3b3e785da0963106aab4576d3fcd845ffbca75f6c3ffda03e055b999bd1455,790,10,177,tiktoken 0.14.0 o200k_base
05,p4,2,1,True,True,Unique index or primary key violation,"mvn -o -B -ntp -Dmaven.repo.local=/Users/hadiranjbar/Downloads/java/token.usage/investigation/.m2 -Pinvestigation,agent-reports -Dtest=FailureCasesTest -Dexperiment.case=05 -Dexperiment.artifactDir=/Users/hadiranjbar/Downloads/java/token.usage/investigation/raw/v1/05/p4/2 -Dexperiment.reportDir=/Users/hadiranjbar/Downloads/java/token.usage/investigation/raw/v1/05/p4/2/reports -Dspring.output.ansi.enabled=never surefire:test",investigation/raw/v1/05/p4/2/stderr.log,Maven + forked JVM stderr,e3b0c44298fc1c149afbf4c8996fb92427ae41e4649b934ca495991b7852b855,0,0,0,tiktoken 0.14.0 o200k_base
05,p4,2,1,True,True,Unique index or primary key violation,"mvn -o -B -ntp -Dmaven.repo.local=/Users/hadiranjbar/Downloads/java/token.usage/investigation/.m2 -Pinvestigation,agent-reports -Dtest=FailureCasesTest -Dexperiment.case=05 -Dexperiment.artifactDir=/Users/hadiranjbar/Downloads/java/token.usage/investigation/raw/v1/05/p4/2 -Dexperiment.reportDir=/Users/hadiranjbar/Downloads/java/token.usage/investigation/raw/v1/05/p4/2/reports -Dspring.output.ansi.enabled=never surefire:test",investigation/raw/v1/05/p4/2/stdout.log,Maven + forked JVM stdout,d735812011394c541115a028de173caee95bc69ca5934a0dba4f884f7174452a,3729,63,1055,tiktoken 0.14.0 o200k_base
05,p4,3,1,True,True,Unique index or primary key violation,"mvn -o -B -ntp -Dmaven.repo.local=/Users/hadiranjbar/Downloads/java/token.usage/investigation/.m2 -Pinvestigation,agent-reports -Dtest=FailureCasesTest -Dexperiment.case=05 -Dexperiment.artifactDir=/Users/hadiranjbar/Downloads/java/token.usage/investigation/raw/v1/05/p4/3 -Dexperiment.reportDir=/Users/hadiranjbar/Downloads/java/token.usage/investigation/raw/v1/05/p4/3/reports -Dspring.output.ansi.enabled=never surefire:test",investigation/raw/v1/05/p4/3/reports/TEST-com.ai.token.experiment.FailureCasesTest.xml,test-runner report,6ae2039be7b033c35c2e3b97aa72be23ee1362889e5bbd32304b56e456fe8506,27577,98,8808,tiktoken 0.14.0 o200k_base
05,p4,3,1,True,True,Unique index or primary key violation,"mvn -o -B -ntp -Dmaven.repo.local=/Users/hadiranjbar/Downloads/java/token.usage/investigation/.m2 -Pinvestigation,agent-reports -Dtest=FailureCasesTest -Dexperiment.case=05 -Dexperiment.artifactDir=/Users/hadiranjbar/Downloads/java/token.usage/investigation/raw/v1/05/p4/3 -Dexperiment.reportDir=/Users/hadiranjbar/Downloads/java/token.usage/investigation/raw/v1/05/p4/3/reports -Dspring.output.ansi.enabled=never surefire:test",investigation/raw/v1/05/p4/3/reports/com.ai.token.experiment.FailureCasesTest.txt,test-runner report,6f28841748d54383ca75d34a1b3a9e2d55d1b11f194f73a2175f5f87a8a1e487,790,10,177,tiktoken 0.14.0 o200k_base
05,p4,3,1,True,True,Unique index or primary key violation,"mvn -o -B -ntp -Dmaven.repo.local=/Users/hadiranjbar/Downloads/java/token.usage/investigation/.m2 -Pinvestigation,agent-reports -Dtest=FailureCasesTest -Dexperiment.case=05 -Dexperiment.artifactDir=/Users/hadiranjbar/Downloads/java/token.usage/investigation/raw/v1/05/p4/3 -Dexperiment.reportDir=/Users/hadiranjbar/Downloads/java/token.usage/investigation/raw/v1/05/p4/3/reports -Dspring.output.ansi.enabled=never surefire:test",investigation/raw/v1/05/p4/3/stderr.log,Maven + forked JVM stderr,e3b0c44298fc1c149afbf4c8996fb92427ae41e4649b934ca495991b7852b855,0,0,0,tiktoken 0.14.0 o200k_base
05,p4,3,1,True,True,Unique index or primary key violation,"mvn -o -B -ntp -Dmaven.repo.local=/Users/hadiranjbar/Downloads/java/token.usage/investigation/.m2 -Pinvestigation,agent-reports -Dtest=FailureCasesTest -Dexperiment.case=05 -Dexperiment.artifactDir=/Users/hadiranjbar/Downloads/java/token.usage/investigation/raw/v1/05/p4/3 -Dexperiment.reportDir=/Users/hadiranjbar/Downloads/java/token.usage/investigation/raw/v1/05/p4/3/reports -Dspring.output.ansi.enabled=never surefire:test",investigation/raw/v1/05/p4/3/stdout.log,Maven + forked JVM stdout,2cfc4af4c0412cba19de0916c733ed732a93c7a353bc5f16ec0407f277782c88,3729,63,1055,tiktoken 0.14.0 o200k_base
06,agent,1,1,True,True,both distinct users must be saved,"mvn -o -B -ntp -Dmaven.repo.local=/Users/hadiranjbar/Downloads/java/token.usage/investigation/.m2 -Pinvestigation,agent-reports -Dtest=FailureCasesTest -Dexperiment.case=06 -Dexperiment.artifactDir=/Users/hadiranjbar/Downloads/java/token.usage/investigation/raw/v1/06/agent/1 -Dexperiment.reportDir=/Users/hadiranjbar/Downloads/java/token.usage/investigation/raw/v1/06/agent/1/reports -Dspring.output.ansi.enabled=never -Dspring.profiles.active=agent -Dexperiment.deduplicate=true surefire:test",investigation/raw/v1/06/agent/1/reports/TEST-com.ai.token.experiment.FailureCasesTest.xml,test-runner report,e3589efba1208753c830e1b379d2ecc952f36d6b4c20e55e5b39a3f453705dd2,30529,129,9814,tiktoken 0.14.0 o200k_base
06,agent,1,1,True,True,both distinct users must be saved,"mvn -o -B -ntp -Dmaven.repo.local=/Users/hadiranjbar/Downloads/java/token.usage/investigation/.m2 -Pinvestigation,agent-reports -Dtest=FailureCasesTest -Dexperiment.case=06 -Dexperiment.artifactDir=/Users/hadiranjbar/Downloads/java/token.usage/investigation/raw/v1/06/agent/1 -Dexperiment.reportDir=/Users/hadiranjbar/Downloads/java/token.usage/investigation/raw/v1/06/agent/1/reports -Dspring.output.ansi.enabled=never -Dspring.profiles.active=agent -Dexperiment.deduplicate=true surefire:test",investigation/raw/v1/06/agent/1/reports/com.ai.token.experiment.FailureCasesTest.txt,test-runner report,572121232608ccd93bbb3f1974d1100a9462411efe8d17bb02249ee0c3d17334,621,8,134,tiktoken 0.14.0 o200k_base
06,agent,1,1,True,True,both distinct users must be saved,"mvn -o -B -ntp -Dmaven.repo.local=/Users/hadiranjbar/Downloads/java/token.usage/investigation/.m2 -Pinvestigation,agent-reports -Dtest=FailureCasesTest -Dexperiment.case=06 -Dexperiment.artifactDir=/Users/hadiranjbar/Downloads/java/token.usage/investigation/raw/v1/06/agent/1 -Dexperiment.reportDir=/Users/hadiranjbar/Downloads/java/token.usage/investigation/raw/v1/06/agent/1/reports -Dspring.output.ansi.enabled=never -Dspring.profiles.active=agent -Dexperiment.deduplicate=true surefire:test",investigation/raw/v1/06/agent/1/stderr.log,Maven + forked JVM stderr,e3b0c44298fc1c149afbf4c8996fb92427ae41e4649b934ca495991b7852b855,0,0,0,tiktoken 0.14.0 o200k_base
06,agent,1,1,True,True,both distinct users must be saved,"mvn -o -B -ntp -Dmaven.repo.local=/Users/hadiranjbar/Downloads/java/token.usage/investigation/.m2 -Pinvestigation,agent-reports -Dtest=FailureCasesTest -Dexperiment.case=06 -Dexperiment.artifactDir=/Users/hadiranjbar/Downloads/java/token.usage/investigation/raw/v1/06/agent/1 -Dexperiment.reportDir=/Users/hadiranjbar/Downloads/java/token.usage/investigation/raw/v1/06/agent/1/reports -Dspring.output.ansi.enabled=never -Dspring.profiles.active=agent -Dexperiment.deduplicate=true surefire:test",investigation/raw/v1/06/agent/1/stdout.log,Maven + forked JVM stdout,1abaceb2195fecd745d9d041725a995c5df882404a774f1077f7e72cd1e78019,6299,90,1931,tiktoken 0.14.0 o200k_base
06,agent,2,1,True,True,both distinct users must be saved,"mvn -o -B -ntp -Dmaven.repo.local=/Users/hadiranjbar/Downloads/java/token.usage/investigation/.m2 -Pinvestigation,agent-reports -Dtest=FailureCasesTest -Dexperiment.case=06 -Dexperiment.artifactDir=/Users/hadiranjbar/Downloads/java/token.usage/investigation/raw/v1/06/agent/2 -Dexperiment.reportDir=/Users/hadiranjbar/Downloads/java/token.usage/investigation/raw/v1/06/agent/2/reports -Dspring.output.ansi.enabled=never -Dspring.profiles.active=agent -Dexperiment.deduplicate=true surefire:test",investigation/raw/v1/06/agent/2/reports/TEST-com.ai.token.experiment.FailureCasesTest.xml,test-runner report,0c990b9e0a720b8881609d585ef49519f4b7ad8fabd6bfd53d193174383b4426,30533,129,9815,tiktoken 0.14.0 o200k_base
06,agent,2,1,True,True,both distinct users must be saved,"mvn -o -B -ntp -Dmaven.repo.local=/Users/hadiranjbar/Downloads/java/token.usage/investigation/.m2 -Pinvestigation,agent-reports -Dtest=FailureCasesTest -Dexperiment.case=06 -Dexperiment.artifactDir=/Users/hadiranjbar/Downloads/java/token.usage/investigation/raw/v1/06/agent/2 -Dexperiment.reportDir=/Users/hadiranjbar/Downloads/java/token.usage/investigation/raw/v1/06/agent/2/reports -Dspring.output.ansi.enabled=never -Dspring.profiles.active=agent -Dexperiment.deduplicate=true surefire:test",investigation/raw/v1/06/agent/2/reports/com.ai.token.experiment.FailureCasesTest.txt,test-runner report,5fbfc05205023bf0c634de991b310ff2cd08351636cbc961ca24a4b6c0333488,621,8,134,tiktoken 0.14.0 o200k_base
06,agent,2,1,True,True,both distinct users must be saved,"mvn -o -B -ntp -Dmaven.repo.local=/Users/hadiranjbar/Downloads/java/token.usage/investigation/.m2 -Pinvestigation,agent-reports -Dtest=FailureCasesTest -Dexperiment.case=06 -Dexperiment.artifactDir=/Users/hadiranjbar/Downloads/java/token.usage/investigation/raw/v1/06/agent/2 -Dexperiment.reportDir=/Users/hadiranjbar/Downloads/java/token.usage/investigation/raw/v1/06/agent/2/reports -Dspring.output.ansi.enabled=never -Dspring.profiles.active=agent -Dexperiment.deduplicate=true surefire:test",investigation/raw/v1/06/agent/2/stderr.log,Maven + forked JVM stderr,e3b0c44298fc1c149afbf4c8996fb92427ae41e4649b934ca495991b7852b855,0,0,0,tiktoken 0.14.0 o200k_base
06,agent,2,1,True,True,both distinct users must be saved,"mvn -o -B -ntp -Dmaven.repo.local=/Users/hadiranjbar/Downloads/java/token.usage/investigation/.m2 -Pinvestigation,agent-reports -Dtest=FailureCasesTest -Dexperiment.case=06 -Dexperiment.artifactDir=/Users/hadiranjbar/Downloads/java/token.usage/investigation/raw/v1/06/agent/2 -Dexperiment.reportDir=/Users/hadiranjbar/Downloads/java/token.usage/investigation/raw/v1/06/agent/2/reports -Dspring.output.ansi.enabled=never -Dspring.profiles.active=agent -Dexperiment.deduplicate=true surefire:test",investigation/raw/v1/06/agent/2/stdout.log,Maven + forked JVM stdout,94740895c7e56a0c31e2b2dcbe2b3905bfc3138500d2f5948dca259ac357ccf6,6299,90,1931,tiktoken 0.14.0 o200k_base
06,agent,3,1,True,True,both distinct users must be saved,"mvn -o -B -ntp -Dmaven.repo.local=/Users/hadiranjbar/Downloads/java/token.usage/investigation/.m2 -Pinvestigation,agent-reports -Dtest=FailureCasesTest -Dexperiment.case=06 -Dexperiment.artifactDir=/Users/hadiranjbar/Downloads/java/token.usage/investigation/raw/v1/06/agent/3 -Dexperiment.reportDir=/Users/hadiranjbar/Downloads/java/token.usage/investigation/raw/v1/06/agent/3/reports -Dspring.output.ansi.enabled=never -Dspring.profiles.active=agent -Dexperiment.deduplicate=true surefire:test",investigation/raw/v1/06/agent/3/reports/TEST-com.ai.token.experiment.FailureCasesTest.xml,test-runner report,54e971cb4f3ffb7b42711d65223ee9b7c22c6168a8efa1932066b8da280df343,30532,129,9815,tiktoken 0.14.0 o200k_base
06,agent,3,1,True,True,both distinct users must be saved,"mvn -o -B -ntp -Dmaven.repo.local=/Users/hadiranjbar/Downloads/java/token.usage/investigation/.m2 -Pinvestigation,agent-reports -Dtest=FailureCasesTest -Dexperiment.case=06 -Dexperiment.artifactDir=/Users/hadiranjbar/Downloads/java/token.usage/investigation/raw/v1/06/agent/3 -Dexperiment.reportDir=/Users/hadiranjbar/Downloads/java/token.usage/investigation/raw/v1/06/agent/3/reports -Dspring.output.ansi.enabled=never -Dspring.profiles.active=agent -Dexperiment.deduplicate=true surefire:test",investigation/raw/v1/06/agent/3/reports/com.ai.token.experiment.FailureCasesTest.txt,test-runner report,3e523cd7190010bdb98145cf1fddfb7b8a2fac44a45f961adddf09b070c9b599,621,8,134,tiktoken 0.14.0 o200k_base
06,agent,3,1,True,True,both distinct users must be saved,"mvn -o -B -ntp -Dmaven.repo.local=/Users/hadiranjbar/Downloads/java/token.usage/investigation/.m2 -Pinvestigation,agent-reports -Dtest=FailureCasesTest -Dexperiment.case=06 -Dexperiment.artifactDir=/Users/hadiranjbar/Downloads/java/token.usage/investigation/raw/v1/06/agent/3 -Dexperiment.reportDir=/Users/hadiranjbar/Downloads/java/token.usage/investigation/raw/v1/06/agent/3/reports -Dspring.output.ansi.enabled=never -Dspring.profiles.active=agent -Dexperiment.deduplicate=true surefire:test",investigation/raw/v1/06/agent/3/stderr.log,Maven + forked JVM stderr,e3b0c44298fc1c149afbf4c8996fb92427ae41e4649b934ca495991b7852b855,0,0,0,tiktoken 0.14.0 o200k_base
06,agent,3,1,True,True,both distinct users must be saved,"mvn -o -B -ntp -Dmaven.repo.local=/Users/hadiranjbar/Downloads/java/token.usage/investigation/.m2 -Pinvestigation,agent-reports -Dtest=FailureCasesTest -Dexperiment.case=06 -Dexperiment.artifactDir=/Users/hadiranjbar/Downloads/java/token.usage/investigation/raw/v1/06/agent/3 -Dexperiment.reportDir=/Users/hadiranjbar/Downloads/java/token.usage/investigation/raw/v1/06/agent/3/reports -Dspring.output.ansi.enabled=never -Dspring.profiles.active=agent -Dexperiment.deduplicate=true surefire:test",investigation/raw/v1/06/agent/3/stdout.log,Maven + forked JVM stdout,ca21ba919d707260893d0930b8032a094101935686dd19ecf6703759e84ee260,6299,90,1931,tiktoken 0.14.0 o200k_base
06,default,1,1,True,True,both distinct users must be saved,mvn -o -B -ntp -Dmaven.repo.local=/Users/hadiranjbar/Downloads/java/token.usage/investigation/.m2 -Pinvestigation -Dtest=FailureCasesTest -Dexperiment.case=06 -Dexperiment.artifactDir=/Users/hadiranjbar/Downloads/java/token.usage/investigation/raw/v1/06/default/1 -Dexperiment.reportDir=/Users/hadiranjbar/Downloads/java/token.usage/investigation/raw/v1/06/default/1/reports -Dspring.output.ansi.enabled=never surefire:test,investigation/raw/v1/06/default/1/reports/TEST-com.ai.token.experiment.FailureCasesTest.xml,test-runner report,aaeb2be98e32f62768829249d726ccde21b9a29585e5fa5703d93d3b7f89185a,55510,311,16984,tiktoken 0.14.0 o200k_base
06,default,1,1,True,True,both distinct users must be saved,mvn -o -B -ntp -Dmaven.repo.local=/Users/hadiranjbar/Downloads/java/token.usage/investigation/.m2 -Pinvestigation -Dtest=FailureCasesTest -Dexperiment.case=06 -Dexperiment.artifactDir=/Users/hadiranjbar/Downloads/java/token.usage/investigation/raw/v1/06/default/1 -Dexperiment.reportDir=/Users/hadiranjbar/Downloads/java/token.usage/investigation/raw/v1/06/default/1/reports -Dspring.output.ansi.enabled=never surefire:test,investigation/raw/v1/06/default/1/reports/com.ai.token.experiment.FailureCasesTest.txt,test-runner report,210dbe316f7fc5f6ec696f7563a53e8ca72fac871393894f01c21bc38f25629e,1015,13,219,tiktoken 0.14.0 o200k_base
06,default,1,1,True,True,both distinct users must be saved,mvn -o -B -ntp -Dmaven.repo.local=/Users/hadiranjbar/Downloads/java/token.usage/investigation/.m2 -Pinvestigation -Dtest=FailureCasesTest -Dexperiment.case=06 -Dexperiment.artifactDir=/Users/hadiranjbar/Downloads/java/token.usage/investigation/raw/v1/06/default/1 -Dexperiment.reportDir=/Users/hadiranjbar/Downloads/java/token.usage/investigation/raw/v1/06/default/1/reports -Dspring.output.ansi.enabled=never surefire:test,investigation/raw/v1/06/default/1/stderr.log,Maven + forked JVM stderr,e3b0c44298fc1c149afbf4c8996fb92427ae41e4649b934ca495991b7852b855,0,0,0,tiktoken 0.14.0 o200k_base
06,default,1,1,True,True,both distinct users must be saved,mvn -o -B -ntp -Dmaven.repo.local=/Users/hadiranjbar/Downloads/java/token.usage/investigation/.m2 -Pinvestigation -Dtest=FailureCasesTest -Dexperiment.case=06 -Dexperiment.artifactDir=/Users/hadiranjbar/Downloads/java/token.usage/investigation/raw/v1/06/default/1 -Dexperiment.reportDir=/Users/hadiranjbar/Downloads/java/token.usage/investigation/raw/v1/06/default/1/reports -Dspring.output.ansi.enabled=never surefire:test,investigation/raw/v1/06/default/1/stdout.log,Maven + forked JVM stdout,fd05d7a69ffbf0c9797364d6264ef0e466cb9f27e23bace25f020882fe535823,31672,275,9234,tiktoken 0.14.0 o200k_base
06,default,2,1,True,True,both distinct users must be saved,mvn -o -B -ntp -Dmaven.repo.local=/Users/hadiranjbar/Downloads/java/token.usage/investigation/.m2 -Pinvestigation -Dtest=FailureCasesTest -Dexperiment.case=06 -Dexperiment.artifactDir=/Users/hadiranjbar/Downloads/java/token.usage/investigation/raw/v1/06/default/2 -Dexperiment.reportDir=/Users/hadiranjbar/Downloads/java/token.usage/investigation/raw/v1/06/default/2/reports -Dspring.output.ansi.enabled=never surefire:test,investigation/raw/v1/06/default/2/reports/TEST-com.ai.token.experiment.FailureCasesTest.xml,test-runner report,5d6f8233054a0d2cba2f4a503fda0717e054bcb66414daf0f982c148b421ac72,55514,311,16985,tiktoken 0.14.0 o200k_base
06,default,2,1,True,True,both distinct users must be saved,mvn -o -B -ntp -Dmaven.repo.local=/Users/hadiranjbar/Downloads/java/token.usage/investigation/.m2 -Pinvestigation -Dtest=FailureCasesTest -Dexperiment.case=06 -Dexperiment.artifactDir=/Users/hadiranjbar/Downloads/java/token.usage/investigation/raw/v1/06/default/2 -Dexperiment.reportDir=/Users/hadiranjbar/Downloads/java/token.usage/investigation/raw/v1/06/default/2/reports -Dspring.output.ansi.enabled=never surefire:test,investigation/raw/v1/06/default/2/reports/com.ai.token.experiment.FailureCasesTest.txt,test-runner report,3c96c5b4fd5aeefe16d250b6b95e38a516516863ba96d133136f7f7660b50705,1015,13,219,tiktoken 0.14.0 o200k_base
06,default,2,1,True,True,both distinct users must be saved,mvn -o -B -ntp -Dmaven.repo.local=/Users/hadiranjbar/Downloads/java/token.usage/investigation/.m2 -Pinvestigation -Dtest=FailureCasesTest -Dexperiment.case=06 -Dexperiment.artifactDir=/Users/hadiranjbar/Downloads/java/token.usage/investigation/raw/v1/06/default/2 -Dexperiment.reportDir=/Users/hadiranjbar/Downloads/java/token.usage/investigation/raw/v1/06/default/2/reports -Dspring.output.ansi.enabled=never surefire:test,investigation/raw/v1/06/default/2/stderr.log,Maven + forked JVM stderr,e3b0c44298fc1c149afbf4c8996fb92427ae41e4649b934ca495991b7852b855,0,0,0,tiktoken 0.14.0 o200k_base
06,default,2,1,True,True,both distinct users must be saved,mvn -o -B -ntp -Dmaven.repo.local=/Users/hadiranjbar/Downloads/java/token.usage/investigation/.m2 -Pinvestigation -Dtest=FailureCasesTest -Dexperiment.case=06 -Dexperiment.artifactDir=/Users/hadiranjbar/Downloads/java/token.usage/investigation/raw/v1/06/default/2 -Dexperiment.reportDir=/Users/hadiranjbar/Downloads/java/token.usage/investigation/raw/v1/06/default/2/reports -Dspring.output.ansi.enabled=never surefire:test,investigation/raw/v1/06/default/2/stdout.log,Maven + forked JVM stdout,24695cd64380a7c2eead822fbd7d4fab9453d29d4e70955e3c30ffa4486239f1,31672,275,9234,tiktoken 0.14.0 o200k_base
06,default,3,1,True,True,both distinct users must be saved,mvn -o -B -ntp -Dmaven.repo.local=/Users/hadiranjbar/Downloads/java/token.usage/investigation/.m2 -Pinvestigation -Dtest=FailureCasesTest -Dexperiment.case=06 -Dexperiment.artifactDir=/Users/hadiranjbar/Downloads/java/token.usage/investigation/raw/v1/06/default/3 -Dexperiment.reportDir=/Users/hadiranjbar/Downloads/java/token.usage/investigation/raw/v1/06/default/3/reports -Dspring.output.ansi.enabled=never surefire:test,investigation/raw/v1/06/default/3/reports/TEST-com.ai.token.experiment.FailureCasesTest.xml,test-runner report,3abf4c405158539f1325ac98a768ecd8b9c13de45cfdbe7c0076fc04ce05c798,55514,311,16985,tiktoken 0.14.0 o200k_base
06,default,3,1,True,True,both distinct users must be saved,mvn -o -B -ntp -Dmaven.repo.local=/Users/hadiranjbar/Downloads/java/token.usage/investigation/.m2 -Pinvestigation -Dtest=FailureCasesTest -Dexperiment.case=06 -Dexperiment.artifactDir=/Users/hadiranjbar/Downloads/java/token.usage/investigation/raw/v1/06/default/3 -Dexperiment.reportDir=/Users/hadiranjbar/Downloads/java/token.usage/investigation/raw/v1/06/default/3/reports -Dspring.output.ansi.enabled=never surefire:test,investigation/raw/v1/06/default/3/reports/com.ai.token.experiment.FailureCasesTest.txt,test-runner report,9a7ec1f8e60d1ac4a875d7d1d6769f079183822263c7dd2ecc98d4df224037ea,1015,13,219,tiktoken 0.14.0 o200k_base
06,default,3,1,True,True,both distinct users must be saved,mvn -o -B -ntp -Dmaven.repo.local=/Users/hadiranjbar/Downloads/java/token.usage/investigation/.m2 -Pinvestigation -Dtest=FailureCasesTest -Dexperiment.case=06 -Dexperiment.artifactDir=/Users/hadiranjbar/Downloads/java/token.usage/investigation/raw/v1/06/default/3 -Dexperiment.reportDir=/Users/hadiranjbar/Downloads/java/token.usage/investigation/raw/v1/06/default/3/reports -Dspring.output.ansi.enabled=never surefire:test,investigation/raw/v1/06/default/3/stderr.log,Maven + forked JVM stderr,e3b0c44298fc1c149afbf4c8996fb92427ae41e4649b934ca495991b7852b855,0,0,0,tiktoken 0.14.0 o200k_base
06,default,3,1,True,True,both distinct users must be saved,mvn -o -B -ntp -Dmaven.repo.local=/Users/hadiranjbar/Downloads/java/token.usage/investigation/.m2 -Pinvestigation -Dtest=FailureCasesTest -Dexperiment.case=06 -Dexperiment.artifactDir=/Users/hadiranjbar/Downloads/java/token.usage/investigation/raw/v1/06/default/3 -Dexperiment.reportDir=/Users/hadiranjbar/Downloads/java/token.usage/investigation/raw/v1/06/default/3/reports -Dspring.output.ansi.enabled=never surefire:test,investigation/raw/v1/06/default/3/stdout.log,Maven + forked JVM stdout,0cfe001d27dd2d69b7f0cbd43f9494ef4dea2d44f06980831be96d21c2a2699c,31672,275,9234,tiktoken 0.14.0 o200k_base
06,p1,1,1,True,True,both distinct users must be saved,mvn -o -B -ntp -Dmaven.repo.local=/Users/hadiranjbar/Downloads/java/token.usage/investigation/.m2 -Pinvestigation -Dtest=FailureCasesTest -Dexperiment.case=06 -Dexperiment.artifactDir=/Users/hadiranjbar/Downloads/java/token.usage/investigation/raw/v1/06/p1/1 -Dexperiment.reportDir=/Users/hadiranjbar/Downloads/java/token.usage/investigation/raw/v1/06/p1/1/reports -Dspring.output.ansi.enabled=never -Dspring.profiles.active=p1 surefire:test,investigation/raw/v1/06/p1/1/reports/TEST-com.ai.token.experiment.FailureCasesTest.xml,test-runner report,adad42a378fc0b283bdc5648e51eef52782bb80711a862b50c13c7b9aaaaa8ee,55389,313,16948,tiktoken 0.14.0 o200k_base
06,p1,1,1,True,True,both distinct users must be saved,mvn -o -B -ntp -Dmaven.repo.local=/Users/hadiranjbar/Downloads/java/token.usage/investigation/.m2 -Pinvestigation -Dtest=FailureCasesTest -Dexperiment.case=06 -Dexperiment.artifactDir=/Users/hadiranjbar/Downloads/java/token.usage/investigation/raw/v1/06/p1/1 -Dexperiment.reportDir=/Users/hadiranjbar/Downloads/java/token.usage/investigation/raw/v1/06/p1/1/reports -Dspring.output.ansi.enabled=never -Dspring.profiles.active=p1 surefire:test,investigation/raw/v1/06/p1/1/reports/com.ai.token.experiment.FailureCasesTest.txt,test-runner report,5c6ba481259838c85fdb6cf29435930781a4bee0a15cbdfc0e2737b0ac8853ed,1015,13,219,tiktoken 0.14.0 o200k_base
06,p1,1,1,True,True,both distinct users must be saved,mvn -o -B -ntp -Dmaven.repo.local=/Users/hadiranjbar/Downloads/java/token.usage/investigation/.m2 -Pinvestigation -Dtest=FailureCasesTest -Dexperiment.case=06 -Dexperiment.artifactDir=/Users/hadiranjbar/Downloads/java/token.usage/investigation/raw/v1/06/p1/1 -Dexperiment.reportDir=/Users/hadiranjbar/Downloads/java/token.usage/investigation/raw/v1/06/p1/1/reports -Dspring.output.ansi.enabled=never -Dspring.profiles.active=p1 surefire:test,investigation/raw/v1/06/p1/1/stderr.log,Maven + forked JVM stderr,e3b0c44298fc1c149afbf4c8996fb92427ae41e4649b934ca495991b7852b855,0,0,0,tiktoken 0.14.0 o200k_base
06,p1,1,1,True,True,both distinct users must be saved,mvn -o -B -ntp -Dmaven.repo.local=/Users/hadiranjbar/Downloads/java/token.usage/investigation/.m2 -Pinvestigation -Dtest=FailureCasesTest -Dexperiment.case=06 -Dexperiment.artifactDir=/Users/hadiranjbar/Downloads/java/token.usage/investigation/raw/v1/06/p1/1 -Dexperiment.reportDir=/Users/hadiranjbar/Downloads/java/token.usage/investigation/raw/v1/06/p1/1/reports -Dspring.output.ansi.enabled=never -Dspring.profiles.active=p1 surefire:test,investigation/raw/v1/06/p1/1/stdout.log,Maven + forked JVM stdout,5a36de09cc5a0dea3e064183a20489a2d1d8616e895da1c70858bae789db9fa3,31390,275,9145,tiktoken 0.14.0 o200k_base
06,p1,2,1,True,True,both distinct users must be saved,mvn -o -B -ntp -Dmaven.repo.local=/Users/hadiranjbar/Downloads/java/token.usage/investigation/.m2 -Pinvestigation -Dtest=FailureCasesTest -Dexperiment.case=06 -Dexperiment.artifactDir=/Users/hadiranjbar/Downloads/java/token.usage/investigation/raw/v1/06/p1/2 -Dexperiment.reportDir=/Users/hadiranjbar/Downloads/java/token.usage/investigation/raw/v1/06/p1/2/reports -Dspring.output.ansi.enabled=never -Dspring.profiles.active=p1 surefire:test,investigation/raw/v1/06/p1/2/reports/TEST-com.ai.token.experiment.FailureCasesTest.xml,test-runner report,d3156050f40d2bada10a8bf6dba906922d490ec992b300bbd5b7a4f18e4fbb51,55389,313,16948,tiktoken 0.14.0 o200k_base
06,p1,2,1,True,True,both distinct users must be saved,mvn -o -B -ntp -Dmaven.repo.local=/Users/hadiranjbar/Downloads/java/token.usage/investigation/.m2 -Pinvestigation -Dtest=FailureCasesTest -Dexperiment.case=06 -Dexperiment.artifactDir=/Users/hadiranjbar/Downloads/java/token.usage/investigation/raw/v1/06/p1/2 -Dexperiment.reportDir=/Users/hadiranjbar/Downloads/java/token.usage/investigation/raw/v1/06/p1/2/reports -Dspring.output.ansi.enabled=never -Dspring.profiles.active=p1 surefire:test,investigation/raw/v1/06/p1/2/reports/com.ai.token.experiment.FailureCasesTest.txt,test-runner report,77ef23fd26ea5965b012db6e72432eaa050b6f216b063f4b9e8f32401a9d6a68,1015,13,219,tiktoken 0.14.0 o200k_base
06,p1,2,1,True,True,both distinct users must be saved,mvn -o -B -ntp -Dmaven.repo.local=/Users/hadiranjbar/Downloads/java/token.usage/investigation/.m2 -Pinvestigation -Dtest=FailureCasesTest -Dexperiment.case=06 -Dexperiment.artifactDir=/Users/hadiranjbar/Downloads/java/token.usage/investigation/raw/v1/06/p1/2 -Dexperiment.reportDir=/Users/hadiranjbar/Downloads/java/token.usage/investigation/raw/v1/06/p1/2/reports -Dspring.output.ansi.enabled=never -Dspring.profiles.active=p1 surefire:test,investigation/raw/v1/06/p1/2/stderr.log,Maven + forked JVM stderr,e3b0c44298fc1c149afbf4c8996fb92427ae41e4649b934ca495991b7852b855,0,0,0,tiktoken 0.14.0 o200k_base
06,p1,2,1,True,True,both distinct users must be saved,mvn -o -B -ntp -Dmaven.repo.local=/Users/hadiranjbar/Downloads/java/token.usage/investigation/.m2 -Pinvestigation -Dtest=FailureCasesTest -Dexperiment.case=06 -Dexperiment.artifactDir=/Users/hadiranjbar/Downloads/java/token.usage/investigation/raw/v1/06/p1/2 -Dexperiment.reportDir=/Users/hadiranjbar/Downloads/java/token.usage/investigation/raw/v1/06/p1/2/reports -Dspring.output.ansi.enabled=never -Dspring.profiles.active=p1 surefire:test,investigation/raw/v1/06/p1/2/stdout.log,Maven + forked JVM stdout,fade528bee7c189f67ebc073902255d99e065ac1147b603f9ce7c230a34e19db,31390,275,9145,tiktoken 0.14.0 o200k_base
06,p1,3,1,True,True,both distinct users must be saved,mvn -o -B -ntp -Dmaven.repo.local=/Users/hadiranjbar/Downloads/java/token.usage/investigation/.m2 -Pinvestigation -Dtest=FailureCasesTest -Dexperiment.case=06 -Dexperiment.artifactDir=/Users/hadiranjbar/Downloads/java/token.usage/investigation/raw/v1/06/p1/3 -Dexperiment.reportDir=/Users/hadiranjbar/Downloads/java/token.usage/investigation/raw/v1/06/p1/3/reports -Dspring.output.ansi.enabled=never -Dspring.profiles.active=p1 surefire:test,investigation/raw/v1/06/p1/3/reports/TEST-com.ai.token.experiment.FailureCasesTest.xml,test-runner report,585a1c210f97678b08f895e1a0a364dadfeb24367f8905afc4b84f285936d159,55389,313,16948,tiktoken 0.14.0 o200k_base
06,p1,3,1,True,True,both distinct users must be saved,mvn -o -B -ntp -Dmaven.repo.local=/Users/hadiranjbar/Downloads/java/token.usage/investigation/.m2 -Pinvestigation -Dtest=FailureCasesTest -Dexperiment.case=06 -Dexperiment.artifactDir=/Users/hadiranjbar/Downloads/java/token.usage/investigation/raw/v1/06/p1/3 -Dexperiment.reportDir=/Users/hadiranjbar/Downloads/java/token.usage/investigation/raw/v1/06/p1/3/reports -Dspring.output.ansi.enabled=never -Dspring.profiles.active=p1 surefire:test,investigation/raw/v1/06/p1/3/reports/com.ai.token.experiment.FailureCasesTest.txt,test-runner report,2726410f2757a7a3df2e3927728e56247850c781b4113ede2352b419feb7dae2,1015,13,219,tiktoken 0.14.0 o200k_base
06,p1,3,1,True,True,both distinct users must be saved,mvn -o -B -ntp -Dmaven.repo.local=/Users/hadiranjbar/Downloads/java/token.usage/investigation/.m2 -Pinvestigation -Dtest=FailureCasesTest -Dexperiment.case=06 -Dexperiment.artifactDir=/Users/hadiranjbar/Downloads/java/token.usage/investigation/raw/v1/06/p1/3 -Dexperiment.reportDir=/Users/hadiranjbar/Downloads/java/token.usage/investigation/raw/v1/06/p1/3/reports -Dspring.output.ansi.enabled=never -Dspring.profiles.active=p1 surefire:test,investigation/raw/v1/06/p1/3/stderr.log,Maven + forked JVM stderr,e3b0c44298fc1c149afbf4c8996fb92427ae41e4649b934ca495991b7852b855,0,0,0,tiktoken 0.14.0 o200k_base
06,p1,3,1,True,True,both distinct users must be saved,mvn -o -B -ntp -Dmaven.repo.local=/Users/hadiranjbar/Downloads/java/token.usage/investigation/.m2 -Pinvestigation -Dtest=FailureCasesTest -Dexperiment.case=06 -Dexperiment.artifactDir=/Users/hadiranjbar/Downloads/java/token.usage/investigation/raw/v1/06/p1/3 -Dexperiment.reportDir=/Users/hadiranjbar/Downloads/java/token.usage/investigation/raw/v1/06/p1/3/reports -Dspring.output.ansi.enabled=never -Dspring.profiles.active=p1 surefire:test,investigation/raw/v1/06/p1/3/stdout.log,Maven + forked JVM stdout,2d931eaaad2e3eb59d78b93b91e679ab37e8c40f5a923ef1d01105daee720a2d,31390,275,9145,tiktoken 0.14.0 o200k_base
06,p2,1,1,True,True,both distinct users must be saved,mvn -o -B -ntp -Dmaven.repo.local=/Users/hadiranjbar/Downloads/java/token.usage/investigation/.m2 -Pinvestigation -Dtest=FailureCasesTest -Dexperiment.case=06 -Dexperiment.artifactDir=/Users/hadiranjbar/Downloads/java/token.usage/investigation/raw/v1/06/p2/1 -Dexperiment.reportDir=/Users/hadiranjbar/Downloads/java/token.usage/investigation/raw/v1/06/p2/1/reports -Dspring.output.ansi.enabled=never -Dspring.profiles.active=p2 surefire:test,investigation/raw/v1/06/p2/1/reports/TEST-com.ai.token.experiment.FailureCasesTest.xml,test-runner report,26a03b3eb63e3a028c95689c3d725a43a33da9fc8bded9bff613b17046d91f5e,55670,312,17057,tiktoken 0.14.0 o200k_base
06,p2,1,1,True,True,both distinct users must be saved,mvn -o -B -ntp -Dmaven.repo.local=/Users/hadiranjbar/Downloads/java/token.usage/investigation/.m2 -Pinvestigation -Dtest=FailureCasesTest -Dexperiment.case=06 -Dexperiment.artifactDir=/Users/hadiranjbar/Downloads/java/token.usage/investigation/raw/v1/06/p2/1 -Dexperiment.reportDir=/Users/hadiranjbar/Downloads/java/token.usage/investigation/raw/v1/06/p2/1/reports -Dspring.output.ansi.enabled=never -Dspring.profiles.active=p2 surefire:test,investigation/raw/v1/06/p2/1/reports/com.ai.token.experiment.FailureCasesTest.txt,test-runner report,b24cb270946119df5de83e7276881f6b7288afd196b4d58dd33882af96e35321,1015,13,219,tiktoken 0.14.0 o200k_base
06,p2,1,1,True,True,both distinct users must be saved,mvn -o -B -ntp -Dmaven.repo.local=/Users/hadiranjbar/Downloads/java/token.usage/investigation/.m2 -Pinvestigation -Dtest=FailureCasesTest -Dexperiment.case=06 -Dexperiment.artifactDir=/Users/hadiranjbar/Downloads/java/token.usage/investigation/raw/v1/06/p2/1 -Dexperiment.reportDir=/Users/hadiranjbar/Downloads/java/token.usage/investigation/raw/v1/06/p2/1/reports -Dspring.output.ansi.enabled=never -Dspring.profiles.active=p2 surefire:test,investigation/raw/v1/06/p2/1/stderr.log,Maven + forked JVM stderr,e3b0c44298fc1c149afbf4c8996fb92427ae41e4649b934ca495991b7852b855,0,0,0,tiktoken 0.14.0 o200k_base
06,p2,1,1,True,True,both distinct users must be saved,mvn -o -B -ntp -Dmaven.repo.local=/Users/hadiranjbar/Downloads/java/token.usage/investigation/.m2 -Pinvestigation -Dtest=FailureCasesTest -Dexperiment.case=06 -Dexperiment.artifactDir=/Users/hadiranjbar/Downloads/java/token.usage/investigation/raw/v1/06/p2/1 -Dexperiment.reportDir=/Users/hadiranjbar/Downloads/java/token.usage/investigation/raw/v1/06/p2/1/reports -Dspring.output.ansi.enabled=never -Dspring.profiles.active=p2 surefire:test,investigation/raw/v1/06/p2/1/stdout.log,Maven + forked JVM stdout,6ec9b804118995054b36e15145f8bb730554c104e742292b6b9158892778c095,31781,275,9291,tiktoken 0.14.0 o200k_base
06,p2,2,1,True,True,both distinct users must be saved,mvn -o -B -ntp -Dmaven.repo.local=/Users/hadiranjbar/Downloads/java/token.usage/investigation/.m2 -Pinvestigation -Dtest=FailureCasesTest -Dexperiment.case=06 -Dexperiment.artifactDir=/Users/hadiranjbar/Downloads/java/token.usage/investigation/raw/v1/06/p2/2 -Dexperiment.reportDir=/Users/hadiranjbar/Downloads/java/token.usage/investigation/raw/v1/06/p2/2/reports -Dspring.output.ansi.enabled=never -Dspring.profiles.active=p2 surefire:test,investigation/raw/v1/06/p2/2/reports/TEST-com.ai.token.experiment.FailureCasesTest.xml,test-runner report,de0075c57cca4f43fdadf0aee4166a1263b6d8fd7c230dbd85cd931f90b394d2,55675,312,17058,tiktoken 0.14.0 o200k_base
06,p2,2,1,True,True,both distinct users must be saved,mvn -o -B -ntp -Dmaven.repo.local=/Users/hadiranjbar/Downloads/java/token.usage/investigation/.m2 -Pinvestigation -Dtest=FailureCasesTest -Dexperiment.case=06 -Dexperiment.artifactDir=/Users/hadiranjbar/Downloads/java/token.usage/investigation/raw/v1/06/p2/2 -Dexperiment.reportDir=/Users/hadiranjbar/Downloads/java/token.usage/investigation/raw/v1/06/p2/2/reports -Dspring.output.ansi.enabled=never -Dspring.profiles.active=p2 surefire:test,investigation/raw/v1/06/p2/2/reports/com.ai.token.experiment.FailureCasesTest.txt,test-runner report,0622022df7406cff3ddafe4ca03d8264d76f0b86bc8d089ad6d548ad4e11070f,1015,13,219,tiktoken 0.14.0 o200k_base
06,p2,2,1,True,True,both distinct users must be saved,mvn -o -B -ntp -Dmaven.repo.local=/Users/hadiranjbar/Downloads/java/token.usage/investigation/.m2 -Pinvestigation -Dtest=FailureCasesTest -Dexperiment.case=06 -Dexperiment.artifactDir=/Users/hadiranjbar/Downloads/java/token.usage/investigation/raw/v1/06/p2/2 -Dexperiment.reportDir=/Users/hadiranjbar/Downloads/java/token.usage/investigation/raw/v1/06/p2/2/reports -Dspring.output.ansi.enabled=never -Dspring.profiles.active=p2 surefire:test,investigation/raw/v1/06/p2/2/stderr.log,Maven + forked JVM stderr,e3b0c44298fc1c149afbf4c8996fb92427ae41e4649b934ca495991b7852b855,0,0,0,tiktoken 0.14.0 o200k_base
06,p2,2,1,True,True,both distinct users must be saved,mvn -o -B -ntp -Dmaven.repo.local=/Users/hadiranjbar/Downloads/java/token.usage/investigation/.m2 -Pinvestigation -Dtest=FailureCasesTest -Dexperiment.case=06 -Dexperiment.artifactDir=/Users/hadiranjbar/Downloads/java/token.usage/investigation/raw/v1/06/p2/2 -Dexperiment.reportDir=/Users/hadiranjbar/Downloads/java/token.usage/investigation/raw/v1/06/p2/2/reports -Dspring.output.ansi.enabled=never -Dspring.profiles.active=p2 surefire:test,investigation/raw/v1/06/p2/2/stdout.log,Maven + forked JVM stdout,4ab6e1003e95ed73735c3c4e6bcf10c0210dba3b6769daffe21622bbea6d56a9,31781,275,9291,tiktoken 0.14.0 o200k_base
06,p2,3,1,True,True,both distinct users must be saved,mvn -o -B -ntp -Dmaven.repo.local=/Users/hadiranjbar/Downloads/java/token.usage/investigation/.m2 -Pinvestigation -Dtest=FailureCasesTest -Dexperiment.case=06 -Dexperiment.artifactDir=/Users/hadiranjbar/Downloads/java/token.usage/investigation/raw/v1/06/p2/3 -Dexperiment.reportDir=/Users/hadiranjbar/Downloads/java/token.usage/investigation/raw/v1/06/p2/3/reports -Dspring.output.ansi.enabled=never -Dspring.profiles.active=p2 surefire:test,investigation/raw/v1/06/p2/3/reports/TEST-com.ai.token.experiment.FailureCasesTest.xml,test-runner report,ef75bc71c5a87f24b51d56f090503679e01b8477b44b91b2d39d0090954980d2,55671,312,17057,tiktoken 0.14.0 o200k_base
06,p2,3,1,True,True,both distinct users must be saved,mvn -o -B -ntp -Dmaven.repo.local=/Users/hadiranjbar/Downloads/java/token.usage/investigation/.m2 -Pinvestigation -Dtest=FailureCasesTest -Dexperiment.case=06 -Dexperiment.artifactDir=/Users/hadiranjbar/Downloads/java/token.usage/investigation/raw/v1/06/p2/3 -Dexperiment.reportDir=/Users/hadiranjbar/Downloads/java/token.usage/investigation/raw/v1/06/p2/3/reports -Dspring.output.ansi.enabled=never -Dspring.profiles.active=p2 surefire:test,investigation/raw/v1/06/p2/3/reports/com.ai.token.experiment.FailureCasesTest.txt,test-runner report,4904e084e0782425b268c5800382a08d688aa6ba5deec34a9a468be76c4ddc0d,1015,13,219,tiktoken 0.14.0 o200k_base
06,p2,3,1,True,True,both distinct users must be saved,mvn -o -B -ntp -Dmaven.repo.local=/Users/hadiranjbar/Downloads/java/token.usage/investigation/.m2 -Pinvestigation -Dtest=FailureCasesTest -Dexperiment.case=06 -Dexperiment.artifactDir=/Users/hadiranjbar/Downloads/java/token.usage/investigation/raw/v1/06/p2/3 -Dexperiment.reportDir=/Users/hadiranjbar/Downloads/java/token.usage/investigation/raw/v1/06/p2/3/reports -Dspring.output.ansi.enabled=never -Dspring.profiles.active=p2 surefire:test,investigation/raw/v1/06/p2/3/stderr.log,Maven + forked JVM stderr,e3b0c44298fc1c149afbf4c8996fb92427ae41e4649b934ca495991b7852b855,0,0,0,tiktoken 0.14.0 o200k_base
06,p2,3,1,True,True,both distinct users must be saved,mvn -o -B -ntp -Dmaven.repo.local=/Users/hadiranjbar/Downloads/java/token.usage/investigation/.m2 -Pinvestigation -Dtest=FailureCasesTest -Dexperiment.case=06 -Dexperiment.artifactDir=/Users/hadiranjbar/Downloads/java/token.usage/investigation/raw/v1/06/p2/3 -Dexperiment.reportDir=/Users/hadiranjbar/Downloads/java/token.usage/investigation/raw/v1/06/p2/3/reports -Dspring.output.ansi.enabled=never -Dspring.profiles.active=p2 surefire:test,investigation/raw/v1/06/p2/3/stdout.log,Maven + forked JVM stdout,1d8de98dcb3c8f87dd91d6ffea7dc3a443ccbd8b1c10cdc1b85dd1e5bf2c2238,31781,275,9291,tiktoken 0.14.0 o200k_base
06,p3,1,1,True,True,both distinct users must be saved,mvn -o -B -ntp -Dmaven.repo.local=/Users/hadiranjbar/Downloads/java/token.usage/investigation/.m2 -Pinvestigation -Dtest=FailureCasesTest -Dexperiment.case=06 -Dexperiment.artifactDir=/Users/hadiranjbar/Downloads/java/token.usage/investigation/raw/v1/06/p3/1 -Dexperiment.reportDir=/Users/hadiranjbar/Downloads/java/token.usage/investigation/raw/v1/06/p3/1/reports -Dspring.output.ansi.enabled=never -Dexperiment.deduplicate=true surefire:test,investigation/raw/v1/06/p3/1/reports/TEST-com.ai.token.experiment.FailureCasesTest.xml,test-runner report,acca84395e07948f5984a46e9c5344842b3c0eb962f2abc40808d9661d3a3320,41790,208,12963,tiktoken 0.14.0 o200k_base
06,p3,1,1,True,True,both distinct users must be saved,mvn -o -B -ntp -Dmaven.repo.local=/Users/hadiranjbar/Downloads/java/token.usage/investigation/.m2 -Pinvestigation -Dtest=FailureCasesTest -Dexperiment.case=06 -Dexperiment.artifactDir=/Users/hadiranjbar/Downloads/java/token.usage/investigation/raw/v1/06/p3/1 -Dexperiment.reportDir=/Users/hadiranjbar/Downloads/java/token.usage/investigation/raw/v1/06/p3/1/reports -Dspring.output.ansi.enabled=never -Dexperiment.deduplicate=true surefire:test,investigation/raw/v1/06/p3/1/reports/com.ai.token.experiment.FailureCasesTest.txt,test-runner report,9d417b3780fc37402f59ebddea35085ebf519ec32ebda4a87e3566e006b6c33f,1015,13,219,tiktoken 0.14.0 o200k_base
06,p3,1,1,True,True,both distinct users must be saved,mvn -o -B -ntp -Dmaven.repo.local=/Users/hadiranjbar/Downloads/java/token.usage/investigation/.m2 -Pinvestigation -Dtest=FailureCasesTest -Dexperiment.case=06 -Dexperiment.artifactDir=/Users/hadiranjbar/Downloads/java/token.usage/investigation/raw/v1/06/p3/1 -Dexperiment.reportDir=/Users/hadiranjbar/Downloads/java/token.usage/investigation/raw/v1/06/p3/1/reports -Dspring.output.ansi.enabled=never -Dexperiment.deduplicate=true surefire:test,investigation/raw/v1/06/p3/1/stderr.log,Maven + forked JVM stderr,e3b0c44298fc1c149afbf4c8996fb92427ae41e4649b934ca495991b7852b855,0,0,0,tiktoken 0.14.0 o200k_base
06,p3,1,1,True,True,both distinct users must be saved,mvn -o -B -ntp -Dmaven.repo.local=/Users/hadiranjbar/Downloads/java/token.usage/investigation/.m2 -Pinvestigation -Dtest=FailureCasesTest -Dexperiment.case=06 -Dexperiment.artifactDir=/Users/hadiranjbar/Downloads/java/token.usage/investigation/raw/v1/06/p3/1 -Dexperiment.reportDir=/Users/hadiranjbar/Downloads/java/token.usage/investigation/raw/v1/06/p3/1/reports -Dspring.output.ansi.enabled=never -Dexperiment.deduplicate=true surefire:test,investigation/raw/v1/06/p3/1/stdout.log,Maven + forked JVM stdout,31dc072fd1ae88f7700323ded518232d54caf2efd4f734eda5ad964e0eec1d63,17898,171,5198,tiktoken 0.14.0 o200k_base
06,p3,2,1,True,True,both distinct users must be saved,mvn -o -B -ntp -Dmaven.repo.local=/Users/hadiranjbar/Downloads/java/token.usage/investigation/.m2 -Pinvestigation -Dtest=FailureCasesTest -Dexperiment.case=06 -Dexperiment.artifactDir=/Users/hadiranjbar/Downloads/java/token.usage/investigation/raw/v1/06/p3/2 -Dexperiment.reportDir=/Users/hadiranjbar/Downloads/java/token.usage/investigation/raw/v1/06/p3/2/reports -Dspring.output.ansi.enabled=never -Dexperiment.deduplicate=true surefire:test,investigation/raw/v1/06/p3/2/reports/TEST-com.ai.token.experiment.FailureCasesTest.xml,test-runner report,0237e34431d0865ef02ae5ae11f90c31241ba62fbd79e8d5a505b53be9c4cea7,41789,208,12963,tiktoken 0.14.0 o200k_base
06,p3,2,1,True,True,both distinct users must be saved,mvn -o -B -ntp -Dmaven.repo.local=/Users/hadiranjbar/Downloads/java/token.usage/investigation/.m2 -Pinvestigation -Dtest=FailureCasesTest -Dexperiment.case=06 -Dexperiment.artifactDir=/Users/hadiranjbar/Downloads/java/token.usage/investigation/raw/v1/06/p3/2 -Dexperiment.reportDir=/Users/hadiranjbar/Downloads/java/token.usage/investigation/raw/v1/06/p3/2/reports -Dspring.output.ansi.enabled=never -Dexperiment.deduplicate=true surefire:test,investigation/raw/v1/06/p3/2/reports/com.ai.token.experiment.FailureCasesTest.txt,test-runner report,69871fbe581b1a6fac26bc918ff77d42bc583a189194843938dfd48578de149a,1015,13,219,tiktoken 0.14.0 o200k_base
06,p3,2,1,True,True,both distinct users must be saved,mvn -o -B -ntp -Dmaven.repo.local=/Users/hadiranjbar/Downloads/java/token.usage/investigation/.m2 -Pinvestigation -Dtest=FailureCasesTest -Dexperiment.case=06 -Dexperiment.artifactDir=/Users/hadiranjbar/Downloads/java/token.usage/investigation/raw/v1/06/p3/2 -Dexperiment.reportDir=/Users/hadiranjbar/Downloads/java/token.usage/investigation/raw/v1/06/p3/2/reports -Dspring.output.ansi.enabled=never -Dexperiment.deduplicate=true surefire:test,investigation/raw/v1/06/p3/2/stderr.log,Maven + forked JVM stderr,e3b0c44298fc1c149afbf4c8996fb92427ae41e4649b934ca495991b7852b855,0,0,0,tiktoken 0.14.0 o200k_base
06,p3,2,1,True,True,both distinct users must be saved,mvn -o -B -ntp -Dmaven.repo.local=/Users/hadiranjbar/Downloads/java/token.usage/investigation/.m2 -Pinvestigation -Dtest=FailureCasesTest -Dexperiment.case=06 -Dexperiment.artifactDir=/Users/hadiranjbar/Downloads/java/token.usage/investigation/raw/v1/06/p3/2 -Dexperiment.reportDir=/Users/hadiranjbar/Downloads/java/token.usage/investigation/raw/v1/06/p3/2/reports -Dspring.output.ansi.enabled=never -Dexperiment.deduplicate=true surefire:test,investigation/raw/v1/06/p3/2/stdout.log,Maven + forked JVM stdout,f9b36eebd71799cb56d7100acb64cfbe3fe27a74c723b0df2c8854b1037bf3ef,17898,171,5198,tiktoken 0.14.0 o200k_base
06,p3,3,1,True,True,both distinct users must be saved,mvn -o -B -ntp -Dmaven.repo.local=/Users/hadiranjbar/Downloads/java/token.usage/investigation/.m2 -Pinvestigation -Dtest=FailureCasesTest -Dexperiment.case=06 -Dexperiment.artifactDir=/Users/hadiranjbar/Downloads/java/token.usage/investigation/raw/v1/06/p3/3 -Dexperiment.reportDir=/Users/hadiranjbar/Downloads/java/token.usage/investigation/raw/v1/06/p3/3/reports -Dspring.output.ansi.enabled=never -Dexperiment.deduplicate=true surefire:test,investigation/raw/v1/06/p3/3/reports/TEST-com.ai.token.experiment.FailureCasesTest.xml,test-runner report,8c46309dfae00d6611c935b164f48a04002f2e0e41f1b5aec208abb406ba54e4,41793,208,12964,tiktoken 0.14.0 o200k_base
06,p3,3,1,True,True,both distinct users must be saved,mvn -o -B -ntp -Dmaven.repo.local=/Users/hadiranjbar/Downloads/java/token.usage/investigation/.m2 -Pinvestigation -Dtest=FailureCasesTest -Dexperiment.case=06 -Dexperiment.artifactDir=/Users/hadiranjbar/Downloads/java/token.usage/investigation/raw/v1/06/p3/3 -Dexperiment.reportDir=/Users/hadiranjbar/Downloads/java/token.usage/investigation/raw/v1/06/p3/3/reports -Dspring.output.ansi.enabled=never -Dexperiment.deduplicate=true surefire:test,investigation/raw/v1/06/p3/3/reports/com.ai.token.experiment.FailureCasesTest.txt,test-runner report,7641be3454fc3d1b265c6167dff7277ca52eab51acdd3ad84633eeaf6cdfe663,1015,13,219,tiktoken 0.14.0 o200k_base
06,p3,3,1,True,True,both distinct users must be saved,mvn -o -B -ntp -Dmaven.repo.local=/Users/hadiranjbar/Downloads/java/token.usage/investigation/.m2 -Pinvestigation -Dtest=FailureCasesTest -Dexperiment.case=06 -Dexperiment.artifactDir=/Users/hadiranjbar/Downloads/java/token.usage/investigation/raw/v1/06/p3/3 -Dexperiment.reportDir=/Users/hadiranjbar/Downloads/java/token.usage/investigation/raw/v1/06/p3/3/reports -Dspring.output.ansi.enabled=never -Dexperiment.deduplicate=true surefire:test,investigation/raw/v1/06/p3/3/stderr.log,Maven + forked JVM stderr,e3b0c44298fc1c149afbf4c8996fb92427ae41e4649b934ca495991b7852b855,0,0,0,tiktoken 0.14.0 o200k_base
06,p3,3,1,True,True,both distinct users must be saved,mvn -o -B -ntp -Dmaven.repo.local=/Users/hadiranjbar/Downloads/java/token.usage/investigation/.m2 -Pinvestigation -Dtest=FailureCasesTest -Dexperiment.case=06 -Dexperiment.artifactDir=/Users/hadiranjbar/Downloads/java/token.usage/investigation/raw/v1/06/p3/3 -Dexperiment.reportDir=/Users/hadiranjbar/Downloads/java/token.usage/investigation/raw/v1/06/p3/3/reports -Dspring.output.ansi.enabled=never -Dexperiment.deduplicate=true surefire:test,investigation/raw/v1/06/p3/3/stdout.log,Maven + forked JVM stdout,8c0da6e9b8b3bff6beb92d89f52818063557f49ac7f1ecdf7b56d3019c2040d0,17898,171,5198,tiktoken 0.14.0 o200k_base
06,p4,1,1,True,True,both distinct users must be saved,"mvn -o -B -ntp -Dmaven.repo.local=/Users/hadiranjbar/Downloads/java/token.usage/investigation/.m2 -Pinvestigation,agent-reports -Dtest=FailureCasesTest -Dexperiment.case=06 -Dexperiment.artifactDir=/Users/hadiranjbar/Downloads/java/token.usage/investigation/raw/v1/06/p4/1 -Dexperiment.reportDir=/Users/hadiranjbar/Downloads/java/token.usage/investigation/raw/v1/06/p4/1/reports -Dspring.output.ansi.enabled=never surefire:test",investigation/raw/v1/06/p4/1/reports/TEST-com.ai.token.experiment.FailureCasesTest.xml,test-runner report,c18a58a31be759d9904290651d890e14951bc24641e4cfaedb1f9fa2aed88f84,55105,306,16901,tiktoken 0.14.0 o200k_base
06,p4,1,1,True,True,both distinct users must be saved,"mvn -o -B -ntp -Dmaven.repo.local=/Users/hadiranjbar/Downloads/java/token.usage/investigation/.m2 -Pinvestigation,agent-reports -Dtest=FailureCasesTest -Dexperiment.case=06 -Dexperiment.artifactDir=/Users/hadiranjbar/Downloads/java/token.usage/investigation/raw/v1/06/p4/1 -Dexperiment.reportDir=/Users/hadiranjbar/Downloads/java/token.usage/investigation/raw/v1/06/p4/1/reports -Dspring.output.ansi.enabled=never surefire:test",investigation/raw/v1/06/p4/1/reports/com.ai.token.experiment.FailureCasesTest.txt,test-runner report,0628033c4212681f14bdfae0764e35790d2be158aa64bfa1fdf013be2cd422c9,621,8,134,tiktoken 0.14.0 o200k_base
06,p4,1,1,True,True,both distinct users must be saved,"mvn -o -B -ntp -Dmaven.repo.local=/Users/hadiranjbar/Downloads/java/token.usage/investigation/.m2 -Pinvestigation,agent-reports -Dtest=FailureCasesTest -Dexperiment.case=06 -Dexperiment.artifactDir=/Users/hadiranjbar/Downloads/java/token.usage/investigation/raw/v1/06/p4/1 -Dexperiment.reportDir=/Users/hadiranjbar/Downloads/java/token.usage/investigation/raw/v1/06/p4/1/reports -Dspring.output.ansi.enabled=never surefire:test",investigation/raw/v1/06/p4/1/stderr.log,Maven + forked JVM stderr,e3b0c44298fc1c149afbf4c8996fb92427ae41e4649b934ca495991b7852b855,0,0,0,tiktoken 0.14.0 o200k_base
06,p4,1,1,True,True,both distinct users must be saved,"mvn -o -B -ntp -Dmaven.repo.local=/Users/hadiranjbar/Downloads/java/token.usage/investigation/.m2 -Pinvestigation,agent-reports -Dtest=FailureCasesTest -Dexperiment.case=06 -Dexperiment.artifactDir=/Users/hadiranjbar/Downloads/java/token.usage/investigation/raw/v1/06/p4/1 -Dexperiment.reportDir=/Users/hadiranjbar/Downloads/java/token.usage/investigation/raw/v1/06/p4/1/reports -Dspring.output.ansi.enabled=never surefire:test",investigation/raw/v1/06/p4/1/stdout.log,Maven + forked JVM stdout,987c6eecd0132f6df03c920d376400b83158150dac237fbb2f815849bb2fe65a,31272,270,9150,tiktoken 0.14.0 o200k_base
06,p4,2,1,True,True,both distinct users must be saved,"mvn -o -B -ntp -Dmaven.repo.local=/Users/hadiranjbar/Downloads/java/token.usage/investigation/.m2 -Pinvestigation,agent-reports -Dtest=FailureCasesTest -Dexperiment.case=06 -Dexperiment.artifactDir=/Users/hadiranjbar/Downloads/java/token.usage/investigation/raw/v1/06/p4/2 -Dexperiment.reportDir=/Users/hadiranjbar/Downloads/java/token.usage/investigation/raw/v1/06/p4/2/reports -Dspring.output.ansi.enabled=never surefire:test",investigation/raw/v1/06/p4/2/reports/TEST-com.ai.token.experiment.FailureCasesTest.xml,test-runner report,bc47185a0e27b150ecf282166da3b6c66b4c025e532a67e737cb5d2f8dab6cbf,55106,306,16901,tiktoken 0.14.0 o200k_base
06,p4,2,1,True,True,both distinct users must be saved,"mvn -o -B -ntp -Dmaven.repo.local=/Users/hadiranjbar/Downloads/java/token.usage/investigation/.m2 -Pinvestigation,agent-reports -Dtest=FailureCasesTest -Dexperiment.case=06 -Dexperiment.artifactDir=/Users/hadiranjbar/Downloads/java/token.usage/investigation/raw/v1/06/p4/2 -Dexperiment.reportDir=/Users/hadiranjbar/Downloads/java/token.usage/investigation/raw/v1/06/p4/2/reports -Dspring.output.ansi.enabled=never surefire:test",investigation/raw/v1/06/p4/2/reports/com.ai.token.experiment.FailureCasesTest.txt,test-runner report,dc8c5db09665b1e912c4129dd04bd190d83851bbee0853bdde842a2d5cbcf95b,621,8,134,tiktoken 0.14.0 o200k_base
06,p4,2,1,True,True,both distinct users must be saved,"mvn -o -B -ntp -Dmaven.repo.local=/Users/hadiranjbar/Downloads/java/token.usage/investigation/.m2 -Pinvestigation,agent-reports -Dtest=FailureCasesTest -Dexperiment.case=06 -Dexperiment.artifactDir=/Users/hadiranjbar/Downloads/java/token.usage/investigation/raw/v1/06/p4/2 -Dexperiment.reportDir=/Users/hadiranjbar/Downloads/java/token.usage/investigation/raw/v1/06/p4/2/reports -Dspring.output.ansi.enabled=never surefire:test",investigation/raw/v1/06/p4/2/stderr.log,Maven + forked JVM stderr,e3b0c44298fc1c149afbf4c8996fb92427ae41e4649b934ca495991b7852b855,0,0,0,tiktoken 0.14.0 o200k_base
06,p4,2,1,True,True,both distinct users must be saved,"mvn -o -B -ntp -Dmaven.repo.local=/Users/hadiranjbar/Downloads/java/token.usage/investigation/.m2 -Pinvestigation,agent-reports -Dtest=FailureCasesTest -Dexperiment.case=06 -Dexperiment.artifactDir=/Users/hadiranjbar/Downloads/java/token.usage/investigation/raw/v1/06/p4/2 -Dexperiment.reportDir=/Users/hadiranjbar/Downloads/java/token.usage/investigation/raw/v1/06/p4/2/reports -Dspring.output.ansi.enabled=never surefire:test",investigation/raw/v1/06/p4/2/stdout.log,Maven + forked JVM stdout,c962896b1e900d0467f1190c86a22f1698827b688d31135457ecc8917bf8aad2,31273,270,9150,tiktoken 0.14.0 o200k_base
06,p4,3,1,True,True,both distinct users must be saved,"mvn -o -B -ntp -Dmaven.repo.local=/Users/hadiranjbar/Downloads/java/token.usage/investigation/.m2 -Pinvestigation,agent-reports -Dtest=FailureCasesTest -Dexperiment.case=06 -Dexperiment.artifactDir=/Users/hadiranjbar/Downloads/java/token.usage/investigation/raw/v1/06/p4/3 -Dexperiment.reportDir=/Users/hadiranjbar/Downloads/java/token.usage/investigation/raw/v1/06/p4/3/reports -Dspring.output.ansi.enabled=never surefire:test",investigation/raw/v1/06/p4/3/reports/TEST-com.ai.token.experiment.FailureCasesTest.xml,test-runner report,63762199ad51d4292574aa52fa98ef24035a24a3ac27d60986a8f2a917520f2d,55106,306,16901,tiktoken 0.14.0 o200k_base
06,p4,3,1,True,True,both distinct users must be saved,"mvn -o -B -ntp -Dmaven.repo.local=/Users/hadiranjbar/Downloads/java/token.usage/investigation/.m2 -Pinvestigation,agent-reports -Dtest=FailureCasesTest -Dexperiment.case=06 -Dexperiment.artifactDir=/Users/hadiranjbar/Downloads/java/token.usage/investigation/raw/v1/06/p4/3 -Dexperiment.reportDir=/Users/hadiranjbar/Downloads/java/token.usage/investigation/raw/v1/06/p4/3/reports -Dspring.output.ansi.enabled=never surefire:test",investigation/raw/v1/06/p4/3/reports/com.ai.token.experiment.FailureCasesTest.txt,test-runner report,6d7a21e384359f8e1a1a27e572b8a5594d493c204eaa5296b2801b8073a20155,621,8,134,tiktoken 0.14.0 o200k_base
06,p4,3,1,True,True,both distinct users must be saved,"mvn -o -B -ntp -Dmaven.repo.local=/Users/hadiranjbar/Downloads/java/token.usage/investigation/.m2 -Pinvestigation,agent-reports -Dtest=FailureCasesTest -Dexperiment.case=06 -Dexperiment.artifactDir=/Users/hadiranjbar/Downloads/java/token.usage/investigation/raw/v1/06/p4/3 -Dexperiment.reportDir=/Users/hadiranjbar/Downloads/java/token.usage/investigation/raw/v1/06/p4/3/reports -Dspring.output.ansi.enabled=never surefire:test",investigation/raw/v1/06/p4/3/stderr.log,Maven + forked JVM stderr,e3b0c44298fc1c149afbf4c8996fb92427ae41e4649b934ca495991b7852b855,0,0,0,tiktoken 0.14.0 o200k_base
06,p4,3,1,True,True,both distinct users must be saved,"mvn -o -B -ntp -Dmaven.repo.local=/Users/hadiranjbar/Downloads/java/token.usage/investigation/.m2 -Pinvestigation,agent-reports -Dtest=FailureCasesTest -Dexperiment.case=06 -Dexperiment.artifactDir=/Users/hadiranjbar/Downloads/java/token.usage/investigation/raw/v1/06/p4/3 -Dexperiment.reportDir=/Users/hadiranjbar/Downloads/java/token.usage/investigation/raw/v1/06/p4/3/reports -Dspring.output.ansi.enabled=never surefire:test",investigation/raw/v1/06/p4/3/stdout.log,Maven + forked JVM stdout,e1a74f198139aeee52cc15bedebddf8656d6b90947caf0dd151ef446e3032a16,31273,270,9150,tiktoken 0.14.0 o200k_base
07,agent,1,1,True,True,404 Not Found,"mvn -o -B -ntp -Dmaven.repo.local=/Users/hadiranjbar/Downloads/java/token.usage/investigation/.m2 -Pinvestigation,agent-reports -Dtest=FailureCasesTest -Dexperiment.case=07 -Dexperiment.artifactDir=/Users/hadiranjbar/Downloads/java/token.usage/investigation/raw/v1/07/agent/1 -Dexperiment.reportDir=/Users/hadiranjbar/Downloads/java/token.usage/investigation/raw/v1/07/agent/1/reports -Dspring.output.ansi.enabled=never -Dspring.profiles.active=agent -Dexperiment.deduplicate=true surefire:test",investigation/raw/v1/07/agent/1/reports/TEST-com.ai.token.experiment.FailureCasesTest.xml,test-runner report,0822e4b088f36d8c82d5842e07ee37fd7a2593ee5f072934978f7a1fe81dd8fb,27760,99,8910,tiktoken 0.14.0 o200k_base
07,agent,1,1,True,True,404 Not Found,"mvn -o -B -ntp -Dmaven.repo.local=/Users/hadiranjbar/Downloads/java/token.usage/investigation/.m2 -Pinvestigation,agent-reports -Dtest=FailureCasesTest -Dexperiment.case=07 -Dexperiment.artifactDir=/Users/hadiranjbar/Downloads/java/token.usage/investigation/raw/v1/07/agent/1 -Dexperiment.reportDir=/Users/hadiranjbar/Downloads/java/token.usage/investigation/raw/v1/07/agent/1/reports -Dspring.output.ansi.enabled=never -Dspring.profiles.active=agent -Dexperiment.deduplicate=true surefire:test",investigation/raw/v1/07/agent/1/reports/com.ai.token.experiment.FailureCasesTest.txt,test-runner report,5151f373e4fe60d050aef37bf924304b0f6415098bf1ab22019739836d8c7693,617,8,131,tiktoken 0.14.0 o200k_base
07,agent,1,1,True,True,404 Not Found,"mvn -o -B -ntp -Dmaven.repo.local=/Users/hadiranjbar/Downloads/java/token.usage/investigation/.m2 -Pinvestigation,agent-reports -Dtest=FailureCasesTest -Dexperiment.case=07 -Dexperiment.artifactDir=/Users/hadiranjbar/Downloads/java/token.usage/investigation/raw/v1/07/agent/1 -Dexperiment.reportDir=/Users/hadiranjbar/Downloads/java/token.usage/investigation/raw/v1/07/agent/1/reports -Dspring.output.ansi.enabled=never -Dspring.profiles.active=agent -Dexperiment.deduplicate=true surefire:test",investigation/raw/v1/07/agent/1/stderr.log,Maven + forked JVM stderr,e3b0c44298fc1c149afbf4c8996fb92427ae41e4649b934ca495991b7852b855,0,0,0,tiktoken 0.14.0 o200k_base
07,agent,1,1,True,True,404 Not Found,"mvn -o -B -ntp -Dmaven.repo.local=/Users/hadiranjbar/Downloads/java/token.usage/investigation/.m2 -Pinvestigation,agent-reports -Dtest=FailureCasesTest -Dexperiment.case=07 -Dexperiment.artifactDir=/Users/hadiranjbar/Downloads/java/token.usage/investigation/raw/v1/07/agent/1 -Dexperiment.reportDir=/Users/hadiranjbar/Downloads/java/token.usage/investigation/raw/v1/07/agent/1/reports -Dspring.output.ansi.enabled=never -Dspring.profiles.active=agent -Dexperiment.deduplicate=true surefire:test",investigation/raw/v1/07/agent/1/stdout.log,Maven + forked JVM stdout,9c2fd491ba38845b6b52f5a7b098061e08a9e53a303be16d3ec5b3ea42c762b0,3490,60,1029,tiktoken 0.14.0 o200k_base
07,agent,2,1,True,True,404 Not Found,"mvn -o -B -ntp -Dmaven.repo.local=/Users/hadiranjbar/Downloads/java/token.usage/investigation/.m2 -Pinvestigation,agent-reports -Dtest=FailureCasesTest -Dexperiment.case=07 -Dexperiment.artifactDir=/Users/hadiranjbar/Downloads/java/token.usage/investigation/raw/v1/07/agent/2 -Dexperiment.reportDir=/Users/hadiranjbar/Downloads/java/token.usage/investigation/raw/v1/07/agent/2/reports -Dspring.output.ansi.enabled=never -Dspring.profiles.active=agent -Dexperiment.deduplicate=true surefire:test",investigation/raw/v1/07/agent/2/reports/TEST-com.ai.token.experiment.FailureCasesTest.xml,test-runner report,aff5ce2028affddecef6e938bfd3d024ce6d936d5aa303ac5cefdc8069a77460,27757,99,8909,tiktoken 0.14.0 o200k_base
07,agent,2,1,True,True,404 Not Found,"mvn -o -B -ntp -Dmaven.repo.local=/Users/hadiranjbar/Downloads/java/token.usage/investigation/.m2 -Pinvestigation,agent-reports -Dtest=FailureCasesTest -Dexperiment.case=07 -Dexperiment.artifactDir=/Users/hadiranjbar/Downloads/java/token.usage/investigation/raw/v1/07/agent/2 -Dexperiment.reportDir=/Users/hadiranjbar/Downloads/java/token.usage/investigation/raw/v1/07/agent/2/reports -Dspring.output.ansi.enabled=never -Dspring.profiles.active=agent -Dexperiment.deduplicate=true surefire:test",investigation/raw/v1/07/agent/2/reports/com.ai.token.experiment.FailureCasesTest.txt,test-runner report,5b1c27aec2a0577c81fb8db2a8696153dedaa2ca5035e5fd0c6d34f231b7b353,617,8,131,tiktoken 0.14.0 o200k_base
07,agent,2,1,True,True,404 Not Found,"mvn -o -B -ntp -Dmaven.repo.local=/Users/hadiranjbar/Downloads/java/token.usage/investigation/.m2 -Pinvestigation,agent-reports -Dtest=FailureCasesTest -Dexperiment.case=07 -Dexperiment.artifactDir=/Users/hadiranjbar/Downloads/java/token.usage/investigation/raw/v1/07/agent/2 -Dexperiment.reportDir=/Users/hadiranjbar/Downloads/java/token.usage/investigation/raw/v1/07/agent/2/reports -Dspring.output.ansi.enabled=never -Dspring.profiles.active=agent -Dexperiment.deduplicate=true surefire:test",investigation/raw/v1/07/agent/2/stderr.log,Maven + forked JVM stderr,e3b0c44298fc1c149afbf4c8996fb92427ae41e4649b934ca495991b7852b855,0,0,0,tiktoken 0.14.0 o200k_base
07,agent,2,1,True,True,404 Not Found,"mvn -o -B -ntp -Dmaven.repo.local=/Users/hadiranjbar/Downloads/java/token.usage/investigation/.m2 -Pinvestigation,agent-reports -Dtest=FailureCasesTest -Dexperiment.case=07 -Dexperiment.artifactDir=/Users/hadiranjbar/Downloads/java/token.usage/investigation/raw/v1/07/agent/2 -Dexperiment.reportDir=/Users/hadiranjbar/Downloads/java/token.usage/investigation/raw/v1/07/agent/2/reports -Dspring.output.ansi.enabled=never -Dspring.profiles.active=agent -Dexperiment.deduplicate=true surefire:test",investigation/raw/v1/07/agent/2/stdout.log,Maven + forked JVM stdout,9da0c34bbbbb6ce7401d9e088b7fa75720041781f6a7bb86375d04cd65137af6,3491,60,1029,tiktoken 0.14.0 o200k_base
07,agent,3,1,True,True,404 Not Found,"mvn -o -B -ntp -Dmaven.repo.local=/Users/hadiranjbar/Downloads/java/token.usage/investigation/.m2 -Pinvestigation,agent-reports -Dtest=FailureCasesTest -Dexperiment.case=07 -Dexperiment.artifactDir=/Users/hadiranjbar/Downloads/java/token.usage/investigation/raw/v1/07/agent/3 -Dexperiment.reportDir=/Users/hadiranjbar/Downloads/java/token.usage/investigation/raw/v1/07/agent/3/reports -Dspring.output.ansi.enabled=never -Dspring.profiles.active=agent -Dexperiment.deduplicate=true surefire:test",investigation/raw/v1/07/agent/3/reports/TEST-com.ai.token.experiment.FailureCasesTest.xml,test-runner report,18f74a4b13a57812fe5368a09be9fab9f3988469108527c69a14b0a47405cda4,27760,99,8910,tiktoken 0.14.0 o200k_base
07,agent,3,1,True,True,404 Not Found,"mvn -o -B -ntp -Dmaven.repo.local=/Users/hadiranjbar/Downloads/java/token.usage/investigation/.m2 -Pinvestigation,agent-reports -Dtest=FailureCasesTest -Dexperiment.case=07 -Dexperiment.artifactDir=/Users/hadiranjbar/Downloads/java/token.usage/investigation/raw/v1/07/agent/3 -Dexperiment.reportDir=/Users/hadiranjbar/Downloads/java/token.usage/investigation/raw/v1/07/agent/3/reports -Dspring.output.ansi.enabled=never -Dspring.profiles.active=agent -Dexperiment.deduplicate=true surefire:test",investigation/raw/v1/07/agent/3/reports/com.ai.token.experiment.FailureCasesTest.txt,test-runner report,95cf59f5ada79c8edb9fa38a76eb139f5ce8be48a0a561ec4ad3663686dbe682,617,8,131,tiktoken 0.14.0 o200k_base
07,agent,3,1,True,True,404 Not Found,"mvn -o -B -ntp -Dmaven.repo.local=/Users/hadiranjbar/Downloads/java/token.usage/investigation/.m2 -Pinvestigation,agent-reports -Dtest=FailureCasesTest -Dexperiment.case=07 -Dexperiment.artifactDir=/Users/hadiranjbar/Downloads/java/token.usage/investigation/raw/v1/07/agent/3 -Dexperiment.reportDir=/Users/hadiranjbar/Downloads/java/token.usage/investigation/raw/v1/07/agent/3/reports -Dspring.output.ansi.enabled=never -Dspring.profiles.active=agent -Dexperiment.deduplicate=true surefire:test",investigation/raw/v1/07/agent/3/stderr.log,Maven + forked JVM stderr,e3b0c44298fc1c149afbf4c8996fb92427ae41e4649b934ca495991b7852b855,0,0,0,tiktoken 0.14.0 o200k_base
07,agent,3,1,True,True,404 Not Found,"mvn -o -B -ntp -Dmaven.repo.local=/Users/hadiranjbar/Downloads/java/token.usage/investigation/.m2 -Pinvestigation,agent-reports -Dtest=FailureCasesTest -Dexperiment.case=07 -Dexperiment.artifactDir=/Users/hadiranjbar/Downloads/java/token.usage/investigation/raw/v1/07/agent/3 -Dexperiment.reportDir=/Users/hadiranjbar/Downloads/java/token.usage/investigation/raw/v1/07/agent/3/reports -Dspring.output.ansi.enabled=never -Dspring.profiles.active=agent -Dexperiment.deduplicate=true surefire:test",investigation/raw/v1/07/agent/3/stdout.log,Maven + forked JVM stdout,c7f94b0b54c5c03ed3242139120c7122d7bed824388cb72c782c7bcf27f1b48f,3490,60,1029,tiktoken 0.14.0 o200k_base
07,default,1,1,True,True,404 Not Found,mvn -o -B -ntp -Dmaven.repo.local=/Users/hadiranjbar/Downloads/java/token.usage/investigation/.m2 -Pinvestigation -Dtest=FailureCasesTest -Dexperiment.case=07 -Dexperiment.artifactDir=/Users/hadiranjbar/Downloads/java/token.usage/investigation/raw/v1/07/default/1 -Dexperiment.reportDir=/Users/hadiranjbar/Downloads/java/token.usage/investigation/raw/v1/07/default/1/reports -Dspring.output.ansi.enabled=never surefire:test,investigation/raw/v1/07/default/1/reports/TEST-com.ai.token.experiment.FailureCasesTest.xml,test-runner report,a963b92b1361b9cc104b8d0fdecd32ce15be3468434fd8a0553249546db3793a,28800,111,9008,tiktoken 0.14.0 o200k_base
07,default,1,1,True,True,404 Not Found,mvn -o -B -ntp -Dmaven.repo.local=/Users/hadiranjbar/Downloads/java/token.usage/investigation/.m2 -Pinvestigation -Dtest=FailureCasesTest -Dexperiment.case=07 -Dexperiment.artifactDir=/Users/hadiranjbar/Downloads/java/token.usage/investigation/raw/v1/07/default/1 -Dexperiment.reportDir=/Users/hadiranjbar/Downloads/java/token.usage/investigation/raw/v1/07/default/1/reports -Dspring.output.ansi.enabled=never surefire:test,investigation/raw/v1/07/default/1/reports/com.ai.token.experiment.FailureCasesTest.txt,test-runner report,0adc9361b88a61854076a3b591c9a9dc2cc8723b0ab86d2447776c3c804b6be9,2186,23,431,tiktoken 0.14.0 o200k_base
07,default,1,1,True,True,404 Not Found,mvn -o -B -ntp -Dmaven.repo.local=/Users/hadiranjbar/Downloads/java/token.usage/investigation/.m2 -Pinvestigation -Dtest=FailureCasesTest -Dexperiment.case=07 -Dexperiment.artifactDir=/Users/hadiranjbar/Downloads/java/token.usage/investigation/raw/v1/07/default/1 -Dexperiment.reportDir=/Users/hadiranjbar/Downloads/java/token.usage/investigation/raw/v1/07/default/1/reports -Dspring.output.ansi.enabled=never surefire:test,investigation/raw/v1/07/default/1/stderr.log,Maven + forked JVM stderr,e3b0c44298fc1c149afbf4c8996fb92427ae41e4649b934ca495991b7852b855,0,0,0,tiktoken 0.14.0 o200k_base
07,default,1,1,True,True,404 Not Found,mvn -o -B -ntp -Dmaven.repo.local=/Users/hadiranjbar/Downloads/java/token.usage/investigation/.m2 -Pinvestigation -Dtest=FailureCasesTest -Dexperiment.case=07 -Dexperiment.artifactDir=/Users/hadiranjbar/Downloads/java/token.usage/investigation/raw/v1/07/default/1 -Dexperiment.reportDir=/Users/hadiranjbar/Downloads/java/token.usage/investigation/raw/v1/07/default/1/reports -Dspring.output.ansi.enabled=never surefire:test,investigation/raw/v1/07/default/1/stdout.log,Maven + forked JVM stdout,435e5a74c2e4c064fb24fd5faf4555165250c4a03a9f75a2432a1b1486377bee,4923,75,1260,tiktoken 0.14.0 o200k_base
07,default,2,1,True,True,404 Not Found,mvn -o -B -ntp -Dmaven.repo.local=/Users/hadiranjbar/Downloads/java/token.usage/investigation/.m2 -Pinvestigation -Dtest=FailureCasesTest -Dexperiment.case=07 -Dexperiment.artifactDir=/Users/hadiranjbar/Downloads/java/token.usage/investigation/raw/v1/07/default/2 -Dexperiment.reportDir=/Users/hadiranjbar/Downloads/java/token.usage/investigation/raw/v1/07/default/2/reports -Dspring.output.ansi.enabled=never surefire:test,investigation/raw/v1/07/default/2/reports/TEST-com.ai.token.experiment.FailureCasesTest.xml,test-runner report,a1838b2d318492c2e81e078ec26730ff46e38fe5d8939713a2d65287b798aecc,28796,111,9007,tiktoken 0.14.0 o200k_base
07,default,2,1,True,True,404 Not Found,mvn -o -B -ntp -Dmaven.repo.local=/Users/hadiranjbar/Downloads/java/token.usage/investigation/.m2 -Pinvestigation -Dtest=FailureCasesTest -Dexperiment.case=07 -Dexperiment.artifactDir=/Users/hadiranjbar/Downloads/java/token.usage/investigation/raw/v1/07/default/2 -Dexperiment.reportDir=/Users/hadiranjbar/Downloads/java/token.usage/investigation/raw/v1/07/default/2/reports -Dspring.output.ansi.enabled=never surefire:test,investigation/raw/v1/07/default/2/reports/com.ai.token.experiment.FailureCasesTest.txt,test-runner report,e85480788908b5b8cf37065e3595d566aaa0b680a6847e3f992891edbd62a56c,2186,23,431,tiktoken 0.14.0 o200k_base
07,default,2,1,True,True,404 Not Found,mvn -o -B -ntp -Dmaven.repo.local=/Users/hadiranjbar/Downloads/java/token.usage/investigation/.m2 -Pinvestigation -Dtest=FailureCasesTest -Dexperiment.case=07 -Dexperiment.artifactDir=/Users/hadiranjbar/Downloads/java/token.usage/investigation/raw/v1/07/default/2 -Dexperiment.reportDir=/Users/hadiranjbar/Downloads/java/token.usage/investigation/raw/v1/07/default/2/reports -Dspring.output.ansi.enabled=never surefire:test,investigation/raw/v1/07/default/2/stderr.log,Maven + forked JVM stderr,e3b0c44298fc1c149afbf4c8996fb92427ae41e4649b934ca495991b7852b855,0,0,0,tiktoken 0.14.0 o200k_base
07,default,2,1,True,True,404 Not Found,mvn -o -B -ntp -Dmaven.repo.local=/Users/hadiranjbar/Downloads/java/token.usage/investigation/.m2 -Pinvestigation -Dtest=FailureCasesTest -Dexperiment.case=07 -Dexperiment.artifactDir=/Users/hadiranjbar/Downloads/java/token.usage/investigation/raw/v1/07/default/2 -Dexperiment.reportDir=/Users/hadiranjbar/Downloads/java/token.usage/investigation/raw/v1/07/default/2/reports -Dspring.output.ansi.enabled=never surefire:test,investigation/raw/v1/07/default/2/stdout.log,Maven + forked JVM stdout,b329f389d4e2081648c230bbc5a3b8f31b435b36a8206ed59f0ecd95f5fa2f61,4923,75,1260,tiktoken 0.14.0 o200k_base
07,default,3,1,True,True,404 Not Found,mvn -o -B -ntp -Dmaven.repo.local=/Users/hadiranjbar/Downloads/java/token.usage/investigation/.m2 -Pinvestigation -Dtest=FailureCasesTest -Dexperiment.case=07 -Dexperiment.artifactDir=/Users/hadiranjbar/Downloads/java/token.usage/investigation/raw/v1/07/default/3 -Dexperiment.reportDir=/Users/hadiranjbar/Downloads/java/token.usage/investigation/raw/v1/07/default/3/reports -Dspring.output.ansi.enabled=never surefire:test,investigation/raw/v1/07/default/3/reports/TEST-com.ai.token.experiment.FailureCasesTest.xml,test-runner report,a9e90f440b998ad4089b2038f145163941343e5b052666e74d00160c337c35bc,28797,111,9007,tiktoken 0.14.0 o200k_base
07,default,3,1,True,True,404 Not Found,mvn -o -B -ntp -Dmaven.repo.local=/Users/hadiranjbar/Downloads/java/token.usage/investigation/.m2 -Pinvestigation -Dtest=FailureCasesTest -Dexperiment.case=07 -Dexperiment.artifactDir=/Users/hadiranjbar/Downloads/java/token.usage/investigation/raw/v1/07/default/3 -Dexperiment.reportDir=/Users/hadiranjbar/Downloads/java/token.usage/investigation/raw/v1/07/default/3/reports -Dspring.output.ansi.enabled=never surefire:test,investigation/raw/v1/07/default/3/reports/com.ai.token.experiment.FailureCasesTest.txt,test-runner report,783d87a31c0c5e493757b64c1971ad3cea6ae790a9ed7a54bd14ad462b83652f,2186,23,431,tiktoken 0.14.0 o200k_base
07,default,3,1,True,True,404 Not Found,mvn -o -B -ntp -Dmaven.repo.local=/Users/hadiranjbar/Downloads/java/token.usage/investigation/.m2 -Pinvestigation -Dtest=FailureCasesTest -Dexperiment.case=07 -Dexperiment.artifactDir=/Users/hadiranjbar/Downloads/java/token.usage/investigation/raw/v1/07/default/3 -Dexperiment.reportDir=/Users/hadiranjbar/Downloads/java/token.usage/investigation/raw/v1/07/default/3/reports -Dspring.output.ansi.enabled=never surefire:test,investigation/raw/v1/07/default/3/stderr.log,Maven + forked JVM stderr,e3b0c44298fc1c149afbf4c8996fb92427ae41e4649b934ca495991b7852b855,0,0,0,tiktoken 0.14.0 o200k_base
07,default,3,1,True,True,404 Not Found,mvn -o -B -ntp -Dmaven.repo.local=/Users/hadiranjbar/Downloads/java/token.usage/investigation/.m2 -Pinvestigation -Dtest=FailureCasesTest -Dexperiment.case=07 -Dexperiment.artifactDir=/Users/hadiranjbar/Downloads/java/token.usage/investigation/raw/v1/07/default/3 -Dexperiment.reportDir=/Users/hadiranjbar/Downloads/java/token.usage/investigation/raw/v1/07/default/3/reports -Dspring.output.ansi.enabled=never surefire:test,investigation/raw/v1/07/default/3/stdout.log,Maven + forked JVM stdout,13dddbd280171966d689a16e412cf9af2517ce108aa2ad490a52fbd24e2f849a,4923,75,1260,tiktoken 0.14.0 o200k_base
07,p1,1,1,True,True,404 Not Found,mvn -o -B -ntp -Dmaven.repo.local=/Users/hadiranjbar/Downloads/java/token.usage/investigation/.m2 -Pinvestigation -Dtest=FailureCasesTest -Dexperiment.case=07 -Dexperiment.artifactDir=/Users/hadiranjbar/Downloads/java/token.usage/investigation/raw/v1/07/p1/1 -Dexperiment.reportDir=/Users/hadiranjbar/Downloads/java/token.usage/investigation/raw/v1/07/p1/1/reports -Dspring.output.ansi.enabled=never -Dspring.profiles.active=p1 surefire:test,investigation/raw/v1/07/p1/1/reports/TEST-com.ai.token.experiment.FailureCasesTest.xml,test-runner report,35a6ccd811b6c0eb2a57e7417be48e986af42ba7feb005c61883d933bcc65250,28800,113,9015,tiktoken 0.14.0 o200k_base
07,p1,1,1,True,True,404 Not Found,mvn -o -B -ntp -Dmaven.repo.local=/Users/hadiranjbar/Downloads/java/token.usage/investigation/.m2 -Pinvestigation -Dtest=FailureCasesTest -Dexperiment.case=07 -Dexperiment.artifactDir=/Users/hadiranjbar/Downloads/java/token.usage/investigation/raw/v1/07/p1/1 -Dexperiment.reportDir=/Users/hadiranjbar/Downloads/java/token.usage/investigation/raw/v1/07/p1/1/reports -Dspring.output.ansi.enabled=never -Dspring.profiles.active=p1 surefire:test,investigation/raw/v1/07/p1/1/reports/com.ai.token.experiment.FailureCasesTest.txt,test-runner report,02ccdb7b1a4013231d3c9d1c22055c619d70d152c0214709943285aeea6ae4c0,2186,23,431,tiktoken 0.14.0 o200k_base
07,p1,1,1,True,True,404 Not Found,mvn -o -B -ntp -Dmaven.repo.local=/Users/hadiranjbar/Downloads/java/token.usage/investigation/.m2 -Pinvestigation -Dtest=FailureCasesTest -Dexperiment.case=07 -Dexperiment.artifactDir=/Users/hadiranjbar/Downloads/java/token.usage/investigation/raw/v1/07/p1/1 -Dexperiment.reportDir=/Users/hadiranjbar/Downloads/java/token.usage/investigation/raw/v1/07/p1/1/reports -Dspring.output.ansi.enabled=never -Dspring.profiles.active=p1 surefire:test,investigation/raw/v1/07/p1/1/stderr.log,Maven + forked JVM stderr,e3b0c44298fc1c149afbf4c8996fb92427ae41e4649b934ca495991b7852b855,0,0,0,tiktoken 0.14.0 o200k_base
07,p1,1,1,True,True,404 Not Found,mvn -o -B -ntp -Dmaven.repo.local=/Users/hadiranjbar/Downloads/java/token.usage/investigation/.m2 -Pinvestigation -Dtest=FailureCasesTest -Dexperiment.case=07 -Dexperiment.artifactDir=/Users/hadiranjbar/Downloads/java/token.usage/investigation/raw/v1/07/p1/1 -Dexperiment.reportDir=/Users/hadiranjbar/Downloads/java/token.usage/investigation/raw/v1/07/p1/1/reports -Dspring.output.ansi.enabled=never -Dspring.profiles.active=p1 surefire:test,investigation/raw/v1/07/p1/1/stdout.log,Maven + forked JVM stdout,0ba5bf2b17c80765bca615dbe8889e0bab97d2c8d564febc4e2091a126d384f9,4765,75,1215,tiktoken 0.14.0 o200k_base
07,p1,2,1,True,True,404 Not Found,mvn -o -B -ntp -Dmaven.repo.local=/Users/hadiranjbar/Downloads/java/token.usage/investigation/.m2 -Pinvestigation -Dtest=FailureCasesTest -Dexperiment.case=07 -Dexperiment.artifactDir=/Users/hadiranjbar/Downloads/java/token.usage/investigation/raw/v1/07/p1/2 -Dexperiment.reportDir=/Users/hadiranjbar/Downloads/java/token.usage/investigation/raw/v1/07/p1/2/reports -Dspring.output.ansi.enabled=never -Dspring.profiles.active=p1 surefire:test,investigation/raw/v1/07/p1/2/reports/TEST-com.ai.token.experiment.FailureCasesTest.xml,test-runner report,17b97f50e5bf9d549d963c232267e536d5c0b8041863e953b4edc77c6565fb3f,28800,113,9015,tiktoken 0.14.0 o200k_base
07,p1,2,1,True,True,404 Not Found,mvn -o -B -ntp -Dmaven.repo.local=/Users/hadiranjbar/Downloads/java/token.usage/investigation/.m2 -Pinvestigation -Dtest=FailureCasesTest -Dexperiment.case=07 -Dexperiment.artifactDir=/Users/hadiranjbar/Downloads/java/token.usage/investigation/raw/v1/07/p1/2 -Dexperiment.reportDir=/Users/hadiranjbar/Downloads/java/token.usage/investigation/raw/v1/07/p1/2/reports -Dspring.output.ansi.enabled=never -Dspring.profiles.active=p1 surefire:test,investigation/raw/v1/07/p1/2/reports/com.ai.token.experiment.FailureCasesTest.txt,test-runner report,7cada48b7055c37cafcdd61f3099ebd1282909de524a6eacfc7d7b0cbf6db273,2186,23,431,tiktoken 0.14.0 o200k_base
07,p1,2,1,True,True,404 Not Found,mvn -o -B -ntp -Dmaven.repo.local=/Users/hadiranjbar/Downloads/java/token.usage/investigation/.m2 -Pinvestigation -Dtest=FailureCasesTest -Dexperiment.case=07 -Dexperiment.artifactDir=/Users/hadiranjbar/Downloads/java/token.usage/investigation/raw/v1/07/p1/2 -Dexperiment.reportDir=/Users/hadiranjbar/Downloads/java/token.usage/investigation/raw/v1/07/p1/2/reports -Dspring.output.ansi.enabled=never -Dspring.profiles.active=p1 surefire:test,investigation/raw/v1/07/p1/2/stderr.log,Maven + forked JVM stderr,e3b0c44298fc1c149afbf4c8996fb92427ae41e4649b934ca495991b7852b855,0,0,0,tiktoken 0.14.0 o200k_base
07,p1,2,1,True,True,404 Not Found,mvn -o -B -ntp -Dmaven.repo.local=/Users/hadiranjbar/Downloads/java/token.usage/investigation/.m2 -Pinvestigation -Dtest=FailureCasesTest -Dexperiment.case=07 -Dexperiment.artifactDir=/Users/hadiranjbar/Downloads/java/token.usage/investigation/raw/v1/07/p1/2 -Dexperiment.reportDir=/Users/hadiranjbar/Downloads/java/token.usage/investigation/raw/v1/07/p1/2/reports -Dspring.output.ansi.enabled=never -Dspring.profiles.active=p1 surefire:test,investigation/raw/v1/07/p1/2/stdout.log,Maven + forked JVM stdout,12d71db2ba4d1d786b2735ec36f8ec77689c3b008b84150557bf99ef839c185d,4765,75,1215,tiktoken 0.14.0 o200k_base
07,p1,3,1,True,True,404 Not Found,mvn -o -B -ntp -Dmaven.repo.local=/Users/hadiranjbar/Downloads/java/token.usage/investigation/.m2 -Pinvestigation -Dtest=FailureCasesTest -Dexperiment.case=07 -Dexperiment.artifactDir=/Users/hadiranjbar/Downloads/java/token.usage/investigation/raw/v1/07/p1/3 -Dexperiment.reportDir=/Users/hadiranjbar/Downloads/java/token.usage/investigation/raw/v1/07/p1/3/reports -Dspring.output.ansi.enabled=never -Dspring.profiles.active=p1 surefire:test,investigation/raw/v1/07/p1/3/reports/TEST-com.ai.token.experiment.FailureCasesTest.xml,test-runner report,77de06a19c05d621868f7e2a2e852e5f6c67ad066c534ab9847aca8c72458bf3,28800,113,9015,tiktoken 0.14.0 o200k_base
07,p1,3,1,True,True,404 Not Found,mvn -o -B -ntp -Dmaven.repo.local=/Users/hadiranjbar/Downloads/java/token.usage/investigation/.m2 -Pinvestigation -Dtest=FailureCasesTest -Dexperiment.case=07 -Dexperiment.artifactDir=/Users/hadiranjbar/Downloads/java/token.usage/investigation/raw/v1/07/p1/3 -Dexperiment.reportDir=/Users/hadiranjbar/Downloads/java/token.usage/investigation/raw/v1/07/p1/3/reports -Dspring.output.ansi.enabled=never -Dspring.profiles.active=p1 surefire:test,investigation/raw/v1/07/p1/3/reports/com.ai.token.experiment.FailureCasesTest.txt,test-runner report,3013a8bf043cc602559fd7c19ec84a5bd82c3c320e35d0fc7dbe22bd374ee3d3,2186,23,431,tiktoken 0.14.0 o200k_base
07,p1,3,1,True,True,404 Not Found,mvn -o -B -ntp -Dmaven.repo.local=/Users/hadiranjbar/Downloads/java/token.usage/investigation/.m2 -Pinvestigation -Dtest=FailureCasesTest -Dexperiment.case=07 -Dexperiment.artifactDir=/Users/hadiranjbar/Downloads/java/token.usage/investigation/raw/v1/07/p1/3 -Dexperiment.reportDir=/Users/hadiranjbar/Downloads/java/token.usage/investigation/raw/v1/07/p1/3/reports -Dspring.output.ansi.enabled=never -Dspring.profiles.active=p1 surefire:test,investigation/raw/v1/07/p1/3/stderr.log,Maven + forked JVM stderr,e3b0c44298fc1c149afbf4c8996fb92427ae41e4649b934ca495991b7852b855,0,0,0,tiktoken 0.14.0 o200k_base
07,p1,3,1,True,True,404 Not Found,mvn -o -B -ntp -Dmaven.repo.local=/Users/hadiranjbar/Downloads/java/token.usage/investigation/.m2 -Pinvestigation -Dtest=FailureCasesTest -Dexperiment.case=07 -Dexperiment.artifactDir=/Users/hadiranjbar/Downloads/java/token.usage/investigation/raw/v1/07/p1/3 -Dexperiment.reportDir=/Users/hadiranjbar/Downloads/java/token.usage/investigation/raw/v1/07/p1/3/reports -Dspring.output.ansi.enabled=never -Dspring.profiles.active=p1 surefire:test,investigation/raw/v1/07/p1/3/stdout.log,Maven + forked JVM stdout,bd299b4dff07de6e1498964fa49e5db832493335007e32de504b2b890748326d,4765,75,1215,tiktoken 0.14.0 o200k_base
07,p4,1,1,True,True,404 Not Found,"mvn -o -B -ntp -Dmaven.repo.local=/Users/hadiranjbar/Downloads/java/token.usage/investigation/.m2 -Pinvestigation,agent-reports -Dtest=FailureCasesTest -Dexperiment.case=07 -Dexperiment.artifactDir=/Users/hadiranjbar/Downloads/java/token.usage/investigation/raw/v1/07/p4/1 -Dexperiment.reportDir=/Users/hadiranjbar/Downloads/java/token.usage/investigation/raw/v1/07/p4/1/reports -Dspring.output.ansi.enabled=never surefire:test",investigation/raw/v1/07/p4/1/reports/TEST-com.ai.token.experiment.FailureCasesTest.xml,test-runner report,ed28a9f2406096c1f5653904f122f6e14aa0984dc0c39bf778af4cb7d4b0719d,27220,96,8710,tiktoken 0.14.0 o200k_base
07,p4,1,1,True,True,404 Not Found,"mvn -o -B -ntp -Dmaven.repo.local=/Users/hadiranjbar/Downloads/java/token.usage/investigation/.m2 -Pinvestigation,agent-reports -Dtest=FailureCasesTest -Dexperiment.case=07 -Dexperiment.artifactDir=/Users/hadiranjbar/Downloads/java/token.usage/investigation/raw/v1/07/p4/1 -Dexperiment.reportDir=/Users/hadiranjbar/Downloads/java/token.usage/investigation/raw/v1/07/p4/1/reports -Dspring.output.ansi.enabled=never surefire:test",investigation/raw/v1/07/p4/1/reports/com.ai.token.experiment.FailureCasesTest.txt,test-runner report,e024d35bf67bf76c8e37d3f47453875e13b7db21cc67c9e1cce021ba9cbd10be,617,8,131,tiktoken 0.14.0 o200k_base
07,p4,1,1,True,True,404 Not Found,"mvn -o -B -ntp -Dmaven.repo.local=/Users/hadiranjbar/Downloads/java/token.usage/investigation/.m2 -Pinvestigation,agent-reports -Dtest=FailureCasesTest -Dexperiment.case=07 -Dexperiment.artifactDir=/Users/hadiranjbar/Downloads/java/token.usage/investigation/raw/v1/07/p4/1 -Dexperiment.reportDir=/Users/hadiranjbar/Downloads/java/token.usage/investigation/raw/v1/07/p4/1/reports -Dspring.output.ansi.enabled=never surefire:test",investigation/raw/v1/07/p4/1/stderr.log,Maven + forked JVM stderr,e3b0c44298fc1c149afbf4c8996fb92427ae41e4649b934ca495991b7852b855,0,0,0,tiktoken 0.14.0 o200k_base
07,p4,1,1,True,True,404 Not Found,"mvn -o -B -ntp -Dmaven.repo.local=/Users/hadiranjbar/Downloads/java/token.usage/investigation/.m2 -Pinvestigation,agent-reports -Dtest=FailureCasesTest -Dexperiment.case=07 -Dexperiment.artifactDir=/Users/hadiranjbar/Downloads/java/token.usage/investigation/raw/v1/07/p4/1 -Dexperiment.reportDir=/Users/hadiranjbar/Downloads/java/token.usage/investigation/raw/v1/07/p4/1/reports -Dspring.output.ansi.enabled=never surefire:test",investigation/raw/v1/07/p4/1/stdout.log,Maven + forked JVM stdout,df91d40639010be3ff0a708aeb0f4c73d7eaac0b11d4c0e22c4698643292a96e,3347,60,961,tiktoken 0.14.0 o200k_base
07,p4,2,1,True,True,404 Not Found,"mvn -o -B -ntp -Dmaven.repo.local=/Users/hadiranjbar/Downloads/java/token.usage/investigation/.m2 -Pinvestigation,agent-reports -Dtest=FailureCasesTest -Dexperiment.case=07 -Dexperiment.artifactDir=/Users/hadiranjbar/Downloads/java/token.usage/investigation/raw/v1/07/p4/2 -Dexperiment.reportDir=/Users/hadiranjbar/Downloads/java/token.usage/investigation/raw/v1/07/p4/2/reports -Dspring.output.ansi.enabled=never surefire:test",investigation/raw/v1/07/p4/2/reports/TEST-com.ai.token.experiment.FailureCasesTest.xml,test-runner report,f8b997a2d8497bc4f2c0300d3af7e68719e9260f7f489b5ffc11ec77d0eb0a47,27221,96,8710,tiktoken 0.14.0 o200k_base
07,p4,2,1,True,True,404 Not Found,"mvn -o -B -ntp -Dmaven.repo.local=/Users/hadiranjbar/Downloads/java/token.usage/investigation/.m2 -Pinvestigation,agent-reports -Dtest=FailureCasesTest -Dexperiment.case=07 -Dexperiment.artifactDir=/Users/hadiranjbar/Downloads/java/token.usage/investigation/raw/v1/07/p4/2 -Dexperiment.reportDir=/Users/hadiranjbar/Downloads/java/token.usage/investigation/raw/v1/07/p4/2/reports -Dspring.output.ansi.enabled=never surefire:test",investigation/raw/v1/07/p4/2/reports/com.ai.token.experiment.FailureCasesTest.txt,test-runner report,6635c3a6046b56abba528f91067d644ab947ba707c5f6243868411aaf6494dda,617,8,131,tiktoken 0.14.0 o200k_base
07,p4,2,1,True,True,404 Not Found,"mvn -o -B -ntp -Dmaven.repo.local=/Users/hadiranjbar/Downloads/java/token.usage/investigation/.m2 -Pinvestigation,agent-reports -Dtest=FailureCasesTest -Dexperiment.case=07 -Dexperiment.artifactDir=/Users/hadiranjbar/Downloads/java/token.usage/investigation/raw/v1/07/p4/2 -Dexperiment.reportDir=/Users/hadiranjbar/Downloads/java/token.usage/investigation/raw/v1/07/p4/2/reports -Dspring.output.ansi.enabled=never surefire:test",investigation/raw/v1/07/p4/2/stderr.log,Maven + forked JVM stderr,e3b0c44298fc1c149afbf4c8996fb92427ae41e4649b934ca495991b7852b855,0,0,0,tiktoken 0.14.0 o200k_base
07,p4,2,1,True,True,404 Not Found,"mvn -o -B -ntp -Dmaven.repo.local=/Users/hadiranjbar/Downloads/java/token.usage/investigation/.m2 -Pinvestigation,agent-reports -Dtest=FailureCasesTest -Dexperiment.case=07 -Dexperiment.artifactDir=/Users/hadiranjbar/Downloads/java/token.usage/investigation/raw/v1/07/p4/2 -Dexperiment.reportDir=/Users/hadiranjbar/Downloads/java/token.usage/investigation/raw/v1/07/p4/2/reports -Dspring.output.ansi.enabled=never surefire:test",investigation/raw/v1/07/p4/2/stdout.log,Maven + forked JVM stdout,9344a3c7a63e3db57e1ff2603dc8ffa832c7cfbd85076549c38ec98fd9871364,3349,60,961,tiktoken 0.14.0 o200k_base
07,p4,3,1,True,True,404 Not Found,"mvn -o -B -ntp -Dmaven.repo.local=/Users/hadiranjbar/Downloads/java/token.usage/investigation/.m2 -Pinvestigation,agent-reports -Dtest=FailureCasesTest -Dexperiment.case=07 -Dexperiment.artifactDir=/Users/hadiranjbar/Downloads/java/token.usage/investigation/raw/v1/07/p4/3 -Dexperiment.reportDir=/Users/hadiranjbar/Downloads/java/token.usage/investigation/raw/v1/07/p4/3/reports -Dspring.output.ansi.enabled=never surefire:test",investigation/raw/v1/07/p4/3/reports/TEST-com.ai.token.experiment.FailureCasesTest.xml,test-runner report,5c51b9f8d2791567d09e77ac180b9b62a9cbc37fda505dde82b10dfbe4a933a7,27218,96,8709,tiktoken 0.14.0 o200k_base
07,p4,3,1,True,True,404 Not Found,"mvn -o -B -ntp -Dmaven.repo.local=/Users/hadiranjbar/Downloads/java/token.usage/investigation/.m2 -Pinvestigation,agent-reports -Dtest=FailureCasesTest -Dexperiment.case=07 -Dexperiment.artifactDir=/Users/hadiranjbar/Downloads/java/token.usage/investigation/raw/v1/07/p4/3 -Dexperiment.reportDir=/Users/hadiranjbar/Downloads/java/token.usage/investigation/raw/v1/07/p4/3/reports -Dspring.output.ansi.enabled=never surefire:test",investigation/raw/v1/07/p4/3/reports/com.ai.token.experiment.FailureCasesTest.txt,test-runner report,4ba61dc694250c6d902c4dff35ab6457c9118c27f796f33784f463e920c73e76,617,8,131,tiktoken 0.14.0 o200k_base
07,p4,3,1,True,True,404 Not Found,"mvn -o -B -ntp -Dmaven.repo.local=/Users/hadiranjbar/Downloads/java/token.usage/investigation/.m2 -Pinvestigation,agent-reports -Dtest=FailureCasesTest -Dexperiment.case=07 -Dexperiment.artifactDir=/Users/hadiranjbar/Downloads/java/token.usage/investigation/raw/v1/07/p4/3 -Dexperiment.reportDir=/Users/hadiranjbar/Downloads/java/token.usage/investigation/raw/v1/07/p4/3/reports -Dspring.output.ansi.enabled=never surefire:test",investigation/raw/v1/07/p4/3/stderr.log,Maven + forked JVM stderr,e3b0c44298fc1c149afbf4c8996fb92427ae41e4649b934ca495991b7852b855,0,0,0,tiktoken 0.14.0 o200k_base
07,p4,3,1,True,True,404 Not Found,"mvn -o -B -ntp -Dmaven.repo.local=/Users/hadiranjbar/Downloads/java/token.usage/investigation/.m2 -Pinvestigation,agent-reports -Dtest=FailureCasesTest -Dexperiment.case=07 -Dexperiment.artifactDir=/Users/hadiranjbar/Downloads/java/token.usage/investigation/raw/v1/07/p4/3 -Dexperiment.reportDir=/Users/hadiranjbar/Downloads/java/token.usage/investigation/raw/v1/07/p4/3/reports -Dspring.output.ansi.enabled=never surefire:test",investigation/raw/v1/07/p4/3/stdout.log,Maven + forked JVM stdout,5933e1ac20e37c81d21970fa13871761ccf0c6d89f28a450c9ebeea248898e20,3349,60,961,tiktoken 0.14.0 o200k_base
08,agent,1,1,True,True,java.util.concurrent.ExecutionException,"mvn -o -B -ntp -Dmaven.repo.local=/Users/hadiranjbar/Downloads/java/token.usage/investigation/.m2 -Pinvestigation,agent-reports -Dtest=FailureCasesTest -Dexperiment.case=08 -Dexperiment.artifactDir=/Users/hadiranjbar/Downloads/java/token.usage/investigation/raw/v1/08/agent/1 -Dexperiment.reportDir=/Users/hadiranjbar/Downloads/java/token.usage/investigation/raw/v1/08/agent/1/reports -Dspring.output.ansi.enabled=never -Dspring.profiles.active=agent -Dexperiment.deduplicate=true surefire:test",investigation/raw/v1/08/agent/1/reports/TEST-com.ai.token.experiment.FailureCasesTest.xml,test-runner report,bb5bb0c2df64ac41c55eee925d7103d6b50df090d6d3ad0065ec3be74928c6bd,28644,112,9138,tiktoken 0.14.0 o200k_base
08,agent,1,1,True,True,java.util.concurrent.ExecutionException,"mvn -o -B -ntp -Dmaven.repo.local=/Users/hadiranjbar/Downloads/java/token.usage/investigation/.m2 -Pinvestigation,agent-reports -Dtest=FailureCasesTest -Dexperiment.case=08 -Dexperiment.artifactDir=/Users/hadiranjbar/Downloads/java/token.usage/investigation/raw/v1/08/agent/1 -Dexperiment.reportDir=/Users/hadiranjbar/Downloads/java/token.usage/investigation/raw/v1/08/agent/1/reports -Dspring.output.ansi.enabled=never -Dspring.profiles.active=agent -Dexperiment.deduplicate=true surefire:test",investigation/raw/v1/08/agent/1/reports/com.ai.token.experiment.FailureCasesTest.txt,test-runner report,0b2c8a0e81b416e4c78753acf3256babf9398f2b163235ba227ac729d2ea673e,676,9,142,tiktoken 0.14.0 o200k_base
08,agent,1,1,True,True,java.util.concurrent.ExecutionException,"mvn -o -B -ntp -Dmaven.repo.local=/Users/hadiranjbar/Downloads/java/token.usage/investigation/.m2 -Pinvestigation,agent-reports -Dtest=FailureCasesTest -Dexperiment.case=08 -Dexperiment.artifactDir=/Users/hadiranjbar/Downloads/java/token.usage/investigation/raw/v1/08/agent/1 -Dexperiment.reportDir=/Users/hadiranjbar/Downloads/java/token.usage/investigation/raw/v1/08/agent/1/reports -Dspring.output.ansi.enabled=never -Dspring.profiles.active=agent -Dexperiment.deduplicate=true surefire:test",investigation/raw/v1/08/agent/1/stderr.log,Maven + forked JVM stderr,e3b0c44298fc1c149afbf4c8996fb92427ae41e4649b934ca495991b7852b855,0,0,0,tiktoken 0.14.0 o200k_base
08,agent,1,1,True,True,java.util.concurrent.ExecutionException,"mvn -o -B -ntp -Dmaven.repo.local=/Users/hadiranjbar/Downloads/java/token.usage/investigation/.m2 -Pinvestigation,agent-reports -Dtest=FailureCasesTest -Dexperiment.case=08 -Dexperiment.artifactDir=/Users/hadiranjbar/Downloads/java/token.usage/investigation/raw/v1/08/agent/1 -Dexperiment.reportDir=/Users/hadiranjbar/Downloads/java/token.usage/investigation/raw/v1/08/agent/1/reports -Dspring.output.ansi.enabled=never -Dspring.profiles.active=agent -Dexperiment.deduplicate=true surefire:test",investigation/raw/v1/08/agent/1/stdout.log,Maven + forked JVM stdout,89de24e98132338566105575dfab4732c3cc9cd6acedfe2cc4858362c9ff5a17,4400,73,1261,tiktoken 0.14.0 o200k_base
08,agent,2,1,True,True,java.util.concurrent.ExecutionException,"mvn -o -B -ntp -Dmaven.repo.local=/Users/hadiranjbar/Downloads/java/token.usage/investigation/.m2 -Pinvestigation,agent-reports -Dtest=FailureCasesTest -Dexperiment.case=08 -Dexperiment.artifactDir=/Users/hadiranjbar/Downloads/java/token.usage/investigation/raw/v1/08/agent/2 -Dexperiment.reportDir=/Users/hadiranjbar/Downloads/java/token.usage/investigation/raw/v1/08/agent/2/reports -Dspring.output.ansi.enabled=never -Dspring.profiles.active=agent -Dexperiment.deduplicate=true surefire:test",investigation/raw/v1/08/agent/2/reports/TEST-com.ai.token.experiment.FailureCasesTest.xml,test-runner report,7359a18bad093b099e77fbfbaa029d1a3d2d5a078f7511f3f0a3caedb032769d,28642,112,9138,tiktoken 0.14.0 o200k_base
08,agent,2,1,True,True,java.util.concurrent.ExecutionException,"mvn -o -B -ntp -Dmaven.repo.local=/Users/hadiranjbar/Downloads/java/token.usage/investigation/.m2 -Pinvestigation,agent-reports -Dtest=FailureCasesTest -Dexperiment.case=08 -Dexperiment.artifactDir=/Users/hadiranjbar/Downloads/java/token.usage/investigation/raw/v1/08/agent/2 -Dexperiment.reportDir=/Users/hadiranjbar/Downloads/java/token.usage/investigation/raw/v1/08/agent/2/reports -Dspring.output.ansi.enabled=never -Dspring.profiles.active=agent -Dexperiment.deduplicate=true surefire:test",investigation/raw/v1/08/agent/2/reports/com.ai.token.experiment.FailureCasesTest.txt,test-runner report,b0c0ccb0748fcd2c66f081ce44c7ff377d29b700dceb45bc3acb39d237ed62b0,676,9,142,tiktoken 0.14.0 o200k_base
08,agent,2,1,True,True,java.util.concurrent.ExecutionException,"mvn -o -B -ntp -Dmaven.repo.local=/Users/hadiranjbar/Downloads/java/token.usage/investigation/.m2 -Pinvestigation,agent-reports -Dtest=FailureCasesTest -Dexperiment.case=08 -Dexperiment.artifactDir=/Users/hadiranjbar/Downloads/java/token.usage/investigation/raw/v1/08/agent/2 -Dexperiment.reportDir=/Users/hadiranjbar/Downloads/java/token.usage/investigation/raw/v1/08/agent/2/reports -Dspring.output.ansi.enabled=never -Dspring.profiles.active=agent -Dexperiment.deduplicate=true surefire:test",investigation/raw/v1/08/agent/2/stderr.log,Maven + forked JVM stderr,e3b0c44298fc1c149afbf4c8996fb92427ae41e4649b934ca495991b7852b855,0,0,0,tiktoken 0.14.0 o200k_base
08,agent,2,1,True,True,java.util.concurrent.ExecutionException,"mvn -o -B -ntp -Dmaven.repo.local=/Users/hadiranjbar/Downloads/java/token.usage/investigation/.m2 -Pinvestigation,agent-reports -Dtest=FailureCasesTest -Dexperiment.case=08 -Dexperiment.artifactDir=/Users/hadiranjbar/Downloads/java/token.usage/investigation/raw/v1/08/agent/2 -Dexperiment.reportDir=/Users/hadiranjbar/Downloads/java/token.usage/investigation/raw/v1/08/agent/2/reports -Dspring.output.ansi.enabled=never -Dspring.profiles.active=agent -Dexperiment.deduplicate=true surefire:test",investigation/raw/v1/08/agent/2/stdout.log,Maven + forked JVM stdout,6d5ff7208af5109f8a232dfda3907f36cd8a224fd547712aeb589816ed765040,4398,73,1261,tiktoken 0.14.0 o200k_base
08,agent,3,1,True,True,java.util.concurrent.ExecutionException,"mvn -o -B -ntp -Dmaven.repo.local=/Users/hadiranjbar/Downloads/java/token.usage/investigation/.m2 -Pinvestigation,agent-reports -Dtest=FailureCasesTest -Dexperiment.case=08 -Dexperiment.artifactDir=/Users/hadiranjbar/Downloads/java/token.usage/investigation/raw/v1/08/agent/3 -Dexperiment.reportDir=/Users/hadiranjbar/Downloads/java/token.usage/investigation/raw/v1/08/agent/3/reports -Dspring.output.ansi.enabled=never -Dspring.profiles.active=agent -Dexperiment.deduplicate=true surefire:test",investigation/raw/v1/08/agent/3/reports/TEST-com.ai.token.experiment.FailureCasesTest.xml,test-runner report,317396ef225745419855d526edd9e5b9ada6972353e2263779abaad55f33e138,28640,112,9137,tiktoken 0.14.0 o200k_base
08,agent,3,1,True,True,java.util.concurrent.ExecutionException,"mvn -o -B -ntp -Dmaven.repo.local=/Users/hadiranjbar/Downloads/java/token.usage/investigation/.m2 -Pinvestigation,agent-reports -Dtest=FailureCasesTest -Dexperiment.case=08 -Dexperiment.artifactDir=/Users/hadiranjbar/Downloads/java/token.usage/investigation/raw/v1/08/agent/3 -Dexperiment.reportDir=/Users/hadiranjbar/Downloads/java/token.usage/investigation/raw/v1/08/agent/3/reports -Dspring.output.ansi.enabled=never -Dspring.profiles.active=agent -Dexperiment.deduplicate=true surefire:test",investigation/raw/v1/08/agent/3/reports/com.ai.token.experiment.FailureCasesTest.txt,test-runner report,71a726002ebffa7741f6cf0f2353839e1aeabed1806c69a142ba222963512ac9,676,9,142,tiktoken 0.14.0 o200k_base
08,agent,3,1,True,True,java.util.concurrent.ExecutionException,"mvn -o -B -ntp -Dmaven.repo.local=/Users/hadiranjbar/Downloads/java/token.usage/investigation/.m2 -Pinvestigation,agent-reports -Dtest=FailureCasesTest -Dexperiment.case=08 -Dexperiment.artifactDir=/Users/hadiranjbar/Downloads/java/token.usage/investigation/raw/v1/08/agent/3 -Dexperiment.reportDir=/Users/hadiranjbar/Downloads/java/token.usage/investigation/raw/v1/08/agent/3/reports -Dspring.output.ansi.enabled=never -Dspring.profiles.active=agent -Dexperiment.deduplicate=true surefire:test",investigation/raw/v1/08/agent/3/stderr.log,Maven + forked JVM stderr,e3b0c44298fc1c149afbf4c8996fb92427ae41e4649b934ca495991b7852b855,0,0,0,tiktoken 0.14.0 o200k_base
08,agent,3,1,True,True,java.util.concurrent.ExecutionException,"mvn -o -B -ntp -Dmaven.repo.local=/Users/hadiranjbar/Downloads/java/token.usage/investigation/.m2 -Pinvestigation,agent-reports -Dtest=FailureCasesTest -Dexperiment.case=08 -Dexperiment.artifactDir=/Users/hadiranjbar/Downloads/java/token.usage/investigation/raw/v1/08/agent/3 -Dexperiment.reportDir=/Users/hadiranjbar/Downloads/java/token.usage/investigation/raw/v1/08/agent/3/reports -Dspring.output.ansi.enabled=never -Dspring.profiles.active=agent -Dexperiment.deduplicate=true surefire:test",investigation/raw/v1/08/agent/3/stdout.log,Maven + forked JVM stdout,ee767a0c7a88cc6e7b5e2e6d82bcf51fb0393bf3b73a684a9b7f33f986fa5d0a,4400,73,1261,tiktoken 0.14.0 o200k_base
08,default,1,1,True,True,java.util.concurrent.ExecutionException,mvn -o -B -ntp -Dmaven.repo.local=/Users/hadiranjbar/Downloads/java/token.usage/investigation/.m2 -Pinvestigation -Dtest=FailureCasesTest -Dexperiment.case=08 -Dexperiment.artifactDir=/Users/hadiranjbar/Downloads/java/token.usage/investigation/raw/v1/08/default/1 -Dexperiment.reportDir=/Users/hadiranjbar/Downloads/java/token.usage/investigation/raw/v1/08/default/1/reports -Dspring.output.ansi.enabled=never surefire:test,investigation/raw/v1/08/default/1/reports/TEST-com.ai.token.experiment.FailureCasesTest.xml,test-runner report,9bb667d5a7d5ec6f92985db2eb70e87aa0d472478cd5726338fd6c775b97c1b2,28953,120,9136,tiktoken 0.14.0 o200k_base
08,default,1,1,True,True,java.util.concurrent.ExecutionException,mvn -o -B -ntp -Dmaven.repo.local=/Users/hadiranjbar/Downloads/java/token.usage/investigation/.m2 -Pinvestigation -Dtest=FailureCasesTest -Dexperiment.case=08 -Dexperiment.artifactDir=/Users/hadiranjbar/Downloads/java/token.usage/investigation/raw/v1/08/default/1 -Dexperiment.reportDir=/Users/hadiranjbar/Downloads/java/token.usage/investigation/raw/v1/08/default/1/reports -Dspring.output.ansi.enabled=never surefire:test,investigation/raw/v1/08/default/1/reports/com.ai.token.experiment.FailureCasesTest.txt,test-runner report,d4a69ec67c067b37ca4e71cfa81252324aa7c7b0eefce5f4e5181b2f959d4f60,1470,20,321,tiktoken 0.14.0 o200k_base
08,default,1,1,True,True,java.util.concurrent.ExecutionException,mvn -o -B -ntp -Dmaven.repo.local=/Users/hadiranjbar/Downloads/java/token.usage/investigation/.m2 -Pinvestigation -Dtest=FailureCasesTest -Dexperiment.case=08 -Dexperiment.artifactDir=/Users/hadiranjbar/Downloads/java/token.usage/investigation/raw/v1/08/default/1 -Dexperiment.reportDir=/Users/hadiranjbar/Downloads/java/token.usage/investigation/raw/v1/08/default/1/reports -Dspring.output.ansi.enabled=never surefire:test,investigation/raw/v1/08/default/1/stderr.log,Maven + forked JVM stderr,e3b0c44298fc1c149afbf4c8996fb92427ae41e4649b934ca495991b7852b855,0,0,0,tiktoken 0.14.0 o200k_base
08,default,1,1,True,True,java.util.concurrent.ExecutionException,mvn -o -B -ntp -Dmaven.repo.local=/Users/hadiranjbar/Downloads/java/token.usage/investigation/.m2 -Pinvestigation -Dtest=FailureCasesTest -Dexperiment.case=08 -Dexperiment.artifactDir=/Users/hadiranjbar/Downloads/java/token.usage/investigation/raw/v1/08/default/1 -Dexperiment.reportDir=/Users/hadiranjbar/Downloads/java/token.usage/investigation/raw/v1/08/default/1/reports -Dspring.output.ansi.enabled=never surefire:test,investigation/raw/v1/08/default/1/stdout.log,Maven + forked JVM stdout,1cb72e3b7c19a5c109720de9d1c7afa0cb5ce4e863f4bfd2355f6d8c59afc766,5106,84,1393,tiktoken 0.14.0 o200k_base
08,default,2,1,True,True,java.util.concurrent.ExecutionException,mvn -o -B -ntp -Dmaven.repo.local=/Users/hadiranjbar/Downloads/java/token.usage/investigation/.m2 -Pinvestigation -Dtest=FailureCasesTest -Dexperiment.case=08 -Dexperiment.artifactDir=/Users/hadiranjbar/Downloads/java/token.usage/investigation/raw/v1/08/default/2 -Dexperiment.reportDir=/Users/hadiranjbar/Downloads/java/token.usage/investigation/raw/v1/08/default/2/reports -Dspring.output.ansi.enabled=never surefire:test,investigation/raw/v1/08/default/2/reports/TEST-com.ai.token.experiment.FailureCasesTest.xml,test-runner report,a56a19a1d4068bb75c7a322bd0f27a89ec8ee503b1f981ae60edd2a3da3369f1,28958,120,9137,tiktoken 0.14.0 o200k_base
08,default,2,1,True,True,java.util.concurrent.ExecutionException,mvn -o -B -ntp -Dmaven.repo.local=/Users/hadiranjbar/Downloads/java/token.usage/investigation/.m2 -Pinvestigation -Dtest=FailureCasesTest -Dexperiment.case=08 -Dexperiment.artifactDir=/Users/hadiranjbar/Downloads/java/token.usage/investigation/raw/v1/08/default/2 -Dexperiment.reportDir=/Users/hadiranjbar/Downloads/java/token.usage/investigation/raw/v1/08/default/2/reports -Dspring.output.ansi.enabled=never surefire:test,investigation/raw/v1/08/default/2/reports/com.ai.token.experiment.FailureCasesTest.txt,test-runner report,f289916f1f56ea01eca4d0b1defe4bcebf162d68ff3b861543b57d6398b83b19,1470,20,321,tiktoken 0.14.0 o200k_base
08,default,2,1,True,True,java.util.concurrent.ExecutionException,mvn -o -B -ntp -Dmaven.repo.local=/Users/hadiranjbar/Downloads/java/token.usage/investigation/.m2 -Pinvestigation -Dtest=FailureCasesTest -Dexperiment.case=08 -Dexperiment.artifactDir=/Users/hadiranjbar/Downloads/java/token.usage/investigation/raw/v1/08/default/2 -Dexperiment.reportDir=/Users/hadiranjbar/Downloads/java/token.usage/investigation/raw/v1/08/default/2/reports -Dspring.output.ansi.enabled=never surefire:test,investigation/raw/v1/08/default/2/stderr.log,Maven + forked JVM stderr,e3b0c44298fc1c149afbf4c8996fb92427ae41e4649b934ca495991b7852b855,0,0,0,tiktoken 0.14.0 o200k_base
08,default,2,1,True,True,java.util.concurrent.ExecutionException,mvn -o -B -ntp -Dmaven.repo.local=/Users/hadiranjbar/Downloads/java/token.usage/investigation/.m2 -Pinvestigation -Dtest=FailureCasesTest -Dexperiment.case=08 -Dexperiment.artifactDir=/Users/hadiranjbar/Downloads/java/token.usage/investigation/raw/v1/08/default/2 -Dexperiment.reportDir=/Users/hadiranjbar/Downloads/java/token.usage/investigation/raw/v1/08/default/2/reports -Dspring.output.ansi.enabled=never surefire:test,investigation/raw/v1/08/default/2/stdout.log,Maven + forked JVM stdout,73b18a1920c8abef21e1be2233dd5c329421aebc80cbdb06111dd63f9fa168a9,5106,84,1393,tiktoken 0.14.0 o200k_base
08,default,3,1,True,True,java.util.concurrent.ExecutionException,mvn -o -B -ntp -Dmaven.repo.local=/Users/hadiranjbar/Downloads/java/token.usage/investigation/.m2 -Pinvestigation -Dtest=FailureCasesTest -Dexperiment.case=08 -Dexperiment.artifactDir=/Users/hadiranjbar/Downloads/java/token.usage/investigation/raw/v1/08/default/3 -Dexperiment.reportDir=/Users/hadiranjbar/Downloads/java/token.usage/investigation/raw/v1/08/default/3/reports -Dspring.output.ansi.enabled=never surefire:test,investigation/raw/v1/08/default/3/reports/TEST-com.ai.token.experiment.FailureCasesTest.xml,test-runner report,73689c2f8f774b0a0afe3b3754a5dba45d122db889e8bff7a95dd9fc1e34cf70,28958,120,9137,tiktoken 0.14.0 o200k_base
08,default,3,1,True,True,java.util.concurrent.ExecutionException,mvn -o -B -ntp -Dmaven.repo.local=/Users/hadiranjbar/Downloads/java/token.usage/investigation/.m2 -Pinvestigation -Dtest=FailureCasesTest -Dexperiment.case=08 -Dexperiment.artifactDir=/Users/hadiranjbar/Downloads/java/token.usage/investigation/raw/v1/08/default/3 -Dexperiment.reportDir=/Users/hadiranjbar/Downloads/java/token.usage/investigation/raw/v1/08/default/3/reports -Dspring.output.ansi.enabled=never surefire:test,investigation/raw/v1/08/default/3/reports/com.ai.token.experiment.FailureCasesTest.txt,test-runner report,cd5f64eb8eccd4917b5cde9e59fa8705ddd278abde67c8078aee506211352b6d,1470,20,321,tiktoken 0.14.0 o200k_base
08,default,3,1,True,True,java.util.concurrent.ExecutionException,mvn -o -B -ntp -Dmaven.repo.local=/Users/hadiranjbar/Downloads/java/token.usage/investigation/.m2 -Pinvestigation -Dtest=FailureCasesTest -Dexperiment.case=08 -Dexperiment.artifactDir=/Users/hadiranjbar/Downloads/java/token.usage/investigation/raw/v1/08/default/3 -Dexperiment.reportDir=/Users/hadiranjbar/Downloads/java/token.usage/investigation/raw/v1/08/default/3/reports -Dspring.output.ansi.enabled=never surefire:test,investigation/raw/v1/08/default/3/stderr.log,Maven + forked JVM stderr,e3b0c44298fc1c149afbf4c8996fb92427ae41e4649b934ca495991b7852b855,0,0,0,tiktoken 0.14.0 o200k_base
08,default,3,1,True,True,java.util.concurrent.ExecutionException,mvn -o -B -ntp -Dmaven.repo.local=/Users/hadiranjbar/Downloads/java/token.usage/investigation/.m2 -Pinvestigation -Dtest=FailureCasesTest -Dexperiment.case=08 -Dexperiment.artifactDir=/Users/hadiranjbar/Downloads/java/token.usage/investigation/raw/v1/08/default/3 -Dexperiment.reportDir=/Users/hadiranjbar/Downloads/java/token.usage/investigation/raw/v1/08/default/3/reports -Dspring.output.ansi.enabled=never surefire:test,investigation/raw/v1/08/default/3/stdout.log,Maven + forked JVM stdout,4df64a64a2f6efb9dc575baaac3a8940c1244aea7ccdade1b9e29f9bb9cb24c0,5106,84,1393,tiktoken 0.14.0 o200k_base
08,p1,1,1,True,True,java.util.concurrent.ExecutionException,mvn -o -B -ntp -Dmaven.repo.local=/Users/hadiranjbar/Downloads/java/token.usage/investigation/.m2 -Pinvestigation -Dtest=FailureCasesTest -Dexperiment.case=08 -Dexperiment.artifactDir=/Users/hadiranjbar/Downloads/java/token.usage/investigation/raw/v1/08/p1/1 -Dexperiment.reportDir=/Users/hadiranjbar/Downloads/java/token.usage/investigation/raw/v1/08/p1/1/reports -Dspring.output.ansi.enabled=never -Dspring.profiles.active=p1 surefire:test,investigation/raw/v1/08/p1/1/reports/TEST-com.ai.token.experiment.FailureCasesTest.xml,test-runner report,acdebb4ac2645dbec301565a8f1ee13a40c2950bff78ff9a07835294aec1473f,28907,122,9122,tiktoken 0.14.0 o200k_base
08,p1,1,1,True,True,java.util.concurrent.ExecutionException,mvn -o -B -ntp -Dmaven.repo.local=/Users/hadiranjbar/Downloads/java/token.usage/investigation/.m2 -Pinvestigation -Dtest=FailureCasesTest -Dexperiment.case=08 -Dexperiment.artifactDir=/Users/hadiranjbar/Downloads/java/token.usage/investigation/raw/v1/08/p1/1 -Dexperiment.reportDir=/Users/hadiranjbar/Downloads/java/token.usage/investigation/raw/v1/08/p1/1/reports -Dspring.output.ansi.enabled=never -Dspring.profiles.active=p1 surefire:test,investigation/raw/v1/08/p1/1/reports/com.ai.token.experiment.FailureCasesTest.txt,test-runner report,5449cf74eebef625e546dd72d6992755b668c4d82fc7e04eca22355fe48b5454,1470,20,321,tiktoken 0.14.0 o200k_base
08,p1,1,1,True,True,java.util.concurrent.ExecutionException,mvn -o -B -ntp -Dmaven.repo.local=/Users/hadiranjbar/Downloads/java/token.usage/investigation/.m2 -Pinvestigation -Dtest=FailureCasesTest -Dexperiment.case=08 -Dexperiment.artifactDir=/Users/hadiranjbar/Downloads/java/token.usage/investigation/raw/v1/08/p1/1 -Dexperiment.reportDir=/Users/hadiranjbar/Downloads/java/token.usage/investigation/raw/v1/08/p1/1/reports -Dspring.output.ansi.enabled=never -Dspring.profiles.active=p1 surefire:test,investigation/raw/v1/08/p1/1/stderr.log,Maven + forked JVM stderr,e3b0c44298fc1c149afbf4c8996fb92427ae41e4649b934ca495991b7852b855,0,0,0,tiktoken 0.14.0 o200k_base
08,p1,1,1,True,True,java.util.concurrent.ExecutionException,mvn -o -B -ntp -Dmaven.repo.local=/Users/hadiranjbar/Downloads/java/token.usage/investigation/.m2 -Pinvestigation -Dtest=FailureCasesTest -Dexperiment.case=08 -Dexperiment.artifactDir=/Users/hadiranjbar/Downloads/java/token.usage/investigation/raw/v1/08/p1/1 -Dexperiment.reportDir=/Users/hadiranjbar/Downloads/java/token.usage/investigation/raw/v1/08/p1/1/reports -Dspring.output.ansi.enabled=never -Dspring.profiles.active=p1 surefire:test,investigation/raw/v1/08/p1/1/stdout.log,Maven + forked JVM stdout,55f40fc6f9dc302f282b30193315157c30a8983d595ffd7579ebc38573fe88a7,4899,84,1326,tiktoken 0.14.0 o200k_base
08,p1,2,1,True,True,java.util.concurrent.ExecutionException,mvn -o -B -ntp -Dmaven.repo.local=/Users/hadiranjbar/Downloads/java/token.usage/investigation/.m2 -Pinvestigation -Dtest=FailureCasesTest -Dexperiment.case=08 -Dexperiment.artifactDir=/Users/hadiranjbar/Downloads/java/token.usage/investigation/raw/v1/08/p1/2 -Dexperiment.reportDir=/Users/hadiranjbar/Downloads/java/token.usage/investigation/raw/v1/08/p1/2/reports -Dspring.output.ansi.enabled=never -Dspring.profiles.active=p1 surefire:test,investigation/raw/v1/08/p1/2/reports/TEST-com.ai.token.experiment.FailureCasesTest.xml,test-runner report,aabf960364422b10742d6ae412738b4c39160549ea9be549b414a9ef5a3fa081,28908,122,9122,tiktoken 0.14.0 o200k_base
08,p1,2,1,True,True,java.util.concurrent.ExecutionException,mvn -o -B -ntp -Dmaven.repo.local=/Users/hadiranjbar/Downloads/java/token.usage/investigation/.m2 -Pinvestigation -Dtest=FailureCasesTest -Dexperiment.case=08 -Dexperiment.artifactDir=/Users/hadiranjbar/Downloads/java/token.usage/investigation/raw/v1/08/p1/2 -Dexperiment.reportDir=/Users/hadiranjbar/Downloads/java/token.usage/investigation/raw/v1/08/p1/2/reports -Dspring.output.ansi.enabled=never -Dspring.profiles.active=p1 surefire:test,investigation/raw/v1/08/p1/2/reports/com.ai.token.experiment.FailureCasesTest.txt,test-runner report,a7e6e0793e810911c93a56ef4d7eb4bea2a1be8d00acedb46c1beac05169c35b,1470,20,321,tiktoken 0.14.0 o200k_base
08,p1,2,1,True,True,java.util.concurrent.ExecutionException,mvn -o -B -ntp -Dmaven.repo.local=/Users/hadiranjbar/Downloads/java/token.usage/investigation/.m2 -Pinvestigation -Dtest=FailureCasesTest -Dexperiment.case=08 -Dexperiment.artifactDir=/Users/hadiranjbar/Downloads/java/token.usage/investigation/raw/v1/08/p1/2 -Dexperiment.reportDir=/Users/hadiranjbar/Downloads/java/token.usage/investigation/raw/v1/08/p1/2/reports -Dspring.output.ansi.enabled=never -Dspring.profiles.active=p1 surefire:test,investigation/raw/v1/08/p1/2/stderr.log,Maven + forked JVM stderr,e3b0c44298fc1c149afbf4c8996fb92427ae41e4649b934ca495991b7852b855,0,0,0,tiktoken 0.14.0 o200k_base
08,p1,2,1,True,True,java.util.concurrent.ExecutionException,mvn -o -B -ntp -Dmaven.repo.local=/Users/hadiranjbar/Downloads/java/token.usage/investigation/.m2 -Pinvestigation -Dtest=FailureCasesTest -Dexperiment.case=08 -Dexperiment.artifactDir=/Users/hadiranjbar/Downloads/java/token.usage/investigation/raw/v1/08/p1/2 -Dexperiment.reportDir=/Users/hadiranjbar/Downloads/java/token.usage/investigation/raw/v1/08/p1/2/reports -Dspring.output.ansi.enabled=never -Dspring.profiles.active=p1 surefire:test,investigation/raw/v1/08/p1/2/stdout.log,Maven + forked JVM stdout,f0bac7c3e641b43e1ed9a3848f35479e3b753d59604c751b5026bb9973ba6f56,4899,84,1326,tiktoken 0.14.0 o200k_base
08,p1,3,1,True,True,java.util.concurrent.ExecutionException,mvn -o -B -ntp -Dmaven.repo.local=/Users/hadiranjbar/Downloads/java/token.usage/investigation/.m2 -Pinvestigation -Dtest=FailureCasesTest -Dexperiment.case=08 -Dexperiment.artifactDir=/Users/hadiranjbar/Downloads/java/token.usage/investigation/raw/v1/08/p1/3 -Dexperiment.reportDir=/Users/hadiranjbar/Downloads/java/token.usage/investigation/raw/v1/08/p1/3/reports -Dspring.output.ansi.enabled=never -Dspring.profiles.active=p1 surefire:test,investigation/raw/v1/08/p1/3/reports/TEST-com.ai.token.experiment.FailureCasesTest.xml,test-runner report,8803d7617170ca701a223ccd9efa9bde50fe46e1b4a8153cd91895d807c44efd,28908,122,9122,tiktoken 0.14.0 o200k_base
08,p1,3,1,True,True,java.util.concurrent.ExecutionException,mvn -o -B -ntp -Dmaven.repo.local=/Users/hadiranjbar/Downloads/java/token.usage/investigation/.m2 -Pinvestigation -Dtest=FailureCasesTest -Dexperiment.case=08 -Dexperiment.artifactDir=/Users/hadiranjbar/Downloads/java/token.usage/investigation/raw/v1/08/p1/3 -Dexperiment.reportDir=/Users/hadiranjbar/Downloads/java/token.usage/investigation/raw/v1/08/p1/3/reports -Dspring.output.ansi.enabled=never -Dspring.profiles.active=p1 surefire:test,investigation/raw/v1/08/p1/3/reports/com.ai.token.experiment.FailureCasesTest.txt,test-runner report,5c858b8ec0b8d17b63bd9ad87439634e0083e1e422bb4c1f125ec69512215b99,1470,20,321,tiktoken 0.14.0 o200k_base
08,p1,3,1,True,True,java.util.concurrent.ExecutionException,mvn -o -B -ntp -Dmaven.repo.local=/Users/hadiranjbar/Downloads/java/token.usage/investigation/.m2 -Pinvestigation -Dtest=FailureCasesTest -Dexperiment.case=08 -Dexperiment.artifactDir=/Users/hadiranjbar/Downloads/java/token.usage/investigation/raw/v1/08/p1/3 -Dexperiment.reportDir=/Users/hadiranjbar/Downloads/java/token.usage/investigation/raw/v1/08/p1/3/reports -Dspring.output.ansi.enabled=never -Dspring.profiles.active=p1 surefire:test,investigation/raw/v1/08/p1/3/stderr.log,Maven + forked JVM stderr,e3b0c44298fc1c149afbf4c8996fb92427ae41e4649b934ca495991b7852b855,0,0,0,tiktoken 0.14.0 o200k_base
08,p1,3,1,True,True,java.util.concurrent.ExecutionException,mvn -o -B -ntp -Dmaven.repo.local=/Users/hadiranjbar/Downloads/java/token.usage/investigation/.m2 -Pinvestigation -Dtest=FailureCasesTest -Dexperiment.case=08 -Dexperiment.artifactDir=/Users/hadiranjbar/Downloads/java/token.usage/investigation/raw/v1/08/p1/3 -Dexperiment.reportDir=/Users/hadiranjbar/Downloads/java/token.usage/investigation/raw/v1/08/p1/3/reports -Dspring.output.ansi.enabled=never -Dspring.profiles.active=p1 surefire:test,investigation/raw/v1/08/p1/3/stdout.log,Maven + forked JVM stdout,e3eaf33a94952e049a99e7c534ed890821c949ac726055c42698d30250c84717,4899,84,1326,tiktoken 0.14.0 o200k_base
08,p2,1,1,True,True,java.util.concurrent.ExecutionException,mvn -o -B -ntp -Dmaven.repo.local=/Users/hadiranjbar/Downloads/java/token.usage/investigation/.m2 -Pinvestigation -Dtest=FailureCasesTest -Dexperiment.case=08 -Dexperiment.artifactDir=/Users/hadiranjbar/Downloads/java/token.usage/investigation/raw/v1/08/p2/1 -Dexperiment.reportDir=/Users/hadiranjbar/Downloads/java/token.usage/investigation/raw/v1/08/p2/1/reports -Dspring.output.ansi.enabled=never -Dspring.profiles.active=p2 surefire:test,investigation/raw/v1/08/p2/1/reports/TEST-com.ai.token.experiment.FailureCasesTest.xml,test-runner report,cac88bb03ce617982e32bdc121f58476bd6a922cd46b4300474ca4ad4e852fa4,29120,121,9210,tiktoken 0.14.0 o200k_base
08,p2,1,1,True,True,java.util.concurrent.ExecutionException,mvn -o -B -ntp -Dmaven.repo.local=/Users/hadiranjbar/Downloads/java/token.usage/investigation/.m2 -Pinvestigation -Dtest=FailureCasesTest -Dexperiment.case=08 -Dexperiment.artifactDir=/Users/hadiranjbar/Downloads/java/token.usage/investigation/raw/v1/08/p2/1 -Dexperiment.reportDir=/Users/hadiranjbar/Downloads/java/token.usage/investigation/raw/v1/08/p2/1/reports -Dspring.output.ansi.enabled=never -Dspring.profiles.active=p2 surefire:test,investigation/raw/v1/08/p2/1/reports/com.ai.token.experiment.FailureCasesTest.txt,test-runner report,5f6cc4674a6d6c8774ebb70a5ae0a65a7364b15e76d8af93dd22f3d1f6de7857,1470,20,321,tiktoken 0.14.0 o200k_base
08,p2,1,1,True,True,java.util.concurrent.ExecutionException,mvn -o -B -ntp -Dmaven.repo.local=/Users/hadiranjbar/Downloads/java/token.usage/investigation/.m2 -Pinvestigation -Dtest=FailureCasesTest -Dexperiment.case=08 -Dexperiment.artifactDir=/Users/hadiranjbar/Downloads/java/token.usage/investigation/raw/v1/08/p2/1 -Dexperiment.reportDir=/Users/hadiranjbar/Downloads/java/token.usage/investigation/raw/v1/08/p2/1/reports -Dspring.output.ansi.enabled=never -Dspring.profiles.active=p2 surefire:test,investigation/raw/v1/08/p2/1/stderr.log,Maven + forked JVM stderr,e3b0c44298fc1c149afbf4c8996fb92427ae41e4649b934ca495991b7852b855,0,0,0,tiktoken 0.14.0 o200k_base
08,p2,1,1,True,True,java.util.concurrent.ExecutionException,mvn -o -B -ntp -Dmaven.repo.local=/Users/hadiranjbar/Downloads/java/token.usage/investigation/.m2 -Pinvestigation -Dtest=FailureCasesTest -Dexperiment.case=08 -Dexperiment.artifactDir=/Users/hadiranjbar/Downloads/java/token.usage/investigation/raw/v1/08/p2/1 -Dexperiment.reportDir=/Users/hadiranjbar/Downloads/java/token.usage/investigation/raw/v1/08/p2/1/reports -Dspring.output.ansi.enabled=never -Dspring.profiles.active=p2 surefire:test,investigation/raw/v1/08/p2/1/stdout.log,Maven + forked JVM stdout,7a3c7e252b4662ecb0ebdeccdeba63cc50f6e4d6eb9c88327f142d590299eb48,5216,84,1450,tiktoken 0.14.0 o200k_base
08,p2,2,1,True,True,java.util.concurrent.ExecutionException,mvn -o -B -ntp -Dmaven.repo.local=/Users/hadiranjbar/Downloads/java/token.usage/investigation/.m2 -Pinvestigation -Dtest=FailureCasesTest -Dexperiment.case=08 -Dexperiment.artifactDir=/Users/hadiranjbar/Downloads/java/token.usage/investigation/raw/v1/08/p2/2 -Dexperiment.reportDir=/Users/hadiranjbar/Downloads/java/token.usage/investigation/raw/v1/08/p2/2/reports -Dspring.output.ansi.enabled=never -Dspring.profiles.active=p2 surefire:test,investigation/raw/v1/08/p2/2/reports/TEST-com.ai.token.experiment.FailureCasesTest.xml,test-runner report,801a0e374e3f9be15e1d29022144ecc118733f8d7b6c1952a16a29cad5a25346,29120,121,9210,tiktoken 0.14.0 o200k_base
08,p2,2,1,True,True,java.util.concurrent.ExecutionException,mvn -o -B -ntp -Dmaven.repo.local=/Users/hadiranjbar/Downloads/java/token.usage/investigation/.m2 -Pinvestigation -Dtest=FailureCasesTest -Dexperiment.case=08 -Dexperiment.artifactDir=/Users/hadiranjbar/Downloads/java/token.usage/investigation/raw/v1/08/p2/2 -Dexperiment.reportDir=/Users/hadiranjbar/Downloads/java/token.usage/investigation/raw/v1/08/p2/2/reports -Dspring.output.ansi.enabled=never -Dspring.profiles.active=p2 surefire:test,investigation/raw/v1/08/p2/2/reports/com.ai.token.experiment.FailureCasesTest.txt,test-runner report,3e388a26269f2d7ea08f9d370246a8736e0f01e1f115e918905cb201c457dc31,1470,20,321,tiktoken 0.14.0 o200k_base
08,p2,2,1,True,True,java.util.concurrent.ExecutionException,mvn -o -B -ntp -Dmaven.repo.local=/Users/hadiranjbar/Downloads/java/token.usage/investigation/.m2 -Pinvestigation -Dtest=FailureCasesTest -Dexperiment.case=08 -Dexperiment.artifactDir=/Users/hadiranjbar/Downloads/java/token.usage/investigation/raw/v1/08/p2/2 -Dexperiment.reportDir=/Users/hadiranjbar/Downloads/java/token.usage/investigation/raw/v1/08/p2/2/reports -Dspring.output.ansi.enabled=never -Dspring.profiles.active=p2 surefire:test,investigation/raw/v1/08/p2/2/stderr.log,Maven + forked JVM stderr,e3b0c44298fc1c149afbf4c8996fb92427ae41e4649b934ca495991b7852b855,0,0,0,tiktoken 0.14.0 o200k_base
08,p2,2,1,True,True,java.util.concurrent.ExecutionException,mvn -o -B -ntp -Dmaven.repo.local=/Users/hadiranjbar/Downloads/java/token.usage/investigation/.m2 -Pinvestigation -Dtest=FailureCasesTest -Dexperiment.case=08 -Dexperiment.artifactDir=/Users/hadiranjbar/Downloads/java/token.usage/investigation/raw/v1/08/p2/2 -Dexperiment.reportDir=/Users/hadiranjbar/Downloads/java/token.usage/investigation/raw/v1/08/p2/2/reports -Dspring.output.ansi.enabled=never -Dspring.profiles.active=p2 surefire:test,investigation/raw/v1/08/p2/2/stdout.log,Maven + forked JVM stdout,37d5bec764d26dd6aa08629e8cf3c75074a7c27a70009e5ace6c1c9dc1fe8661,5216,84,1450,tiktoken 0.14.0 o200k_base
08,p2,3,1,True,True,java.util.concurrent.ExecutionException,mvn -o -B -ntp -Dmaven.repo.local=/Users/hadiranjbar/Downloads/java/token.usage/investigation/.m2 -Pinvestigation -Dtest=FailureCasesTest -Dexperiment.case=08 -Dexperiment.artifactDir=/Users/hadiranjbar/Downloads/java/token.usage/investigation/raw/v1/08/p2/3 -Dexperiment.reportDir=/Users/hadiranjbar/Downloads/java/token.usage/investigation/raw/v1/08/p2/3/reports -Dspring.output.ansi.enabled=never -Dspring.profiles.active=p2 surefire:test,investigation/raw/v1/08/p2/3/reports/TEST-com.ai.token.experiment.FailureCasesTest.xml,test-runner report,69d649ba8c7e92558031463533fdffe8779ceb5e79ce8df861605d6107bc6f9e,29119,121,9210,tiktoken 0.14.0 o200k_base
08,p2,3,1,True,True,java.util.concurrent.ExecutionException,mvn -o -B -ntp -Dmaven.repo.local=/Users/hadiranjbar/Downloads/java/token.usage/investigation/.m2 -Pinvestigation -Dtest=FailureCasesTest -Dexperiment.case=08 -Dexperiment.artifactDir=/Users/hadiranjbar/Downloads/java/token.usage/investigation/raw/v1/08/p2/3 -Dexperiment.reportDir=/Users/hadiranjbar/Downloads/java/token.usage/investigation/raw/v1/08/p2/3/reports -Dspring.output.ansi.enabled=never -Dspring.profiles.active=p2 surefire:test,investigation/raw/v1/08/p2/3/reports/com.ai.token.experiment.FailureCasesTest.txt,test-runner report,e8603df2b14af3edc89c0b37a77a97cb8933c26e64267e0558cf48c7df7d409f,1470,20,321,tiktoken 0.14.0 o200k_base
08,p2,3,1,True,True,java.util.concurrent.ExecutionException,mvn -o -B -ntp -Dmaven.repo.local=/Users/hadiranjbar/Downloads/java/token.usage/investigation/.m2 -Pinvestigation -Dtest=FailureCasesTest -Dexperiment.case=08 -Dexperiment.artifactDir=/Users/hadiranjbar/Downloads/java/token.usage/investigation/raw/v1/08/p2/3 -Dexperiment.reportDir=/Users/hadiranjbar/Downloads/java/token.usage/investigation/raw/v1/08/p2/3/reports -Dspring.output.ansi.enabled=never -Dspring.profiles.active=p2 surefire:test,investigation/raw/v1/08/p2/3/stderr.log,Maven + forked JVM stderr,e3b0c44298fc1c149afbf4c8996fb92427ae41e4649b934ca495991b7852b855,0,0,0,tiktoken 0.14.0 o200k_base
08,p2,3,1,True,True,java.util.concurrent.ExecutionException,mvn -o -B -ntp -Dmaven.repo.local=/Users/hadiranjbar/Downloads/java/token.usage/investigation/.m2 -Pinvestigation -Dtest=FailureCasesTest -Dexperiment.case=08 -Dexperiment.artifactDir=/Users/hadiranjbar/Downloads/java/token.usage/investigation/raw/v1/08/p2/3 -Dexperiment.reportDir=/Users/hadiranjbar/Downloads/java/token.usage/investigation/raw/v1/08/p2/3/reports -Dspring.output.ansi.enabled=never -Dspring.profiles.active=p2 surefire:test,investigation/raw/v1/08/p2/3/stdout.log,Maven + forked JVM stdout,c81cfe4eb6243e10ace65d8307524f6467340b9d7a0178094502fd3cefaa954b,5215,84,1450,tiktoken 0.14.0 o200k_base
08,p4,1,1,True,True,java.util.concurrent.ExecutionException,"mvn -o -B -ntp -Dmaven.repo.local=/Users/hadiranjbar/Downloads/java/token.usage/investigation/.m2 -Pinvestigation,agent-reports -Dtest=FailureCasesTest -Dexperiment.case=08 -Dexperiment.artifactDir=/Users/hadiranjbar/Downloads/java/token.usage/investigation/raw/v1/08/p4/1 -Dexperiment.reportDir=/Users/hadiranjbar/Downloads/java/token.usage/investigation/raw/v1/08/p4/1/reports -Dspring.output.ansi.enabled=never surefire:test",investigation/raw/v1/08/p4/1/reports/TEST-com.ai.token.experiment.FailureCasesTest.xml,test-runner report,0fc5f261f45e78d7a6e1bb829ea85e359b8f0139fd49b59f51799718f8c20a8a,28151,109,8959,tiktoken 0.14.0 o200k_base
08,p4,1,1,True,True,java.util.concurrent.ExecutionException,"mvn -o -B -ntp -Dmaven.repo.local=/Users/hadiranjbar/Downloads/java/token.usage/investigation/.m2 -Pinvestigation,agent-reports -Dtest=FailureCasesTest -Dexperiment.case=08 -Dexperiment.artifactDir=/Users/hadiranjbar/Downloads/java/token.usage/investigation/raw/v1/08/p4/1 -Dexperiment.reportDir=/Users/hadiranjbar/Downloads/java/token.usage/investigation/raw/v1/08/p4/1/reports -Dspring.output.ansi.enabled=never surefire:test",investigation/raw/v1/08/p4/1/reports/com.ai.token.experiment.FailureCasesTest.txt,test-runner report,fe6aeea778ab2c08bb99bef6975d71745fec84c18d2181895cea477a716b23f1,676,9,142,tiktoken 0.14.0 o200k_base
08,p4,1,1,True,True,java.util.concurrent.ExecutionException,"mvn -o -B -ntp -Dmaven.repo.local=/Users/hadiranjbar/Downloads/java/token.usage/investigation/.m2 -Pinvestigation,agent-reports -Dtest=FailureCasesTest -Dexperiment.case=08 -Dexperiment.artifactDir=/Users/hadiranjbar/Downloads/java/token.usage/investigation/raw/v1/08/p4/1 -Dexperiment.reportDir=/Users/hadiranjbar/Downloads/java/token.usage/investigation/raw/v1/08/p4/1/reports -Dspring.output.ansi.enabled=never surefire:test",investigation/raw/v1/08/p4/1/stderr.log,Maven + forked JVM stderr,e3b0c44298fc1c149afbf4c8996fb92427ae41e4649b934ca495991b7852b855,0,0,0,tiktoken 0.14.0 o200k_base
08,p4,1,1,True,True,java.util.concurrent.ExecutionException,"mvn -o -B -ntp -Dmaven.repo.local=/Users/hadiranjbar/Downloads/java/token.usage/investigation/.m2 -Pinvestigation,agent-reports -Dtest=FailureCasesTest -Dexperiment.case=08 -Dexperiment.artifactDir=/Users/hadiranjbar/Downloads/java/token.usage/investigation/raw/v1/08/p4/1 -Dexperiment.reportDir=/Users/hadiranjbar/Downloads/java/token.usage/investigation/raw/v1/08/p4/1/reports -Dspring.output.ansi.enabled=never surefire:test",investigation/raw/v1/08/p4/1/stdout.log,Maven + forked JVM stdout,d389abc3651e2e666664c74bf9d0b1f2d46e8f33f0aa5f9047bbba21ea77c029,4308,73,1215,tiktoken 0.14.0 o200k_base
08,p4,2,1,True,True,java.util.concurrent.ExecutionException,"mvn -o -B -ntp -Dmaven.repo.local=/Users/hadiranjbar/Downloads/java/token.usage/investigation/.m2 -Pinvestigation,agent-reports -Dtest=FailureCasesTest -Dexperiment.case=08 -Dexperiment.artifactDir=/Users/hadiranjbar/Downloads/java/token.usage/investigation/raw/v1/08/p4/2 -Dexperiment.reportDir=/Users/hadiranjbar/Downloads/java/token.usage/investigation/raw/v1/08/p4/2/reports -Dspring.output.ansi.enabled=never surefire:test",investigation/raw/v1/08/p4/2/reports/TEST-com.ai.token.experiment.FailureCasesTest.xml,test-runner report,e2dca4eae8aeafa47ed73c9c103c8dc6ead8a0a782636a2e08318772e68d7022,28151,109,8959,tiktoken 0.14.0 o200k_base
08,p4,2,1,True,True,java.util.concurrent.ExecutionException,"mvn -o -B -ntp -Dmaven.repo.local=/Users/hadiranjbar/Downloads/java/token.usage/investigation/.m2 -Pinvestigation,agent-reports -Dtest=FailureCasesTest -Dexperiment.case=08 -Dexperiment.artifactDir=/Users/hadiranjbar/Downloads/java/token.usage/investigation/raw/v1/08/p4/2 -Dexperiment.reportDir=/Users/hadiranjbar/Downloads/java/token.usage/investigation/raw/v1/08/p4/2/reports -Dspring.output.ansi.enabled=never surefire:test",investigation/raw/v1/08/p4/2/reports/com.ai.token.experiment.FailureCasesTest.txt,test-runner report,667029ae0492e3d4a82abfaa71ae6bd0fac3629d30cb5aa0ca2770055ec94c0c,676,9,142,tiktoken 0.14.0 o200k_base
08,p4,2,1,True,True,java.util.concurrent.ExecutionException,"mvn -o -B -ntp -Dmaven.repo.local=/Users/hadiranjbar/Downloads/java/token.usage/investigation/.m2 -Pinvestigation,agent-reports -Dtest=FailureCasesTest -Dexperiment.case=08 -Dexperiment.artifactDir=/Users/hadiranjbar/Downloads/java/token.usage/investigation/raw/v1/08/p4/2 -Dexperiment.reportDir=/Users/hadiranjbar/Downloads/java/token.usage/investigation/raw/v1/08/p4/2/reports -Dspring.output.ansi.enabled=never surefire:test",investigation/raw/v1/08/p4/2/stderr.log,Maven + forked JVM stderr,e3b0c44298fc1c149afbf4c8996fb92427ae41e4649b934ca495991b7852b855,0,0,0,tiktoken 0.14.0 o200k_base
08,p4,2,1,True,True,java.util.concurrent.ExecutionException,"mvn -o -B -ntp -Dmaven.repo.local=/Users/hadiranjbar/Downloads/java/token.usage/investigation/.m2 -Pinvestigation,agent-reports -Dtest=FailureCasesTest -Dexperiment.case=08 -Dexperiment.artifactDir=/Users/hadiranjbar/Downloads/java/token.usage/investigation/raw/v1/08/p4/2 -Dexperiment.reportDir=/Users/hadiranjbar/Downloads/java/token.usage/investigation/raw/v1/08/p4/2/reports -Dspring.output.ansi.enabled=never surefire:test",investigation/raw/v1/08/p4/2/stdout.log,Maven + forked JVM stdout,417f29a54b926542f05824ccd3147871add03d2c276dca60fb10c303e9e46d26,4308,73,1215,tiktoken 0.14.0 o200k_base
08,p4,3,1,True,True,java.util.concurrent.ExecutionException,"mvn -o -B -ntp -Dmaven.repo.local=/Users/hadiranjbar/Downloads/java/token.usage/investigation/.m2 -Pinvestigation,agent-reports -Dtest=FailureCasesTest -Dexperiment.case=08 -Dexperiment.artifactDir=/Users/hadiranjbar/Downloads/java/token.usage/investigation/raw/v1/08/p4/3 -Dexperiment.reportDir=/Users/hadiranjbar/Downloads/java/token.usage/investigation/raw/v1/08/p4/3/reports -Dspring.output.ansi.enabled=never surefire:test",investigation/raw/v1/08/p4/3/reports/TEST-com.ai.token.experiment.FailureCasesTest.xml,test-runner report,f12382984a8697e8ed51b2a4df60ede60f839ff24ed2ecc18d1a0b8300989fc7,28150,109,8959,tiktoken 0.14.0 o200k_base
08,p4,3,1,True,True,java.util.concurrent.ExecutionException,"mvn -o -B -ntp -Dmaven.repo.local=/Users/hadiranjbar/Downloads/java/token.usage/investigation/.m2 -Pinvestigation,agent-reports -Dtest=FailureCasesTest -Dexperiment.case=08 -Dexperiment.artifactDir=/Users/hadiranjbar/Downloads/java/token.usage/investigation/raw/v1/08/p4/3 -Dexperiment.reportDir=/Users/hadiranjbar/Downloads/java/token.usage/investigation/raw/v1/08/p4/3/reports -Dspring.output.ansi.enabled=never surefire:test",investigation/raw/v1/08/p4/3/reports/com.ai.token.experiment.FailureCasesTest.txt,test-runner report,9fd36dad5692bf602751ff73a58f8fcb72f84690ed61694ae36a46290d24b5b3,676,9,142,tiktoken 0.14.0 o200k_base
08,p4,3,1,True,True,java.util.concurrent.ExecutionException,"mvn -o -B -ntp -Dmaven.repo.local=/Users/hadiranjbar/Downloads/java/token.usage/investigation/.m2 -Pinvestigation,agent-reports -Dtest=FailureCasesTest -Dexperiment.case=08 -Dexperiment.artifactDir=/Users/hadiranjbar/Downloads/java/token.usage/investigation/raw/v1/08/p4/3 -Dexperiment.reportDir=/Users/hadiranjbar/Downloads/java/token.usage/investigation/raw/v1/08/p4/3/reports -Dspring.output.ansi.enabled=never surefire:test",investigation/raw/v1/08/p4/3/stderr.log,Maven + forked JVM stderr,e3b0c44298fc1c149afbf4c8996fb92427ae41e4649b934ca495991b7852b855,0,0,0,tiktoken 0.14.0 o200k_base
08,p4,3,1,True,True,java.util.concurrent.ExecutionException,"mvn -o -B -ntp -Dmaven.repo.local=/Users/hadiranjbar/Downloads/java/token.usage/investigation/.m2 -Pinvestigation,agent-reports -Dtest=FailureCasesTest -Dexperiment.case=08 -Dexperiment.artifactDir=/Users/hadiranjbar/Downloads/java/token.usage/investigation/raw/v1/08/p4/3 -Dexperiment.reportDir=/Users/hadiranjbar/Downloads/java/token.usage/investigation/raw/v1/08/p4/3/reports -Dspring.output.ansi.enabled=never surefire:test",investigation/raw/v1/08/p4/3/stdout.log,Maven + forked JVM stdout,c7cd984e169bc333879a898d5101858e81198347b8491ed27e3888a67a5625ae,4307,73,1215,tiktoken 0.14.0 o200k_base
