case,config,run,exit,profile_verified,identity_verified,failure_identity,command_shell,source,producer,sha256,bytes,lines,tokens,tokenizer
01,agent,1,1,True,True,expected: <30> but was: <13>,"mvn -o -B -ntp -Dmaven.repo.local=/Users/hadiranjbar/Downloads/java/token.usage/investigation/.m2 -Pinvestigation,agent-reports -Dtest=FailureCasesTest -Dexperiment.case=01 -Dexperiment.artifactDir=/Users/hadiranjbar/Downloads/java/token.usage/investigation/raw/v2/01/agent/1 -Dexperiment.reportDir=/Users/hadiranjbar/Downloads/java/token.usage/investigation/raw/v2/01/agent/1/reports -Dspring.output.ansi.enabled=never -Dspring.profiles.active=agent -Dexperiment.deduplicate=true surefire:test",investigation/raw/v2/01/agent/1/reports/TEST-com.ai.token.experiment.FailureCasesTest.xml,test-runner report,e94c3498c2bddf58298f0fbc9e4def4a4ddf1a79084e8bf6e083cdb30ec0f21b,25992,78,8308,tiktoken 0.14.0 o200k_base
01,agent,1,1,True,True,expected: <30> but was: <13>,"mvn -o -B -ntp -Dmaven.repo.local=/Users/hadiranjbar/Downloads/java/token.usage/investigation/.m2 -Pinvestigation,agent-reports -Dtest=FailureCasesTest -Dexperiment.case=01 -Dexperiment.artifactDir=/Users/hadiranjbar/Downloads/java/token.usage/investigation/raw/v2/01/agent/1 -Dexperiment.reportDir=/Users/hadiranjbar/Downloads/java/token.usage/investigation/raw/v2/01/agent/1/reports -Dspring.output.ansi.enabled=never -Dspring.profiles.active=agent -Dexperiment.deduplicate=true surefire:test",investigation/raw/v2/01/agent/1/reports/com.ai.token.experiment.FailureCasesTest.txt,test-runner report,d09226e7890359230010ba133fa46e4fc9bc3ffbdeebdcdf0644c570512a650c,594,8,130,tiktoken 0.14.0 o200k_base
01,agent,1,1,True,True,expected: <30> but was: <13>,"mvn -o -B -ntp -Dmaven.repo.local=/Users/hadiranjbar/Downloads/java/token.usage/investigation/.m2 -Pinvestigation,agent-reports -Dtest=FailureCasesTest -Dexperiment.case=01 -Dexperiment.artifactDir=/Users/hadiranjbar/Downloads/java/token.usage/investigation/raw/v2/01/agent/1 -Dexperiment.reportDir=/Users/hadiranjbar/Downloads/java/token.usage/investigation/raw/v2/01/agent/1/reports -Dspring.output.ansi.enabled=never -Dspring.profiles.active=agent -Dexperiment.deduplicate=true surefire:test",investigation/raw/v2/01/agent/1/stderr.log,Maven + forked JVM stderr,e3b0c44298fc1c149afbf4c8996fb92427ae41e4649b934ca495991b7852b855,0,0,0,tiktoken 0.14.0 o200k_base
01,agent,1,1,True,True,expected: <30> but was: <13>,"mvn -o -B -ntp -Dmaven.repo.local=/Users/hadiranjbar/Downloads/java/token.usage/investigation/.m2 -Pinvestigation,agent-reports -Dtest=FailureCasesTest -Dexperiment.case=01 -Dexperiment.artifactDir=/Users/hadiranjbar/Downloads/java/token.usage/investigation/raw/v2/01/agent/1 -Dexperiment.reportDir=/Users/hadiranjbar/Downloads/java/token.usage/investigation/raw/v2/01/agent/1/reports -Dspring.output.ansi.enabled=never -Dspring.profiles.active=agent -Dexperiment.deduplicate=true surefire:test",investigation/raw/v2/01/agent/1/stdout.log,Maven + forked JVM stdout,22d3671e9d7b62b23a702b9569fdfb15c3fd4203fc9ff4e58dd149a2f2adb16e,2373,46,620,tiktoken 0.14.0 o200k_base
01,agent,2,1,True,True,expected: <30> but was: <13>,"mvn -o -B -ntp -Dmaven.repo.local=/Users/hadiranjbar/Downloads/java/token.usage/investigation/.m2 -Pinvestigation,agent-reports -Dtest=FailureCasesTest -Dexperiment.case=01 -Dexperiment.artifactDir=/Users/hadiranjbar/Downloads/java/token.usage/investigation/raw/v2/01/agent/2 -Dexperiment.reportDir=/Users/hadiranjbar/Downloads/java/token.usage/investigation/raw/v2/01/agent/2/reports -Dspring.output.ansi.enabled=never -Dspring.profiles.active=agent -Dexperiment.deduplicate=true surefire:test",investigation/raw/v2/01/agent/2/reports/TEST-com.ai.token.experiment.FailureCasesTest.xml,test-runner report,a69895316127d5a426ba5bf1710526989aabb5f817c8a40f2478cf38c7e46f92,25996,78,8309,tiktoken 0.14.0 o200k_base
01,agent,2,1,True,True,expected: <30> but was: <13>,"mvn -o -B -ntp -Dmaven.repo.local=/Users/hadiranjbar/Downloads/java/token.usage/investigation/.m2 -Pinvestigation,agent-reports -Dtest=FailureCasesTest -Dexperiment.case=01 -Dexperiment.artifactDir=/Users/hadiranjbar/Downloads/java/token.usage/investigation/raw/v2/01/agent/2 -Dexperiment.reportDir=/Users/hadiranjbar/Downloads/java/token.usage/investigation/raw/v2/01/agent/2/reports -Dspring.output.ansi.enabled=never -Dspring.profiles.active=agent -Dexperiment.deduplicate=true surefire:test",investigation/raw/v2/01/agent/2/reports/com.ai.token.experiment.FailureCasesTest.txt,test-runner report,c738e547dd52438c60afa24256957cbf1e39126ff7e6ca92bd3248ba8280a9d0,594,8,130,tiktoken 0.14.0 o200k_base
01,agent,2,1,True,True,expected: <30> but was: <13>,"mvn -o -B -ntp -Dmaven.repo.local=/Users/hadiranjbar/Downloads/java/token.usage/investigation/.m2 -Pinvestigation,agent-reports -Dtest=FailureCasesTest -Dexperiment.case=01 -Dexperiment.artifactDir=/Users/hadiranjbar/Downloads/java/token.usage/investigation/raw/v2/01/agent/2 -Dexperiment.reportDir=/Users/hadiranjbar/Downloads/java/token.usage/investigation/raw/v2/01/agent/2/reports -Dspring.output.ansi.enabled=never -Dspring.profiles.active=agent -Dexperiment.deduplicate=true surefire:test",investigation/raw/v2/01/agent/2/stderr.log,Maven + forked JVM stderr,e3b0c44298fc1c149afbf4c8996fb92427ae41e4649b934ca495991b7852b855,0,0,0,tiktoken 0.14.0 o200k_base
01,agent,2,1,True,True,expected: <30> but was: <13>,"mvn -o -B -ntp -Dmaven.repo.local=/Users/hadiranjbar/Downloads/java/token.usage/investigation/.m2 -Pinvestigation,agent-reports -Dtest=FailureCasesTest -Dexperiment.case=01 -Dexperiment.artifactDir=/Users/hadiranjbar/Downloads/java/token.usage/investigation/raw/v2/01/agent/2 -Dexperiment.reportDir=/Users/hadiranjbar/Downloads/java/token.usage/investigation/raw/v2/01/agent/2/reports -Dspring.output.ansi.enabled=never -Dspring.profiles.active=agent -Dexperiment.deduplicate=true surefire:test",investigation/raw/v2/01/agent/2/stdout.log,Maven + forked JVM stdout,ce74523a4d00f7149320f65c568498db57a3cee4e3e3ee8d9a68ea69a35efe43,2373,46,620,tiktoken 0.14.0 o200k_base
01,agent,3,1,True,True,expected: <30> but was: <13>,"mvn -o -B -ntp -Dmaven.repo.local=/Users/hadiranjbar/Downloads/java/token.usage/investigation/.m2 -Pinvestigation,agent-reports -Dtest=FailureCasesTest -Dexperiment.case=01 -Dexperiment.artifactDir=/Users/hadiranjbar/Downloads/java/token.usage/investigation/raw/v2/01/agent/3 -Dexperiment.reportDir=/Users/hadiranjbar/Downloads/java/token.usage/investigation/raw/v2/01/agent/3/reports -Dspring.output.ansi.enabled=never -Dspring.profiles.active=agent -Dexperiment.deduplicate=true surefire:test",investigation/raw/v2/01/agent/3/reports/TEST-com.ai.token.experiment.FailureCasesTest.xml,test-runner report,da11c831f130754c09911f1cecc842c44126e2417b1eae1b901e8bd90f19bc36,25992,78,8308,tiktoken 0.14.0 o200k_base
01,agent,3,1,True,True,expected: <30> but was: <13>,"mvn -o -B -ntp -Dmaven.repo.local=/Users/hadiranjbar/Downloads/java/token.usage/investigation/.m2 -Pinvestigation,agent-reports -Dtest=FailureCasesTest -Dexperiment.case=01 -Dexperiment.artifactDir=/Users/hadiranjbar/Downloads/java/token.usage/investigation/raw/v2/01/agent/3 -Dexperiment.reportDir=/Users/hadiranjbar/Downloads/java/token.usage/investigation/raw/v2/01/agent/3/reports -Dspring.output.ansi.enabled=never -Dspring.profiles.active=agent -Dexperiment.deduplicate=true surefire:test",investigation/raw/v2/01/agent/3/reports/com.ai.token.experiment.FailureCasesTest.txt,test-runner report,fd120706c0f52ddb35a216c07f8b680a6c11d50690b60616596ef891237e042f,594,8,130,tiktoken 0.14.0 o200k_base
01,agent,3,1,True,True,expected: <30> but was: <13>,"mvn -o -B -ntp -Dmaven.repo.local=/Users/hadiranjbar/Downloads/java/token.usage/investigation/.m2 -Pinvestigation,agent-reports -Dtest=FailureCasesTest -Dexperiment.case=01 -Dexperiment.artifactDir=/Users/hadiranjbar/Downloads/java/token.usage/investigation/raw/v2/01/agent/3 -Dexperiment.reportDir=/Users/hadiranjbar/Downloads/java/token.usage/investigation/raw/v2/01/agent/3/reports -Dspring.output.ansi.enabled=never -Dspring.profiles.active=agent -Dexperiment.deduplicate=true surefire:test",investigation/raw/v2/01/agent/3/stderr.log,Maven + forked JVM stderr,e3b0c44298fc1c149afbf4c8996fb92427ae41e4649b934ca495991b7852b855,0,0,0,tiktoken 0.14.0 o200k_base
01,agent,3,1,True,True,expected: <30> but was: <13>,"mvn -o -B -ntp -Dmaven.repo.local=/Users/hadiranjbar/Downloads/java/token.usage/investigation/.m2 -Pinvestigation,agent-reports -Dtest=FailureCasesTest -Dexperiment.case=01 -Dexperiment.artifactDir=/Users/hadiranjbar/Downloads/java/token.usage/investigation/raw/v2/01/agent/3 -Dexperiment.reportDir=/Users/hadiranjbar/Downloads/java/token.usage/investigation/raw/v2/01/agent/3/reports -Dspring.output.ansi.enabled=never -Dspring.profiles.active=agent -Dexperiment.deduplicate=true surefire:test",investigation/raw/v2/01/agent/3/stdout.log,Maven + forked JVM stdout,c259c37e134d1dcc4fe181eed0aaf8a1a1abeed940f878df9a01bca788fd67ee,2373,46,620,tiktoken 0.14.0 o200k_base
01,default,1,1,True,True,expected: <30> but was: <13>,mvn -o -B -ntp -Dmaven.repo.local=/Users/hadiranjbar/Downloads/java/token.usage/investigation/.m2 -Pinvestigation -Dtest=FailureCasesTest -Dexperiment.case=01 -Dexperiment.artifactDir=/Users/hadiranjbar/Downloads/java/token.usage/investigation/raw/v2/01/default/1 -Dexperiment.reportDir=/Users/hadiranjbar/Downloads/java/token.usage/investigation/raw/v2/01/default/1/reports -Dspring.output.ansi.enabled=never surefire:test,investigation/raw/v2/01/default/1/reports/TEST-com.ai.token.experiment.FailureCasesTest.xml,test-runner report,3fab88748efeab7bf50d4e430542aa74f5ad4e4743106b37b613dc1e6f5d51e7,26290,81,8364,tiktoken 0.14.0 o200k_base
01,default,1,1,True,True,expected: <30> but was: <13>,mvn -o -B -ntp -Dmaven.repo.local=/Users/hadiranjbar/Downloads/java/token.usage/investigation/.m2 -Pinvestigation -Dtest=FailureCasesTest -Dexperiment.case=01 -Dexperiment.artifactDir=/Users/hadiranjbar/Downloads/java/token.usage/investigation/raw/v2/01/default/1 -Dexperiment.reportDir=/Users/hadiranjbar/Downloads/java/token.usage/investigation/raw/v2/01/default/1/reports -Dspring.output.ansi.enabled=never surefire:test,investigation/raw/v2/01/default/1/reports/com.ai.token.experiment.FailureCasesTest.txt,test-runner report,7240553e4c3b6638e4ffdec1b4cfbe4098409eab2da0ce0d3c5ed4c85f270955,1003,13,215,tiktoken 0.14.0 o200k_base
01,default,1,1,True,True,expected: <30> but was: <13>,mvn -o -B -ntp -Dmaven.repo.local=/Users/hadiranjbar/Downloads/java/token.usage/investigation/.m2 -Pinvestigation -Dtest=FailureCasesTest -Dexperiment.case=01 -Dexperiment.artifactDir=/Users/hadiranjbar/Downloads/java/token.usage/investigation/raw/v2/01/default/1 -Dexperiment.reportDir=/Users/hadiranjbar/Downloads/java/token.usage/investigation/raw/v2/01/default/1/reports -Dspring.output.ansi.enabled=never surefire:test,investigation/raw/v2/01/default/1/stderr.log,Maven + forked JVM stderr,e3b0c44298fc1c149afbf4c8996fb92427ae41e4649b934ca495991b7852b855,0,0,0,tiktoken 0.14.0 o200k_base
01,default,1,1,True,True,expected: <30> but was: <13>,mvn -o -B -ntp -Dmaven.repo.local=/Users/hadiranjbar/Downloads/java/token.usage/investigation/.m2 -Pinvestigation -Dtest=FailureCasesTest -Dexperiment.case=01 -Dexperiment.artifactDir=/Users/hadiranjbar/Downloads/java/token.usage/investigation/raw/v2/01/default/1 -Dexperiment.reportDir=/Users/hadiranjbar/Downloads/java/token.usage/investigation/raw/v2/01/default/1/reports -Dspring.output.ansi.enabled=never surefire:test,investigation/raw/v2/01/default/1/stdout.log,Maven + forked JVM stdout,7e09237d9b63160295b8836f5e985f3a9eead926ff222476d0976c71ec3eb139,2784,51,704,tiktoken 0.14.0 o200k_base
01,default,2,1,True,True,expected: <30> but was: <13>,mvn -o -B -ntp -Dmaven.repo.local=/Users/hadiranjbar/Downloads/java/token.usage/investigation/.m2 -Pinvestigation -Dtest=FailureCasesTest -Dexperiment.case=01 -Dexperiment.artifactDir=/Users/hadiranjbar/Downloads/java/token.usage/investigation/raw/v2/01/default/2 -Dexperiment.reportDir=/Users/hadiranjbar/Downloads/java/token.usage/investigation/raw/v2/01/default/2/reports -Dspring.output.ansi.enabled=never surefire:test,investigation/raw/v2/01/default/2/reports/TEST-com.ai.token.experiment.FailureCasesTest.xml,test-runner report,5ef6d99f199c7544ea67c0dc8ae94a0e717ee83fd2993df3569969ab2fd2bf1e,26285,81,8363,tiktoken 0.14.0 o200k_base
01,default,2,1,True,True,expected: <30> but was: <13>,mvn -o -B -ntp -Dmaven.repo.local=/Users/hadiranjbar/Downloads/java/token.usage/investigation/.m2 -Pinvestigation -Dtest=FailureCasesTest -Dexperiment.case=01 -Dexperiment.artifactDir=/Users/hadiranjbar/Downloads/java/token.usage/investigation/raw/v2/01/default/2 -Dexperiment.reportDir=/Users/hadiranjbar/Downloads/java/token.usage/investigation/raw/v2/01/default/2/reports -Dspring.output.ansi.enabled=never surefire:test,investigation/raw/v2/01/default/2/reports/com.ai.token.experiment.FailureCasesTest.txt,test-runner report,ea5afd9068202a5f159524231353fd5aab008896606267126b086c96fbde6d45,1003,13,215,tiktoken 0.14.0 o200k_base
01,default,2,1,True,True,expected: <30> but was: <13>,mvn -o -B -ntp -Dmaven.repo.local=/Users/hadiranjbar/Downloads/java/token.usage/investigation/.m2 -Pinvestigation -Dtest=FailureCasesTest -Dexperiment.case=01 -Dexperiment.artifactDir=/Users/hadiranjbar/Downloads/java/token.usage/investigation/raw/v2/01/default/2 -Dexperiment.reportDir=/Users/hadiranjbar/Downloads/java/token.usage/investigation/raw/v2/01/default/2/reports -Dspring.output.ansi.enabled=never surefire:test,investigation/raw/v2/01/default/2/stderr.log,Maven + forked JVM stderr,e3b0c44298fc1c149afbf4c8996fb92427ae41e4649b934ca495991b7852b855,0,0,0,tiktoken 0.14.0 o200k_base
01,default,2,1,True,True,expected: <30> but was: <13>,mvn -o -B -ntp -Dmaven.repo.local=/Users/hadiranjbar/Downloads/java/token.usage/investigation/.m2 -Pinvestigation -Dtest=FailureCasesTest -Dexperiment.case=01 -Dexperiment.artifactDir=/Users/hadiranjbar/Downloads/java/token.usage/investigation/raw/v2/01/default/2 -Dexperiment.reportDir=/Users/hadiranjbar/Downloads/java/token.usage/investigation/raw/v2/01/default/2/reports -Dspring.output.ansi.enabled=never surefire:test,investigation/raw/v2/01/default/2/stdout.log,Maven + forked JVM stdout,c14573233f60963a7594482b3e1d00f407d6d43c19c5c3505de32b8eb1d0bdf7,2784,51,704,tiktoken 0.14.0 o200k_base
01,default,3,1,True,True,expected: <30> but was: <13>,mvn -o -B -ntp -Dmaven.repo.local=/Users/hadiranjbar/Downloads/java/token.usage/investigation/.m2 -Pinvestigation -Dtest=FailureCasesTest -Dexperiment.case=01 -Dexperiment.artifactDir=/Users/hadiranjbar/Downloads/java/token.usage/investigation/raw/v2/01/default/3 -Dexperiment.reportDir=/Users/hadiranjbar/Downloads/java/token.usage/investigation/raw/v2/01/default/3/reports -Dspring.output.ansi.enabled=never surefire:test,investigation/raw/v2/01/default/3/reports/TEST-com.ai.token.experiment.FailureCasesTest.xml,test-runner report,d9008cc7e000a58aef7739bf17495adcffecfa0939f65f73d50152be50b3f26b,26286,81,8363,tiktoken 0.14.0 o200k_base
01,default,3,1,True,True,expected: <30> but was: <13>,mvn -o -B -ntp -Dmaven.repo.local=/Users/hadiranjbar/Downloads/java/token.usage/investigation/.m2 -Pinvestigation -Dtest=FailureCasesTest -Dexperiment.case=01 -Dexperiment.artifactDir=/Users/hadiranjbar/Downloads/java/token.usage/investigation/raw/v2/01/default/3 -Dexperiment.reportDir=/Users/hadiranjbar/Downloads/java/token.usage/investigation/raw/v2/01/default/3/reports -Dspring.output.ansi.enabled=never surefire:test,investigation/raw/v2/01/default/3/reports/com.ai.token.experiment.FailureCasesTest.txt,test-runner report,2c8d366b29e0e5ae37b480823ee6789a1fa5d8d0950c052b7a617a9eb2dfcb79,1003,13,215,tiktoken 0.14.0 o200k_base
01,default,3,1,True,True,expected: <30> but was: <13>,mvn -o -B -ntp -Dmaven.repo.local=/Users/hadiranjbar/Downloads/java/token.usage/investigation/.m2 -Pinvestigation -Dtest=FailureCasesTest -Dexperiment.case=01 -Dexperiment.artifactDir=/Users/hadiranjbar/Downloads/java/token.usage/investigation/raw/v2/01/default/3 -Dexperiment.reportDir=/Users/hadiranjbar/Downloads/java/token.usage/investigation/raw/v2/01/default/3/reports -Dspring.output.ansi.enabled=never surefire:test,investigation/raw/v2/01/default/3/stderr.log,Maven + forked JVM stderr,e3b0c44298fc1c149afbf4c8996fb92427ae41e4649b934ca495991b7852b855,0,0,0,tiktoken 0.14.0 o200k_base
01,default,3,1,True,True,expected: <30> but was: <13>,mvn -o -B -ntp -Dmaven.repo.local=/Users/hadiranjbar/Downloads/java/token.usage/investigation/.m2 -Pinvestigation -Dtest=FailureCasesTest -Dexperiment.case=01 -Dexperiment.artifactDir=/Users/hadiranjbar/Downloads/java/token.usage/investigation/raw/v2/01/default/3 -Dexperiment.reportDir=/Users/hadiranjbar/Downloads/java/token.usage/investigation/raw/v2/01/default/3/reports -Dspring.output.ansi.enabled=never surefire:test,investigation/raw/v2/01/default/3/stdout.log,Maven + forked JVM stdout,5e655312204df66a29cd659cb5bddd84b22d0129cfae0e78fa48848752b78914,2784,51,704,tiktoken 0.14.0 o200k_base
01,p1,1,1,True,True,expected: <30> but was: <13>,mvn -o -B -ntp -Dmaven.repo.local=/Users/hadiranjbar/Downloads/java/token.usage/investigation/.m2 -Pinvestigation -Dtest=FailureCasesTest -Dexperiment.case=01 -Dexperiment.artifactDir=/Users/hadiranjbar/Downloads/java/token.usage/investigation/raw/v2/01/p1/1 -Dexperiment.reportDir=/Users/hadiranjbar/Downloads/java/token.usage/investigation/raw/v2/01/p1/1/reports -Dspring.output.ansi.enabled=never -Dspring.profiles.active=p1 surefire:test,investigation/raw/v2/01/p1/1/reports/TEST-com.ai.token.experiment.FailureCasesTest.xml,test-runner report,9e66f252566c140d8804525ae256813d479aca303cb881543bc6632cdd09abfb,26332,82,8380,tiktoken 0.14.0 o200k_base
01,p1,1,1,True,True,expected: <30> but was: <13>,mvn -o -B -ntp -Dmaven.repo.local=/Users/hadiranjbar/Downloads/java/token.usage/investigation/.m2 -Pinvestigation -Dtest=FailureCasesTest -Dexperiment.case=01 -Dexperiment.artifactDir=/Users/hadiranjbar/Downloads/java/token.usage/investigation/raw/v2/01/p1/1 -Dexperiment.reportDir=/Users/hadiranjbar/Downloads/java/token.usage/investigation/raw/v2/01/p1/1/reports -Dspring.output.ansi.enabled=never -Dspring.profiles.active=p1 surefire:test,investigation/raw/v2/01/p1/1/reports/com.ai.token.experiment.FailureCasesTest.txt,test-runner report,26dc7b418a97fd771bcede7947a6887c46f87c64a2dabdea8716e939174380d6,1003,13,215,tiktoken 0.14.0 o200k_base
01,p1,1,1,True,True,expected: <30> but was: <13>,mvn -o -B -ntp -Dmaven.repo.local=/Users/hadiranjbar/Downloads/java/token.usage/investigation/.m2 -Pinvestigation -Dtest=FailureCasesTest -Dexperiment.case=01 -Dexperiment.artifactDir=/Users/hadiranjbar/Downloads/java/token.usage/investigation/raw/v2/01/p1/1 -Dexperiment.reportDir=/Users/hadiranjbar/Downloads/java/token.usage/investigation/raw/v2/01/p1/1/reports -Dspring.output.ansi.enabled=never -Dspring.profiles.active=p1 surefire:test,investigation/raw/v2/01/p1/1/stderr.log,Maven + forked JVM stderr,e3b0c44298fc1c149afbf4c8996fb92427ae41e4649b934ca495991b7852b855,0,0,0,tiktoken 0.14.0 o200k_base
01,p1,1,1,True,True,expected: <30> but was: <13>,mvn -o -B -ntp -Dmaven.repo.local=/Users/hadiranjbar/Downloads/java/token.usage/investigation/.m2 -Pinvestigation -Dtest=FailureCasesTest -Dexperiment.case=01 -Dexperiment.artifactDir=/Users/hadiranjbar/Downloads/java/token.usage/investigation/raw/v2/01/p1/1 -Dexperiment.reportDir=/Users/hadiranjbar/Downloads/java/token.usage/investigation/raw/v2/01/p1/1/reports -Dspring.output.ansi.enabled=never -Dspring.profiles.active=p1 surefire:test,investigation/raw/v2/01/p1/1/stdout.log,Maven + forked JVM stdout,89e6f93235b43b96ac61f07029c19a282ffcbe810c46f30483a4e6122e227aa6,2779,51,705,tiktoken 0.14.0 o200k_base
01,p1,2,1,True,True,expected: <30> but was: <13>,mvn -o -B -ntp -Dmaven.repo.local=/Users/hadiranjbar/Downloads/java/token.usage/investigation/.m2 -Pinvestigation -Dtest=FailureCasesTest -Dexperiment.case=01 -Dexperiment.artifactDir=/Users/hadiranjbar/Downloads/java/token.usage/investigation/raw/v2/01/p1/2 -Dexperiment.reportDir=/Users/hadiranjbar/Downloads/java/token.usage/investigation/raw/v2/01/p1/2/reports -Dspring.output.ansi.enabled=never -Dspring.profiles.active=p1 surefire:test,investigation/raw/v2/01/p1/2/reports/TEST-com.ai.token.experiment.FailureCasesTest.xml,test-runner report,b7025d1e5c85e5c1d212123b34376246b817a9c357de87b06b848bd51823cf35,26333,82,8380,tiktoken 0.14.0 o200k_base
01,p1,2,1,True,True,expected: <30> but was: <13>,mvn -o -B -ntp -Dmaven.repo.local=/Users/hadiranjbar/Downloads/java/token.usage/investigation/.m2 -Pinvestigation -Dtest=FailureCasesTest -Dexperiment.case=01 -Dexperiment.artifactDir=/Users/hadiranjbar/Downloads/java/token.usage/investigation/raw/v2/01/p1/2 -Dexperiment.reportDir=/Users/hadiranjbar/Downloads/java/token.usage/investigation/raw/v2/01/p1/2/reports -Dspring.output.ansi.enabled=never -Dspring.profiles.active=p1 surefire:test,investigation/raw/v2/01/p1/2/reports/com.ai.token.experiment.FailureCasesTest.txt,test-runner report,73eeb31619f6495c4af8bf2bb12cb714b1afcd14f5cb9b12f72a6fab53400397,1003,13,215,tiktoken 0.14.0 o200k_base
01,p1,2,1,True,True,expected: <30> but was: <13>,mvn -o -B -ntp -Dmaven.repo.local=/Users/hadiranjbar/Downloads/java/token.usage/investigation/.m2 -Pinvestigation -Dtest=FailureCasesTest -Dexperiment.case=01 -Dexperiment.artifactDir=/Users/hadiranjbar/Downloads/java/token.usage/investigation/raw/v2/01/p1/2 -Dexperiment.reportDir=/Users/hadiranjbar/Downloads/java/token.usage/investigation/raw/v2/01/p1/2/reports -Dspring.output.ansi.enabled=never -Dspring.profiles.active=p1 surefire:test,investigation/raw/v2/01/p1/2/stderr.log,Maven + forked JVM stderr,e3b0c44298fc1c149afbf4c8996fb92427ae41e4649b934ca495991b7852b855,0,0,0,tiktoken 0.14.0 o200k_base
01,p1,2,1,True,True,expected: <30> but was: <13>,mvn -o -B -ntp -Dmaven.repo.local=/Users/hadiranjbar/Downloads/java/token.usage/investigation/.m2 -Pinvestigation -Dtest=FailureCasesTest -Dexperiment.case=01 -Dexperiment.artifactDir=/Users/hadiranjbar/Downloads/java/token.usage/investigation/raw/v2/01/p1/2 -Dexperiment.reportDir=/Users/hadiranjbar/Downloads/java/token.usage/investigation/raw/v2/01/p1/2/reports -Dspring.output.ansi.enabled=never -Dspring.profiles.active=p1 surefire:test,investigation/raw/v2/01/p1/2/stdout.log,Maven + forked JVM stdout,bf19bb176d9e143b9474c3b7b63c588851c89447eb469ac97c273f7ddeeebb3b,2779,51,705,tiktoken 0.14.0 o200k_base
01,p1,3,1,True,True,expected: <30> but was: <13>,mvn -o -B -ntp -Dmaven.repo.local=/Users/hadiranjbar/Downloads/java/token.usage/investigation/.m2 -Pinvestigation -Dtest=FailureCasesTest -Dexperiment.case=01 -Dexperiment.artifactDir=/Users/hadiranjbar/Downloads/java/token.usage/investigation/raw/v2/01/p1/3 -Dexperiment.reportDir=/Users/hadiranjbar/Downloads/java/token.usage/investigation/raw/v2/01/p1/3/reports -Dspring.output.ansi.enabled=never -Dspring.profiles.active=p1 surefire:test,investigation/raw/v2/01/p1/3/reports/TEST-com.ai.token.experiment.FailureCasesTest.xml,test-runner report,b5271d52eec4d217056580763dc10e4e764123b6e54ed0b5b80fe51284a6cb4b,26333,82,8380,tiktoken 0.14.0 o200k_base
01,p1,3,1,True,True,expected: <30> but was: <13>,mvn -o -B -ntp -Dmaven.repo.local=/Users/hadiranjbar/Downloads/java/token.usage/investigation/.m2 -Pinvestigation -Dtest=FailureCasesTest -Dexperiment.case=01 -Dexperiment.artifactDir=/Users/hadiranjbar/Downloads/java/token.usage/investigation/raw/v2/01/p1/3 -Dexperiment.reportDir=/Users/hadiranjbar/Downloads/java/token.usage/investigation/raw/v2/01/p1/3/reports -Dspring.output.ansi.enabled=never -Dspring.profiles.active=p1 surefire:test,investigation/raw/v2/01/p1/3/reports/com.ai.token.experiment.FailureCasesTest.txt,test-runner report,4f6ded682b1be8f1098139331507f4177d31625cf057a47df4ad985cf08ccbe7,1003,13,215,tiktoken 0.14.0 o200k_base
01,p1,3,1,True,True,expected: <30> but was: <13>,mvn -o -B -ntp -Dmaven.repo.local=/Users/hadiranjbar/Downloads/java/token.usage/investigation/.m2 -Pinvestigation -Dtest=FailureCasesTest -Dexperiment.case=01 -Dexperiment.artifactDir=/Users/hadiranjbar/Downloads/java/token.usage/investigation/raw/v2/01/p1/3 -Dexperiment.reportDir=/Users/hadiranjbar/Downloads/java/token.usage/investigation/raw/v2/01/p1/3/reports -Dspring.output.ansi.enabled=never -Dspring.profiles.active=p1 surefire:test,investigation/raw/v2/01/p1/3/stderr.log,Maven + forked JVM stderr,e3b0c44298fc1c149afbf4c8996fb92427ae41e4649b934ca495991b7852b855,0,0,0,tiktoken 0.14.0 o200k_base
01,p1,3,1,True,True,expected: <30> but was: <13>,mvn -o -B -ntp -Dmaven.repo.local=/Users/hadiranjbar/Downloads/java/token.usage/investigation/.m2 -Pinvestigation -Dtest=FailureCasesTest -Dexperiment.case=01 -Dexperiment.artifactDir=/Users/hadiranjbar/Downloads/java/token.usage/investigation/raw/v2/01/p1/3 -Dexperiment.reportDir=/Users/hadiranjbar/Downloads/java/token.usage/investigation/raw/v2/01/p1/3/reports -Dspring.output.ansi.enabled=never -Dspring.profiles.active=p1 surefire:test,investigation/raw/v2/01/p1/3/stdout.log,Maven + forked JVM stdout,6d4f0c633b4512ee8d778c8c3dde1cb2f3b25e3fb5e1248797894368d030b546,2779,51,705,tiktoken 0.14.0 o200k_base
01,p4,1,1,True,True,expected: <30> but was: <13>,"mvn -o -B -ntp -Dmaven.repo.local=/Users/hadiranjbar/Downloads/java/token.usage/investigation/.m2 -Pinvestigation,agent-reports -Dtest=FailureCasesTest -Dexperiment.case=01 -Dexperiment.artifactDir=/Users/hadiranjbar/Downloads/java/token.usage/investigation/raw/v2/01/p4/1 -Dexperiment.reportDir=/Users/hadiranjbar/Downloads/java/token.usage/investigation/raw/v2/01/p4/1/reports -Dspring.output.ansi.enabled=never surefire:test",investigation/raw/v2/01/p4/1/reports/TEST-com.ai.token.experiment.FailureCasesTest.xml,test-runner report,b7701017f43cee7c224844124da2a6a67e94a446f582ba1bd6d35dd59bd68c6d,25867,76,8280,tiktoken 0.14.0 o200k_base
01,p4,1,1,True,True,expected: <30> but was: <13>,"mvn -o -B -ntp -Dmaven.repo.local=/Users/hadiranjbar/Downloads/java/token.usage/investigation/.m2 -Pinvestigation,agent-reports -Dtest=FailureCasesTest -Dexperiment.case=01 -Dexperiment.artifactDir=/Users/hadiranjbar/Downloads/java/token.usage/investigation/raw/v2/01/p4/1 -Dexperiment.reportDir=/Users/hadiranjbar/Downloads/java/token.usage/investigation/raw/v2/01/p4/1/reports -Dspring.output.ansi.enabled=never surefire:test",investigation/raw/v2/01/p4/1/reports/com.ai.token.experiment.FailureCasesTest.txt,test-runner report,2e451a11e51dc2a876ee5ad4fccaa579fc0e5643da76d3be0872c7fe51218a9b,594,8,130,tiktoken 0.14.0 o200k_base
01,p4,1,1,True,True,expected: <30> but was: <13>,"mvn -o -B -ntp -Dmaven.repo.local=/Users/hadiranjbar/Downloads/java/token.usage/investigation/.m2 -Pinvestigation,agent-reports -Dtest=FailureCasesTest -Dexperiment.case=01 -Dexperiment.artifactDir=/Users/hadiranjbar/Downloads/java/token.usage/investigation/raw/v2/01/p4/1 -Dexperiment.reportDir=/Users/hadiranjbar/Downloads/java/token.usage/investigation/raw/v2/01/p4/1/reports -Dspring.output.ansi.enabled=never surefire:test",investigation/raw/v2/01/p4/1/stderr.log,Maven + forked JVM stderr,e3b0c44298fc1c149afbf4c8996fb92427ae41e4649b934ca495991b7852b855,0,0,0,tiktoken 0.14.0 o200k_base
01,p4,1,1,True,True,expected: <30> but was: <13>,"mvn -o -B -ntp -Dmaven.repo.local=/Users/hadiranjbar/Downloads/java/token.usage/investigation/.m2 -Pinvestigation,agent-reports -Dtest=FailureCasesTest -Dexperiment.case=01 -Dexperiment.artifactDir=/Users/hadiranjbar/Downloads/java/token.usage/investigation/raw/v2/01/p4/1 -Dexperiment.reportDir=/Users/hadiranjbar/Downloads/java/token.usage/investigation/raw/v2/01/p4/1/reports -Dspring.output.ansi.enabled=never surefire:test",investigation/raw/v2/01/p4/1/stdout.log,Maven + forked JVM stdout,0debb10d70a99dcdc33d1a9ea586e9023c0e2f620fad22fa10229b6666eabc35,2370,46,620,tiktoken 0.14.0 o200k_base
01,p4,2,1,True,True,expected: <30> but was: <13>,"mvn -o -B -ntp -Dmaven.repo.local=/Users/hadiranjbar/Downloads/java/token.usage/investigation/.m2 -Pinvestigation,agent-reports -Dtest=FailureCasesTest -Dexperiment.case=01 -Dexperiment.artifactDir=/Users/hadiranjbar/Downloads/java/token.usage/investigation/raw/v2/01/p4/2 -Dexperiment.reportDir=/Users/hadiranjbar/Downloads/java/token.usage/investigation/raw/v2/01/p4/2/reports -Dspring.output.ansi.enabled=never surefire:test",investigation/raw/v2/01/p4/2/reports/TEST-com.ai.token.experiment.FailureCasesTest.xml,test-runner report,4bbe3bf42fd09469224cf84ec7d8c28c7fd75da2381565b4c68c3a09b9c22348,25867,76,8280,tiktoken 0.14.0 o200k_base
01,p4,2,1,True,True,expected: <30> but was: <13>,"mvn -o -B -ntp -Dmaven.repo.local=/Users/hadiranjbar/Downloads/java/token.usage/investigation/.m2 -Pinvestigation,agent-reports -Dtest=FailureCasesTest -Dexperiment.case=01 -Dexperiment.artifactDir=/Users/hadiranjbar/Downloads/java/token.usage/investigation/raw/v2/01/p4/2 -Dexperiment.reportDir=/Users/hadiranjbar/Downloads/java/token.usage/investigation/raw/v2/01/p4/2/reports -Dspring.output.ansi.enabled=never surefire:test",investigation/raw/v2/01/p4/2/reports/com.ai.token.experiment.FailureCasesTest.txt,test-runner report,024e594ec0e2f8ef1daf773972916032c2b7c307b4629db2b8c3d0ebf1465ec7,594,8,130,tiktoken 0.14.0 o200k_base
01,p4,2,1,True,True,expected: <30> but was: <13>,"mvn -o -B -ntp -Dmaven.repo.local=/Users/hadiranjbar/Downloads/java/token.usage/investigation/.m2 -Pinvestigation,agent-reports -Dtest=FailureCasesTest -Dexperiment.case=01 -Dexperiment.artifactDir=/Users/hadiranjbar/Downloads/java/token.usage/investigation/raw/v2/01/p4/2 -Dexperiment.reportDir=/Users/hadiranjbar/Downloads/java/token.usage/investigation/raw/v2/01/p4/2/reports -Dspring.output.ansi.enabled=never surefire:test",investigation/raw/v2/01/p4/2/stderr.log,Maven + forked JVM stderr,e3b0c44298fc1c149afbf4c8996fb92427ae41e4649b934ca495991b7852b855,0,0,0,tiktoken 0.14.0 o200k_base
01,p4,2,1,True,True,expected: <30> but was: <13>,"mvn -o -B -ntp -Dmaven.repo.local=/Users/hadiranjbar/Downloads/java/token.usage/investigation/.m2 -Pinvestigation,agent-reports -Dtest=FailureCasesTest -Dexperiment.case=01 -Dexperiment.artifactDir=/Users/hadiranjbar/Downloads/java/token.usage/investigation/raw/v2/01/p4/2 -Dexperiment.reportDir=/Users/hadiranjbar/Downloads/java/token.usage/investigation/raw/v2/01/p4/2/reports -Dspring.output.ansi.enabled=never surefire:test",investigation/raw/v2/01/p4/2/stdout.log,Maven + forked JVM stdout,61bd680bd36a29e4cf18e7529ecf0d2acb555effbd4f764d7282e5ce6fa26eb7,2370,46,620,tiktoken 0.14.0 o200k_base
01,p4,3,1,True,True,expected: <30> but was: <13>,"mvn -o -B -ntp -Dmaven.repo.local=/Users/hadiranjbar/Downloads/java/token.usage/investigation/.m2 -Pinvestigation,agent-reports -Dtest=FailureCasesTest -Dexperiment.case=01 -Dexperiment.artifactDir=/Users/hadiranjbar/Downloads/java/token.usage/investigation/raw/v2/01/p4/3 -Dexperiment.reportDir=/Users/hadiranjbar/Downloads/java/token.usage/investigation/raw/v2/01/p4/3/reports -Dspring.output.ansi.enabled=never surefire:test",investigation/raw/v2/01/p4/3/reports/TEST-com.ai.token.experiment.FailureCasesTest.xml,test-runner report,a0204183713751eafea3db11ecc88e98a6ce07d963bce6a552268026f37ce1ab,25867,76,8280,tiktoken 0.14.0 o200k_base
01,p4,3,1,True,True,expected: <30> but was: <13>,"mvn -o -B -ntp -Dmaven.repo.local=/Users/hadiranjbar/Downloads/java/token.usage/investigation/.m2 -Pinvestigation,agent-reports -Dtest=FailureCasesTest -Dexperiment.case=01 -Dexperiment.artifactDir=/Users/hadiranjbar/Downloads/java/token.usage/investigation/raw/v2/01/p4/3 -Dexperiment.reportDir=/Users/hadiranjbar/Downloads/java/token.usage/investigation/raw/v2/01/p4/3/reports -Dspring.output.ansi.enabled=never surefire:test",investigation/raw/v2/01/p4/3/reports/com.ai.token.experiment.FailureCasesTest.txt,test-runner report,f420c07db1beae6b8558bb8b9d10e4e963175fbae4e74689a488304dfd2a5cdc,594,8,130,tiktoken 0.14.0 o200k_base
01,p4,3,1,True,True,expected: <30> but was: <13>,"mvn -o -B -ntp -Dmaven.repo.local=/Users/hadiranjbar/Downloads/java/token.usage/investigation/.m2 -Pinvestigation,agent-reports -Dtest=FailureCasesTest -Dexperiment.case=01 -Dexperiment.artifactDir=/Users/hadiranjbar/Downloads/java/token.usage/investigation/raw/v2/01/p4/3 -Dexperiment.reportDir=/Users/hadiranjbar/Downloads/java/token.usage/investigation/raw/v2/01/p4/3/reports -Dspring.output.ansi.enabled=never surefire:test",investigation/raw/v2/01/p4/3/stderr.log,Maven + forked JVM stderr,e3b0c44298fc1c149afbf4c8996fb92427ae41e4649b934ca495991b7852b855,0,0,0,tiktoken 0.14.0 o200k_base
01,p4,3,1,True,True,expected: <30> but was: <13>,"mvn -o -B -ntp -Dmaven.repo.local=/Users/hadiranjbar/Downloads/java/token.usage/investigation/.m2 -Pinvestigation,agent-reports -Dtest=FailureCasesTest -Dexperiment.case=01 -Dexperiment.artifactDir=/Users/hadiranjbar/Downloads/java/token.usage/investigation/raw/v2/01/p4/3 -Dexperiment.reportDir=/Users/hadiranjbar/Downloads/java/token.usage/investigation/raw/v2/01/p4/3/reports -Dspring.output.ansi.enabled=never surefire:test",investigation/raw/v2/01/p4/3/stdout.log,Maven + forked JVM stdout,a69cb96ccbaa879ad6469425de43fdcd26964072cbf25b26ccb5ac551977f06c,2370,46,620,tiktoken 0.14.0 o200k_base
02,agent,1,1,True,True,cannot initialize client,"mvn -o -B -ntp -Dmaven.repo.local=/Users/hadiranjbar/Downloads/java/token.usage/investigation/.m2 -Pinvestigation,agent-reports -Dtest=FailureCasesTest -Dexperiment.case=02 -Dexperiment.artifactDir=/Users/hadiranjbar/Downloads/java/token.usage/investigation/raw/v2/02/agent/1 -Dexperiment.reportDir=/Users/hadiranjbar/Downloads/java/token.usage/investigation/raw/v2/02/agent/1/reports -Dspring.output.ansi.enabled=never -Dspring.profiles.active=agent -Dexperiment.deduplicate=true surefire:test",investigation/raw/v2/02/agent/1/reports/TEST-com.ai.token.experiment.FailureCasesTest.xml,test-runner report,94fc37d8f2ceb0eb2434d25c553b50774ceaf049aa99df6efaf961631df6badb,29834,129,9475,tiktoken 0.14.0 o200k_base
02,agent,1,1,True,True,cannot initialize client,"mvn -o -B -ntp -Dmaven.repo.local=/Users/hadiranjbar/Downloads/java/token.usage/investigation/.m2 -Pinvestigation,agent-reports -Dtest=FailureCasesTest -Dexperiment.case=02 -Dexperiment.artifactDir=/Users/hadiranjbar/Downloads/java/token.usage/investigation/raw/v2/02/agent/1 -Dexperiment.reportDir=/Users/hadiranjbar/Downloads/java/token.usage/investigation/raw/v2/02/agent/1/reports -Dspring.output.ansi.enabled=never -Dspring.profiles.active=agent -Dexperiment.deduplicate=true surefire:test",investigation/raw/v2/02/agent/1/reports/com.ai.token.experiment.FailureCasesTest.txt,test-runner report,ead5d364894f1fdedfbb9215b8b25c7ffdd6482529364254ce8e43696e373227,853,12,186,tiktoken 0.14.0 o200k_base
02,agent,1,1,True,True,cannot initialize client,"mvn -o -B -ntp -Dmaven.repo.local=/Users/hadiranjbar/Downloads/java/token.usage/investigation/.m2 -Pinvestigation,agent-reports -Dtest=FailureCasesTest -Dexperiment.case=02 -Dexperiment.artifactDir=/Users/hadiranjbar/Downloads/java/token.usage/investigation/raw/v2/02/agent/1 -Dexperiment.reportDir=/Users/hadiranjbar/Downloads/java/token.usage/investigation/raw/v2/02/agent/1/reports -Dspring.output.ansi.enabled=never -Dspring.profiles.active=agent -Dexperiment.deduplicate=true surefire:test",investigation/raw/v2/02/agent/1/stderr.log,Maven + forked JVM stderr,e3b0c44298fc1c149afbf4c8996fb92427ae41e4649b934ca495991b7852b855,0,0,0,tiktoken 0.14.0 o200k_base
02,agent,1,1,True,True,cannot initialize client,"mvn -o -B -ntp -Dmaven.repo.local=/Users/hadiranjbar/Downloads/java/token.usage/investigation/.m2 -Pinvestigation,agent-reports -Dtest=FailureCasesTest -Dexperiment.case=02 -Dexperiment.artifactDir=/Users/hadiranjbar/Downloads/java/token.usage/investigation/raw/v2/02/agent/1 -Dexperiment.reportDir=/Users/hadiranjbar/Downloads/java/token.usage/investigation/raw/v2/02/agent/1/reports -Dspring.output.ansi.enabled=never -Dspring.profiles.active=agent -Dexperiment.deduplicate=true surefire:test",investigation/raw/v2/02/agent/1/stdout.log,Maven + forked JVM stdout,85a3d07263e18674fa73fb6a162a9bf0871d0fc9ac74544bbe88c653046accae,5389,89,1523,tiktoken 0.14.0 o200k_base
02,agent,2,1,True,True,cannot initialize client,"mvn -o -B -ntp -Dmaven.repo.local=/Users/hadiranjbar/Downloads/java/token.usage/investigation/.m2 -Pinvestigation,agent-reports -Dtest=FailureCasesTest -Dexperiment.case=02 -Dexperiment.artifactDir=/Users/hadiranjbar/Downloads/java/token.usage/investigation/raw/v2/02/agent/2 -Dexperiment.reportDir=/Users/hadiranjbar/Downloads/java/token.usage/investigation/raw/v2/02/agent/2/reports -Dspring.output.ansi.enabled=never -Dspring.profiles.active=agent -Dexperiment.deduplicate=true surefire:test",investigation/raw/v2/02/agent/2/reports/TEST-com.ai.token.experiment.FailureCasesTest.xml,test-runner report,703e09a81dee3a24bfe6f94bba77cea3a0ff78308b66d114e590cc6a8e05f087,29834,129,9475,tiktoken 0.14.0 o200k_base
02,agent,2,1,True,True,cannot initialize client,"mvn -o -B -ntp -Dmaven.repo.local=/Users/hadiranjbar/Downloads/java/token.usage/investigation/.m2 -Pinvestigation,agent-reports -Dtest=FailureCasesTest -Dexperiment.case=02 -Dexperiment.artifactDir=/Users/hadiranjbar/Downloads/java/token.usage/investigation/raw/v2/02/agent/2 -Dexperiment.reportDir=/Users/hadiranjbar/Downloads/java/token.usage/investigation/raw/v2/02/agent/2/reports -Dspring.output.ansi.enabled=never -Dspring.profiles.active=agent -Dexperiment.deduplicate=true surefire:test",investigation/raw/v2/02/agent/2/reports/com.ai.token.experiment.FailureCasesTest.txt,test-runner report,1315392311f35820e92931c053abde694cfdacedb04bc34a3c3773223f7735ee,853,12,186,tiktoken 0.14.0 o200k_base
02,agent,2,1,True,True,cannot initialize client,"mvn -o -B -ntp -Dmaven.repo.local=/Users/hadiranjbar/Downloads/java/token.usage/investigation/.m2 -Pinvestigation,agent-reports -Dtest=FailureCasesTest -Dexperiment.case=02 -Dexperiment.artifactDir=/Users/hadiranjbar/Downloads/java/token.usage/investigation/raw/v2/02/agent/2 -Dexperiment.reportDir=/Users/hadiranjbar/Downloads/java/token.usage/investigation/raw/v2/02/agent/2/reports -Dspring.output.ansi.enabled=never -Dspring.profiles.active=agent -Dexperiment.deduplicate=true surefire:test",investigation/raw/v2/02/agent/2/stderr.log,Maven + forked JVM stderr,e3b0c44298fc1c149afbf4c8996fb92427ae41e4649b934ca495991b7852b855,0,0,0,tiktoken 0.14.0 o200k_base
02,agent,2,1,True,True,cannot initialize client,"mvn -o -B -ntp -Dmaven.repo.local=/Users/hadiranjbar/Downloads/java/token.usage/investigation/.m2 -Pinvestigation,agent-reports -Dtest=FailureCasesTest -Dexperiment.case=02 -Dexperiment.artifactDir=/Users/hadiranjbar/Downloads/java/token.usage/investigation/raw/v2/02/agent/2 -Dexperiment.reportDir=/Users/hadiranjbar/Downloads/java/token.usage/investigation/raw/v2/02/agent/2/reports -Dspring.output.ansi.enabled=never -Dspring.profiles.active=agent -Dexperiment.deduplicate=true surefire:test",investigation/raw/v2/02/agent/2/stdout.log,Maven + forked JVM stdout,8d3fc965e166a85916df6a7e074ae07c1db4c7c075db007eca728803eb0b8731,5389,89,1523,tiktoken 0.14.0 o200k_base
02,agent,3,1,True,True,cannot initialize client,"mvn -o -B -ntp -Dmaven.repo.local=/Users/hadiranjbar/Downloads/java/token.usage/investigation/.m2 -Pinvestigation,agent-reports -Dtest=FailureCasesTest -Dexperiment.case=02 -Dexperiment.artifactDir=/Users/hadiranjbar/Downloads/java/token.usage/investigation/raw/v2/02/agent/3 -Dexperiment.reportDir=/Users/hadiranjbar/Downloads/java/token.usage/investigation/raw/v2/02/agent/3/reports -Dspring.output.ansi.enabled=never -Dspring.profiles.active=agent -Dexperiment.deduplicate=true surefire:test",investigation/raw/v2/02/agent/3/reports/TEST-com.ai.token.experiment.FailureCasesTest.xml,test-runner report,92c248de69ecbb4bceedf983302bc11a36c30e1cd82fb80aa1d58b2e1d3fa00b,29834,129,9475,tiktoken 0.14.0 o200k_base
02,agent,3,1,True,True,cannot initialize client,"mvn -o -B -ntp -Dmaven.repo.local=/Users/hadiranjbar/Downloads/java/token.usage/investigation/.m2 -Pinvestigation,agent-reports -Dtest=FailureCasesTest -Dexperiment.case=02 -Dexperiment.artifactDir=/Users/hadiranjbar/Downloads/java/token.usage/investigation/raw/v2/02/agent/3 -Dexperiment.reportDir=/Users/hadiranjbar/Downloads/java/token.usage/investigation/raw/v2/02/agent/3/reports -Dspring.output.ansi.enabled=never -Dspring.profiles.active=agent -Dexperiment.deduplicate=true surefire:test",investigation/raw/v2/02/agent/3/reports/com.ai.token.experiment.FailureCasesTest.txt,test-runner report,59c7c28399b1a28cbe477d67129761d3f2a318bf72fac5c12c32e2aea9cdbbdb,853,12,186,tiktoken 0.14.0 o200k_base
02,agent,3,1,True,True,cannot initialize client,"mvn -o -B -ntp -Dmaven.repo.local=/Users/hadiranjbar/Downloads/java/token.usage/investigation/.m2 -Pinvestigation,agent-reports -Dtest=FailureCasesTest -Dexperiment.case=02 -Dexperiment.artifactDir=/Users/hadiranjbar/Downloads/java/token.usage/investigation/raw/v2/02/agent/3 -Dexperiment.reportDir=/Users/hadiranjbar/Downloads/java/token.usage/investigation/raw/v2/02/agent/3/reports -Dspring.output.ansi.enabled=never -Dspring.profiles.active=agent -Dexperiment.deduplicate=true surefire:test",investigation/raw/v2/02/agent/3/stderr.log,Maven + forked JVM stderr,e3b0c44298fc1c149afbf4c8996fb92427ae41e4649b934ca495991b7852b855,0,0,0,tiktoken 0.14.0 o200k_base
02,agent,3,1,True,True,cannot initialize client,"mvn -o -B -ntp -Dmaven.repo.local=/Users/hadiranjbar/Downloads/java/token.usage/investigation/.m2 -Pinvestigation,agent-reports -Dtest=FailureCasesTest -Dexperiment.case=02 -Dexperiment.artifactDir=/Users/hadiranjbar/Downloads/java/token.usage/investigation/raw/v2/02/agent/3 -Dexperiment.reportDir=/Users/hadiranjbar/Downloads/java/token.usage/investigation/raw/v2/02/agent/3/reports -Dspring.output.ansi.enabled=never -Dspring.profiles.active=agent -Dexperiment.deduplicate=true surefire:test",investigation/raw/v2/02/agent/3/stdout.log,Maven + forked JVM stdout,1d9c627044664260962ca69f4028ce2ea4ec5205e6f5a74a25927e5ffa13aade,5389,89,1523,tiktoken 0.14.0 o200k_base
02,default,1,1,True,True,cannot initialize client,mvn -o -B -ntp -Dmaven.repo.local=/Users/hadiranjbar/Downloads/java/token.usage/investigation/.m2 -Pinvestigation -Dtest=FailureCasesTest -Dexperiment.case=02 -Dexperiment.artifactDir=/Users/hadiranjbar/Downloads/java/token.usage/investigation/raw/v2/02/default/1 -Dexperiment.reportDir=/Users/hadiranjbar/Downloads/java/token.usage/investigation/raw/v2/02/default/1/reports -Dspring.output.ansi.enabled=never surefire:test,investigation/raw/v2/02/default/1/reports/TEST-com.ai.token.experiment.FailureCasesTest.xml,test-runner report,616542c35107850086044f6083d5275fe10e61e8c2c33576e791ba7a09d0db6c,40814,210,12538,tiktoken 0.14.0 o200k_base
02,default,1,1,True,True,cannot initialize client,mvn -o -B -ntp -Dmaven.repo.local=/Users/hadiranjbar/Downloads/java/token.usage/investigation/.m2 -Pinvestigation -Dtest=FailureCasesTest -Dexperiment.case=02 -Dexperiment.artifactDir=/Users/hadiranjbar/Downloads/java/token.usage/investigation/raw/v2/02/default/1 -Dexperiment.reportDir=/Users/hadiranjbar/Downloads/java/token.usage/investigation/raw/v2/02/default/1/reports -Dspring.output.ansi.enabled=never surefire:test,investigation/raw/v2/02/default/1/reports/com.ai.token.experiment.FailureCasesTest.txt,test-runner report,1107bcd778e6467c5fa098e925099b4e1641982827a796f84c064a3d71681dd3,1304,22,303,tiktoken 0.14.0 o200k_base
02,default,1,1,True,True,cannot initialize client,mvn -o -B -ntp -Dmaven.repo.local=/Users/hadiranjbar/Downloads/java/token.usage/investigation/.m2 -Pinvestigation -Dtest=FailureCasesTest -Dexperiment.case=02 -Dexperiment.artifactDir=/Users/hadiranjbar/Downloads/java/token.usage/investigation/raw/v2/02/default/1 -Dexperiment.reportDir=/Users/hadiranjbar/Downloads/java/token.usage/investigation/raw/v2/02/default/1/reports -Dspring.output.ansi.enabled=never surefire:test,investigation/raw/v2/02/default/1/stderr.log,Maven + forked JVM stderr,e3b0c44298fc1c149afbf4c8996fb92427ae41e4649b934ca495991b7852b855,0,0,0,tiktoken 0.14.0 o200k_base
02,default,1,1,True,True,cannot initialize client,mvn -o -B -ntp -Dmaven.repo.local=/Users/hadiranjbar/Downloads/java/token.usage/investigation/.m2 -Pinvestigation -Dtest=FailureCasesTest -Dexperiment.case=02 -Dexperiment.artifactDir=/Users/hadiranjbar/Downloads/java/token.usage/investigation/raw/v2/02/default/1 -Dexperiment.reportDir=/Users/hadiranjbar/Downloads/java/token.usage/investigation/raw/v2/02/default/1/reports -Dspring.output.ansi.enabled=never surefire:test,investigation/raw/v2/02/default/1/stdout.log,Maven + forked JVM stdout,84e7a4f4bcdaa38924e9fec6bacce08250d163ed51a9fe688ce49b10a9c19494,16987,174,4799,tiktoken 0.14.0 o200k_base
02,default,2,1,True,True,cannot initialize client,mvn -o -B -ntp -Dmaven.repo.local=/Users/hadiranjbar/Downloads/java/token.usage/investigation/.m2 -Pinvestigation -Dtest=FailureCasesTest -Dexperiment.case=02 -Dexperiment.artifactDir=/Users/hadiranjbar/Downloads/java/token.usage/investigation/raw/v2/02/default/2 -Dexperiment.reportDir=/Users/hadiranjbar/Downloads/java/token.usage/investigation/raw/v2/02/default/2/reports -Dspring.output.ansi.enabled=never surefire:test,investigation/raw/v2/02/default/2/reports/TEST-com.ai.token.experiment.FailureCasesTest.xml,test-runner report,8d96abda08d14d0b095ff8441a0f6495e3957bfbe34b0ddb51de7e49a3e0c40c,40814,210,12538,tiktoken 0.14.0 o200k_base
02,default,2,1,True,True,cannot initialize client,mvn -o -B -ntp -Dmaven.repo.local=/Users/hadiranjbar/Downloads/java/token.usage/investigation/.m2 -Pinvestigation -Dtest=FailureCasesTest -Dexperiment.case=02 -Dexperiment.artifactDir=/Users/hadiranjbar/Downloads/java/token.usage/investigation/raw/v2/02/default/2 -Dexperiment.reportDir=/Users/hadiranjbar/Downloads/java/token.usage/investigation/raw/v2/02/default/2/reports -Dspring.output.ansi.enabled=never surefire:test,investigation/raw/v2/02/default/2/reports/com.ai.token.experiment.FailureCasesTest.txt,test-runner report,b0d013b33b0ce45e3c6b0fccd7c04aadf290bb9b28ad819be4d067b522ac57f2,1304,22,303,tiktoken 0.14.0 o200k_base
02,default,2,1,True,True,cannot initialize client,mvn -o -B -ntp -Dmaven.repo.local=/Users/hadiranjbar/Downloads/java/token.usage/investigation/.m2 -Pinvestigation -Dtest=FailureCasesTest -Dexperiment.case=02 -Dexperiment.artifactDir=/Users/hadiranjbar/Downloads/java/token.usage/investigation/raw/v2/02/default/2 -Dexperiment.reportDir=/Users/hadiranjbar/Downloads/java/token.usage/investigation/raw/v2/02/default/2/reports -Dspring.output.ansi.enabled=never surefire:test,investigation/raw/v2/02/default/2/stderr.log,Maven + forked JVM stderr,e3b0c44298fc1c149afbf4c8996fb92427ae41e4649b934ca495991b7852b855,0,0,0,tiktoken 0.14.0 o200k_base
02,default,2,1,True,True,cannot initialize client,mvn -o -B -ntp -Dmaven.repo.local=/Users/hadiranjbar/Downloads/java/token.usage/investigation/.m2 -Pinvestigation -Dtest=FailureCasesTest -Dexperiment.case=02 -Dexperiment.artifactDir=/Users/hadiranjbar/Downloads/java/token.usage/investigation/raw/v2/02/default/2 -Dexperiment.reportDir=/Users/hadiranjbar/Downloads/java/token.usage/investigation/raw/v2/02/default/2/reports -Dspring.output.ansi.enabled=never surefire:test,investigation/raw/v2/02/default/2/stdout.log,Maven + forked JVM stdout,e805839bc2caa87a2b5e75e0a88152b158068f6aa8206467025c55176a721da4,16987,174,4799,tiktoken 0.14.0 o200k_base
02,default,3,1,True,True,cannot initialize client,mvn -o -B -ntp -Dmaven.repo.local=/Users/hadiranjbar/Downloads/java/token.usage/investigation/.m2 -Pinvestigation -Dtest=FailureCasesTest -Dexperiment.case=02 -Dexperiment.artifactDir=/Users/hadiranjbar/Downloads/java/token.usage/investigation/raw/v2/02/default/3 -Dexperiment.reportDir=/Users/hadiranjbar/Downloads/java/token.usage/investigation/raw/v2/02/default/3/reports -Dspring.output.ansi.enabled=never surefire:test,investigation/raw/v2/02/default/3/reports/TEST-com.ai.token.experiment.FailureCasesTest.xml,test-runner report,6265213d8c796d841d432b4ce6e93bf71f9edd941fddb44615bdc41cbd4e558b,40814,210,12538,tiktoken 0.14.0 o200k_base
02,default,3,1,True,True,cannot initialize client,mvn -o -B -ntp -Dmaven.repo.local=/Users/hadiranjbar/Downloads/java/token.usage/investigation/.m2 -Pinvestigation -Dtest=FailureCasesTest -Dexperiment.case=02 -Dexperiment.artifactDir=/Users/hadiranjbar/Downloads/java/token.usage/investigation/raw/v2/02/default/3 -Dexperiment.reportDir=/Users/hadiranjbar/Downloads/java/token.usage/investigation/raw/v2/02/default/3/reports -Dspring.output.ansi.enabled=never surefire:test,investigation/raw/v2/02/default/3/reports/com.ai.token.experiment.FailureCasesTest.txt,test-runner report,9b43ab3f411eb8a0c3a1008acf5599946c9ec213b5cbdc6fcff33276d25e0332,1304,22,303,tiktoken 0.14.0 o200k_base
02,default,3,1,True,True,cannot initialize client,mvn -o -B -ntp -Dmaven.repo.local=/Users/hadiranjbar/Downloads/java/token.usage/investigation/.m2 -Pinvestigation -Dtest=FailureCasesTest -Dexperiment.case=02 -Dexperiment.artifactDir=/Users/hadiranjbar/Downloads/java/token.usage/investigation/raw/v2/02/default/3 -Dexperiment.reportDir=/Users/hadiranjbar/Downloads/java/token.usage/investigation/raw/v2/02/default/3/reports -Dspring.output.ansi.enabled=never surefire:test,investigation/raw/v2/02/default/3/stderr.log,Maven + forked JVM stderr,e3b0c44298fc1c149afbf4c8996fb92427ae41e4649b934ca495991b7852b855,0,0,0,tiktoken 0.14.0 o200k_base
02,default,3,1,True,True,cannot initialize client,mvn -o -B -ntp -Dmaven.repo.local=/Users/hadiranjbar/Downloads/java/token.usage/investigation/.m2 -Pinvestigation -Dtest=FailureCasesTest -Dexperiment.case=02 -Dexperiment.artifactDir=/Users/hadiranjbar/Downloads/java/token.usage/investigation/raw/v2/02/default/3 -Dexperiment.reportDir=/Users/hadiranjbar/Downloads/java/token.usage/investigation/raw/v2/02/default/3/reports -Dspring.output.ansi.enabled=never surefire:test,investigation/raw/v2/02/default/3/stdout.log,Maven + forked JVM stdout,3b25c209bc87d6ae0df3575f04d88daa9415281145cb7d8dd3b00c61cb046ee5,16987,174,4799,tiktoken 0.14.0 o200k_base
02,p1,1,1,True,True,cannot initialize client,mvn -o -B -ntp -Dmaven.repo.local=/Users/hadiranjbar/Downloads/java/token.usage/investigation/.m2 -Pinvestigation -Dtest=FailureCasesTest -Dexperiment.case=02 -Dexperiment.artifactDir=/Users/hadiranjbar/Downloads/java/token.usage/investigation/raw/v2/02/p1/1 -Dexperiment.reportDir=/Users/hadiranjbar/Downloads/java/token.usage/investigation/raw/v2/02/p1/1/reports -Dspring.output.ansi.enabled=never -Dspring.profiles.active=p1 surefire:test,investigation/raw/v2/02/p1/1/reports/TEST-com.ai.token.experiment.FailureCasesTest.xml,test-runner report,ea9ceacf0ba4494cdda22c1dad88fbaa07fd0418af833e42f071360c31ae2961,40759,212,12525,tiktoken 0.14.0 o200k_base
02,p1,1,1,True,True,cannot initialize client,mvn -o -B -ntp -Dmaven.repo.local=/Users/hadiranjbar/Downloads/java/token.usage/investigation/.m2 -Pinvestigation -Dtest=FailureCasesTest -Dexperiment.case=02 -Dexperiment.artifactDir=/Users/hadiranjbar/Downloads/java/token.usage/investigation/raw/v2/02/p1/1 -Dexperiment.reportDir=/Users/hadiranjbar/Downloads/java/token.usage/investigation/raw/v2/02/p1/1/reports -Dspring.output.ansi.enabled=never -Dspring.profiles.active=p1 surefire:test,investigation/raw/v2/02/p1/1/reports/com.ai.token.experiment.FailureCasesTest.txt,test-runner report,1caa7ce6ede1b3776c7c7d8d934f15f6d42ef9dd2d2bec98dd6b43dbe80e9646,1304,22,303,tiktoken 0.14.0 o200k_base
02,p1,1,1,True,True,cannot initialize client,mvn -o -B -ntp -Dmaven.repo.local=/Users/hadiranjbar/Downloads/java/token.usage/investigation/.m2 -Pinvestigation -Dtest=FailureCasesTest -Dexperiment.case=02 -Dexperiment.artifactDir=/Users/hadiranjbar/Downloads/java/token.usage/investigation/raw/v2/02/p1/1 -Dexperiment.reportDir=/Users/hadiranjbar/Downloads/java/token.usage/investigation/raw/v2/02/p1/1/reports -Dspring.output.ansi.enabled=never -Dspring.profiles.active=p1 surefire:test,investigation/raw/v2/02/p1/1/stderr.log,Maven + forked JVM stderr,e3b0c44298fc1c149afbf4c8996fb92427ae41e4649b934ca495991b7852b855,0,0,0,tiktoken 0.14.0 o200k_base
02,p1,1,1,True,True,cannot initialize client,mvn -o -B -ntp -Dmaven.repo.local=/Users/hadiranjbar/Downloads/java/token.usage/investigation/.m2 -Pinvestigation -Dtest=FailureCasesTest -Dexperiment.case=02 -Dexperiment.artifactDir=/Users/hadiranjbar/Downloads/java/token.usage/investigation/raw/v2/02/p1/1 -Dexperiment.reportDir=/Users/hadiranjbar/Downloads/java/token.usage/investigation/raw/v2/02/p1/1/reports -Dspring.output.ansi.enabled=never -Dspring.profiles.active=p1 surefire:test,investigation/raw/v2/02/p1/1/stdout.log,Maven + forked JVM stdout,72bee4a4e70699500f30fde12d30149ff3fe47dd33e7de20766e80f63573ffa9,16767,174,4732,tiktoken 0.14.0 o200k_base
02,p1,2,1,True,True,cannot initialize client,mvn -o -B -ntp -Dmaven.repo.local=/Users/hadiranjbar/Downloads/java/token.usage/investigation/.m2 -Pinvestigation -Dtest=FailureCasesTest -Dexperiment.case=02 -Dexperiment.artifactDir=/Users/hadiranjbar/Downloads/java/token.usage/investigation/raw/v2/02/p1/2 -Dexperiment.reportDir=/Users/hadiranjbar/Downloads/java/token.usage/investigation/raw/v2/02/p1/2/reports -Dspring.output.ansi.enabled=never -Dspring.profiles.active=p1 surefire:test,investigation/raw/v2/02/p1/2/reports/TEST-com.ai.token.experiment.FailureCasesTest.xml,test-runner report,9dd2f51be64a88f5033018e9f687d582bb78daec4e7666a320a4c4d5be6b3a38,40759,212,12525,tiktoken 0.14.0 o200k_base
02,p1,2,1,True,True,cannot initialize client,mvn -o -B -ntp -Dmaven.repo.local=/Users/hadiranjbar/Downloads/java/token.usage/investigation/.m2 -Pinvestigation -Dtest=FailureCasesTest -Dexperiment.case=02 -Dexperiment.artifactDir=/Users/hadiranjbar/Downloads/java/token.usage/investigation/raw/v2/02/p1/2 -Dexperiment.reportDir=/Users/hadiranjbar/Downloads/java/token.usage/investigation/raw/v2/02/p1/2/reports -Dspring.output.ansi.enabled=never -Dspring.profiles.active=p1 surefire:test,investigation/raw/v2/02/p1/2/reports/com.ai.token.experiment.FailureCasesTest.txt,test-runner report,363a0d0248dcf16a12e0fc8419714430dde87fbba42de80704a3b4bf9829c2f7,1304,22,303,tiktoken 0.14.0 o200k_base
02,p1,2,1,True,True,cannot initialize client,mvn -o -B -ntp -Dmaven.repo.local=/Users/hadiranjbar/Downloads/java/token.usage/investigation/.m2 -Pinvestigation -Dtest=FailureCasesTest -Dexperiment.case=02 -Dexperiment.artifactDir=/Users/hadiranjbar/Downloads/java/token.usage/investigation/raw/v2/02/p1/2 -Dexperiment.reportDir=/Users/hadiranjbar/Downloads/java/token.usage/investigation/raw/v2/02/p1/2/reports -Dspring.output.ansi.enabled=never -Dspring.profiles.active=p1 surefire:test,investigation/raw/v2/02/p1/2/stderr.log,Maven + forked JVM stderr,e3b0c44298fc1c149afbf4c8996fb92427ae41e4649b934ca495991b7852b855,0,0,0,tiktoken 0.14.0 o200k_base
02,p1,2,1,True,True,cannot initialize client,mvn -o -B -ntp -Dmaven.repo.local=/Users/hadiranjbar/Downloads/java/token.usage/investigation/.m2 -Pinvestigation -Dtest=FailureCasesTest -Dexperiment.case=02 -Dexperiment.artifactDir=/Users/hadiranjbar/Downloads/java/token.usage/investigation/raw/v2/02/p1/2 -Dexperiment.reportDir=/Users/hadiranjbar/Downloads/java/token.usage/investigation/raw/v2/02/p1/2/reports -Dspring.output.ansi.enabled=never -Dspring.profiles.active=p1 surefire:test,investigation/raw/v2/02/p1/2/stdout.log,Maven + forked JVM stdout,bd824a76965caee141af62c26ee48f13e06c7468a53ae08cd4f2a88e22980a40,16767,174,4732,tiktoken 0.14.0 o200k_base
02,p1,3,1,True,True,cannot initialize client,mvn -o -B -ntp -Dmaven.repo.local=/Users/hadiranjbar/Downloads/java/token.usage/investigation/.m2 -Pinvestigation -Dtest=FailureCasesTest -Dexperiment.case=02 -Dexperiment.artifactDir=/Users/hadiranjbar/Downloads/java/token.usage/investigation/raw/v2/02/p1/3 -Dexperiment.reportDir=/Users/hadiranjbar/Downloads/java/token.usage/investigation/raw/v2/02/p1/3/reports -Dspring.output.ansi.enabled=never -Dspring.profiles.active=p1 surefire:test,investigation/raw/v2/02/p1/3/reports/TEST-com.ai.token.experiment.FailureCasesTest.xml,test-runner report,d1ec23ade22cf6911b622d99cdd6e95691849f36a8b9bd16e5526a477d177ac2,40754,212,12524,tiktoken 0.14.0 o200k_base
02,p1,3,1,True,True,cannot initialize client,mvn -o -B -ntp -Dmaven.repo.local=/Users/hadiranjbar/Downloads/java/token.usage/investigation/.m2 -Pinvestigation -Dtest=FailureCasesTest -Dexperiment.case=02 -Dexperiment.artifactDir=/Users/hadiranjbar/Downloads/java/token.usage/investigation/raw/v2/02/p1/3 -Dexperiment.reportDir=/Users/hadiranjbar/Downloads/java/token.usage/investigation/raw/v2/02/p1/3/reports -Dspring.output.ansi.enabled=never -Dspring.profiles.active=p1 surefire:test,investigation/raw/v2/02/p1/3/reports/com.ai.token.experiment.FailureCasesTest.txt,test-runner report,a01fb80367f018a94a5a0ea5774fb673c3643fca2cc7814a939173acc73b4a0e,1304,22,303,tiktoken 0.14.0 o200k_base
02,p1,3,1,True,True,cannot initialize client,mvn -o -B -ntp -Dmaven.repo.local=/Users/hadiranjbar/Downloads/java/token.usage/investigation/.m2 -Pinvestigation -Dtest=FailureCasesTest -Dexperiment.case=02 -Dexperiment.artifactDir=/Users/hadiranjbar/Downloads/java/token.usage/investigation/raw/v2/02/p1/3 -Dexperiment.reportDir=/Users/hadiranjbar/Downloads/java/token.usage/investigation/raw/v2/02/p1/3/reports -Dspring.output.ansi.enabled=never -Dspring.profiles.active=p1 surefire:test,investigation/raw/v2/02/p1/3/stderr.log,Maven + forked JVM stderr,e3b0c44298fc1c149afbf4c8996fb92427ae41e4649b934ca495991b7852b855,0,0,0,tiktoken 0.14.0 o200k_base
02,p1,3,1,True,True,cannot initialize client,mvn -o -B -ntp -Dmaven.repo.local=/Users/hadiranjbar/Downloads/java/token.usage/investigation/.m2 -Pinvestigation -Dtest=FailureCasesTest -Dexperiment.case=02 -Dexperiment.artifactDir=/Users/hadiranjbar/Downloads/java/token.usage/investigation/raw/v2/02/p1/3 -Dexperiment.reportDir=/Users/hadiranjbar/Downloads/java/token.usage/investigation/raw/v2/02/p1/3/reports -Dspring.output.ansi.enabled=never -Dspring.profiles.active=p1 surefire:test,investigation/raw/v2/02/p1/3/stdout.log,Maven + forked JVM stdout,0913cfecb6fc47f72d275802742c45b5e61cdc2ee8aff53b6f967216dc115f25,16767,174,4732,tiktoken 0.14.0 o200k_base
02,p2,1,1,True,True,cannot initialize client,mvn -o -B -ntp -Dmaven.repo.local=/Users/hadiranjbar/Downloads/java/token.usage/investigation/.m2 -Pinvestigation -Dtest=FailureCasesTest -Dexperiment.case=02 -Dexperiment.artifactDir=/Users/hadiranjbar/Downloads/java/token.usage/investigation/raw/v2/02/p2/1 -Dexperiment.reportDir=/Users/hadiranjbar/Downloads/java/token.usage/investigation/raw/v2/02/p2/1/reports -Dspring.output.ansi.enabled=never -Dspring.profiles.active=p2 surefire:test,investigation/raw/v2/02/p2/1/reports/TEST-com.ai.token.experiment.FailureCasesTest.xml,test-runner report,5ecd63c937067bdb8c4c3cf6ba54b71d3d017a721fb024f989f851efa6a0658f,29991,137,9492,tiktoken 0.14.0 o200k_base
02,p2,1,1,True,True,cannot initialize client,mvn -o -B -ntp -Dmaven.repo.local=/Users/hadiranjbar/Downloads/java/token.usage/investigation/.m2 -Pinvestigation -Dtest=FailureCasesTest -Dexperiment.case=02 -Dexperiment.artifactDir=/Users/hadiranjbar/Downloads/java/token.usage/investigation/raw/v2/02/p2/1 -Dexperiment.reportDir=/Users/hadiranjbar/Downloads/java/token.usage/investigation/raw/v2/02/p2/1/reports -Dspring.output.ansi.enabled=never -Dspring.profiles.active=p2 surefire:test,investigation/raw/v2/02/p2/1/reports/com.ai.token.experiment.FailureCasesTest.txt,test-runner report,16f284df8c1dfbe5cafad2ce6ee64278c3b9104cf488d02f38719b393ba9698a,1304,22,303,tiktoken 0.14.0 o200k_base
02,p2,1,1,True,True,cannot initialize client,mvn -o -B -ntp -Dmaven.repo.local=/Users/hadiranjbar/Downloads/java/token.usage/investigation/.m2 -Pinvestigation -Dtest=FailureCasesTest -Dexperiment.case=02 -Dexperiment.artifactDir=/Users/hadiranjbar/Downloads/java/token.usage/investigation/raw/v2/02/p2/1 -Dexperiment.reportDir=/Users/hadiranjbar/Downloads/java/token.usage/investigation/raw/v2/02/p2/1/reports -Dspring.output.ansi.enabled=never -Dspring.profiles.active=p2 surefire:test,investigation/raw/v2/02/p2/1/stderr.log,Maven + forked JVM stderr,e3b0c44298fc1c149afbf4c8996fb92427ae41e4649b934ca495991b7852b855,0,0,0,tiktoken 0.14.0 o200k_base
02,p2,1,1,True,True,cannot initialize client,mvn -o -B -ntp -Dmaven.repo.local=/Users/hadiranjbar/Downloads/java/token.usage/investigation/.m2 -Pinvestigation -Dtest=FailureCasesTest -Dexperiment.case=02 -Dexperiment.artifactDir=/Users/hadiranjbar/Downloads/java/token.usage/investigation/raw/v2/02/p2/1 -Dexperiment.reportDir=/Users/hadiranjbar/Downloads/java/token.usage/investigation/raw/v2/02/p2/1/reports -Dspring.output.ansi.enabled=never -Dspring.profiles.active=p2 surefire:test,investigation/raw/v2/02/p2/1/stdout.log,Maven + forked JVM stdout,b9804ec27fc383d89761c93f20e7095ee366506f8505bb336cdd2e68ec8a2087,5880,99,1654,tiktoken 0.14.0 o200k_base
02,p2,2,1,True,True,cannot initialize client,mvn -o -B -ntp -Dmaven.repo.local=/Users/hadiranjbar/Downloads/java/token.usage/investigation/.m2 -Pinvestigation -Dtest=FailureCasesTest -Dexperiment.case=02 -Dexperiment.artifactDir=/Users/hadiranjbar/Downloads/java/token.usage/investigation/raw/v2/02/p2/2 -Dexperiment.reportDir=/Users/hadiranjbar/Downloads/java/token.usage/investigation/raw/v2/02/p2/2/reports -Dspring.output.ansi.enabled=never -Dspring.profiles.active=p2 surefire:test,investigation/raw/v2/02/p2/2/reports/TEST-com.ai.token.experiment.FailureCasesTest.xml,test-runner report,243ae58dad658bdb5996069dd4e1ac36ac511a6f62fa9a5b4035ef136a8fc71a,29991,137,9492,tiktoken 0.14.0 o200k_base
02,p2,2,1,True,True,cannot initialize client,mvn -o -B -ntp -Dmaven.repo.local=/Users/hadiranjbar/Downloads/java/token.usage/investigation/.m2 -Pinvestigation -Dtest=FailureCasesTest -Dexperiment.case=02 -Dexperiment.artifactDir=/Users/hadiranjbar/Downloads/java/token.usage/investigation/raw/v2/02/p2/2 -Dexperiment.reportDir=/Users/hadiranjbar/Downloads/java/token.usage/investigation/raw/v2/02/p2/2/reports -Dspring.output.ansi.enabled=never -Dspring.profiles.active=p2 surefire:test,investigation/raw/v2/02/p2/2/reports/com.ai.token.experiment.FailureCasesTest.txt,test-runner report,1107bcd778e6467c5fa098e925099b4e1641982827a796f84c064a3d71681dd3,1304,22,303,tiktoken 0.14.0 o200k_base
02,p2,2,1,True,True,cannot initialize client,mvn -o -B -ntp -Dmaven.repo.local=/Users/hadiranjbar/Downloads/java/token.usage/investigation/.m2 -Pinvestigation -Dtest=FailureCasesTest -Dexperiment.case=02 -Dexperiment.artifactDir=/Users/hadiranjbar/Downloads/java/token.usage/investigation/raw/v2/02/p2/2 -Dexperiment.reportDir=/Users/hadiranjbar/Downloads/java/token.usage/investigation/raw/v2/02/p2/2/reports -Dspring.output.ansi.enabled=never -Dspring.profiles.active=p2 surefire:test,investigation/raw/v2/02/p2/2/stderr.log,Maven + forked JVM stderr,e3b0c44298fc1c149afbf4c8996fb92427ae41e4649b934ca495991b7852b855,0,0,0,tiktoken 0.14.0 o200k_base
02,p2,2,1,True,True,cannot initialize client,mvn -o -B -ntp -Dmaven.repo.local=/Users/hadiranjbar/Downloads/java/token.usage/investigation/.m2 -Pinvestigation -Dtest=FailureCasesTest -Dexperiment.case=02 -Dexperiment.artifactDir=/Users/hadiranjbar/Downloads/java/token.usage/investigation/raw/v2/02/p2/2 -Dexperiment.reportDir=/Users/hadiranjbar/Downloads/java/token.usage/investigation/raw/v2/02/p2/2/reports -Dspring.output.ansi.enabled=never -Dspring.profiles.active=p2 surefire:test,investigation/raw/v2/02/p2/2/stdout.log,Maven + forked JVM stdout,9469314d488674ac05b8451c67e62fa02bf0fe861cdde6093792d44fa24b65d3,5880,99,1654,tiktoken 0.14.0 o200k_base
02,p2,3,1,True,True,cannot initialize client,mvn -o -B -ntp -Dmaven.repo.local=/Users/hadiranjbar/Downloads/java/token.usage/investigation/.m2 -Pinvestigation -Dtest=FailureCasesTest -Dexperiment.case=02 -Dexperiment.artifactDir=/Users/hadiranjbar/Downloads/java/token.usage/investigation/raw/v2/02/p2/3 -Dexperiment.reportDir=/Users/hadiranjbar/Downloads/java/token.usage/investigation/raw/v2/02/p2/3/reports -Dspring.output.ansi.enabled=never -Dspring.profiles.active=p2 surefire:test,investigation/raw/v2/02/p2/3/reports/TEST-com.ai.token.experiment.FailureCasesTest.xml,test-runner report,b496376765239c794e6c5f6bb1d918ed1565124852e314b4dcafe130e7b7a15b,29990,137,9492,tiktoken 0.14.0 o200k_base
02,p2,3,1,True,True,cannot initialize client,mvn -o -B -ntp -Dmaven.repo.local=/Users/hadiranjbar/Downloads/java/token.usage/investigation/.m2 -Pinvestigation -Dtest=FailureCasesTest -Dexperiment.case=02 -Dexperiment.artifactDir=/Users/hadiranjbar/Downloads/java/token.usage/investigation/raw/v2/02/p2/3 -Dexperiment.reportDir=/Users/hadiranjbar/Downloads/java/token.usage/investigation/raw/v2/02/p2/3/reports -Dspring.output.ansi.enabled=never -Dspring.profiles.active=p2 surefire:test,investigation/raw/v2/02/p2/3/reports/com.ai.token.experiment.FailureCasesTest.txt,test-runner report,bb622206c8fafc7d6f23fe5b48d89f9de8c447241419cbb9944efae574fef802,1304,22,303,tiktoken 0.14.0 o200k_base
02,p2,3,1,True,True,cannot initialize client,mvn -o -B -ntp -Dmaven.repo.local=/Users/hadiranjbar/Downloads/java/token.usage/investigation/.m2 -Pinvestigation -Dtest=FailureCasesTest -Dexperiment.case=02 -Dexperiment.artifactDir=/Users/hadiranjbar/Downloads/java/token.usage/investigation/raw/v2/02/p2/3 -Dexperiment.reportDir=/Users/hadiranjbar/Downloads/java/token.usage/investigation/raw/v2/02/p2/3/reports -Dspring.output.ansi.enabled=never -Dspring.profiles.active=p2 surefire:test,investigation/raw/v2/02/p2/3/stderr.log,Maven + forked JVM stderr,e3b0c44298fc1c149afbf4c8996fb92427ae41e4649b934ca495991b7852b855,0,0,0,tiktoken 0.14.0 o200k_base
02,p2,3,1,True,True,cannot initialize client,mvn -o -B -ntp -Dmaven.repo.local=/Users/hadiranjbar/Downloads/java/token.usage/investigation/.m2 -Pinvestigation -Dtest=FailureCasesTest -Dexperiment.case=02 -Dexperiment.artifactDir=/Users/hadiranjbar/Downloads/java/token.usage/investigation/raw/v2/02/p2/3 -Dexperiment.reportDir=/Users/hadiranjbar/Downloads/java/token.usage/investigation/raw/v2/02/p2/3/reports -Dspring.output.ansi.enabled=never -Dspring.profiles.active=p2 surefire:test,investigation/raw/v2/02/p2/3/stdout.log,Maven + forked JVM stdout,0822c95c485c72f4f9fc634054dadd17042cf9b99949d1f5d5e6e70bab8a0c30,5879,99,1654,tiktoken 0.14.0 o200k_base
02,p4,1,1,True,True,cannot initialize client,"mvn -o -B -ntp -Dmaven.repo.local=/Users/hadiranjbar/Downloads/java/token.usage/investigation/.m2 -Pinvestigation,agent-reports -Dtest=FailureCasesTest -Dexperiment.case=02 -Dexperiment.artifactDir=/Users/hadiranjbar/Downloads/java/token.usage/investigation/raw/v2/02/p4/1 -Dexperiment.reportDir=/Users/hadiranjbar/Downloads/java/token.usage/investigation/raw/v2/02/p4/1/reports -Dspring.output.ansi.enabled=never surefire:test",investigation/raw/v2/02/p4/1/reports/TEST-com.ai.token.experiment.FailureCasesTest.xml,test-runner report,17f2de6c5d441de28a9dd14cd0a771bb5f03f0890b41db005441b75bf7bb05ac,40353,200,12423,tiktoken 0.14.0 o200k_base
02,p4,1,1,True,True,cannot initialize client,"mvn -o -B -ntp -Dmaven.repo.local=/Users/hadiranjbar/Downloads/java/token.usage/investigation/.m2 -Pinvestigation,agent-reports -Dtest=FailureCasesTest -Dexperiment.case=02 -Dexperiment.artifactDir=/Users/hadiranjbar/Downloads/java/token.usage/investigation/raw/v2/02/p4/1 -Dexperiment.reportDir=/Users/hadiranjbar/Downloads/java/token.usage/investigation/raw/v2/02/p4/1/reports -Dspring.output.ansi.enabled=never surefire:test",investigation/raw/v2/02/p4/1/reports/com.ai.token.experiment.FailureCasesTest.txt,test-runner report,5d8f26366ca179d6360a612e9c3884e13d77a31c592fe63cdfe71cd742762ca9,853,12,186,tiktoken 0.14.0 o200k_base
02,p4,1,1,True,True,cannot initialize client,"mvn -o -B -ntp -Dmaven.repo.local=/Users/hadiranjbar/Downloads/java/token.usage/investigation/.m2 -Pinvestigation,agent-reports -Dtest=FailureCasesTest -Dexperiment.case=02 -Dexperiment.artifactDir=/Users/hadiranjbar/Downloads/java/token.usage/investigation/raw/v2/02/p4/1 -Dexperiment.reportDir=/Users/hadiranjbar/Downloads/java/token.usage/investigation/raw/v2/02/p4/1/reports -Dspring.output.ansi.enabled=never surefire:test",investigation/raw/v2/02/p4/1/stderr.log,Maven + forked JVM stderr,e3b0c44298fc1c149afbf4c8996fb92427ae41e4649b934ca495991b7852b855,0,0,0,tiktoken 0.14.0 o200k_base
02,p4,1,1,True,True,cannot initialize client,"mvn -o -B -ntp -Dmaven.repo.local=/Users/hadiranjbar/Downloads/java/token.usage/investigation/.m2 -Pinvestigation,agent-reports -Dtest=FailureCasesTest -Dexperiment.case=02 -Dexperiment.artifactDir=/Users/hadiranjbar/Downloads/java/token.usage/investigation/raw/v2/02/p4/1 -Dexperiment.reportDir=/Users/hadiranjbar/Downloads/java/token.usage/investigation/raw/v2/02/p4/1/reports -Dspring.output.ansi.enabled=never surefire:test",investigation/raw/v2/02/p4/1/stdout.log,Maven + forked JVM stdout,e5d392b1b0447f3c933df5ba865ed58e054673315a0fc201d5a9d06750d2cbf0,16531,164,4683,tiktoken 0.14.0 o200k_base
02,p4,2,1,True,True,cannot initialize client,"mvn -o -B -ntp -Dmaven.repo.local=/Users/hadiranjbar/Downloads/java/token.usage/investigation/.m2 -Pinvestigation,agent-reports -Dtest=FailureCasesTest -Dexperiment.case=02 -Dexperiment.artifactDir=/Users/hadiranjbar/Downloads/java/token.usage/investigation/raw/v2/02/p4/2 -Dexperiment.reportDir=/Users/hadiranjbar/Downloads/java/token.usage/investigation/raw/v2/02/p4/2/reports -Dspring.output.ansi.enabled=never surefire:test",investigation/raw/v2/02/p4/2/reports/TEST-com.ai.token.experiment.FailureCasesTest.xml,test-runner report,f4c318a559397c6456f44d9a0d098456c0ddc7df621db89ff7002961eb4d6ad0,40352,200,12423,tiktoken 0.14.0 o200k_base
02,p4,2,1,True,True,cannot initialize client,"mvn -o -B -ntp -Dmaven.repo.local=/Users/hadiranjbar/Downloads/java/token.usage/investigation/.m2 -Pinvestigation,agent-reports -Dtest=FailureCasesTest -Dexperiment.case=02 -Dexperiment.artifactDir=/Users/hadiranjbar/Downloads/java/token.usage/investigation/raw/v2/02/p4/2 -Dexperiment.reportDir=/Users/hadiranjbar/Downloads/java/token.usage/investigation/raw/v2/02/p4/2/reports -Dspring.output.ansi.enabled=never surefire:test",investigation/raw/v2/02/p4/2/reports/com.ai.token.experiment.FailureCasesTest.txt,test-runner report,c85ce07c7a077e130aa6e434f566eb982af1a6763c9499c1640d05189a10f374,853,12,186,tiktoken 0.14.0 o200k_base
02,p4,2,1,True,True,cannot initialize client,"mvn -o -B -ntp -Dmaven.repo.local=/Users/hadiranjbar/Downloads/java/token.usage/investigation/.m2 -Pinvestigation,agent-reports -Dtest=FailureCasesTest -Dexperiment.case=02 -Dexperiment.artifactDir=/Users/hadiranjbar/Downloads/java/token.usage/investigation/raw/v2/02/p4/2 -Dexperiment.reportDir=/Users/hadiranjbar/Downloads/java/token.usage/investigation/raw/v2/02/p4/2/reports -Dspring.output.ansi.enabled=never surefire:test",investigation/raw/v2/02/p4/2/stderr.log,Maven + forked JVM stderr,e3b0c44298fc1c149afbf4c8996fb92427ae41e4649b934ca495991b7852b855,0,0,0,tiktoken 0.14.0 o200k_base
02,p4,2,1,True,True,cannot initialize client,"mvn -o -B -ntp -Dmaven.repo.local=/Users/hadiranjbar/Downloads/java/token.usage/investigation/.m2 -Pinvestigation,agent-reports -Dtest=FailureCasesTest -Dexperiment.case=02 -Dexperiment.artifactDir=/Users/hadiranjbar/Downloads/java/token.usage/investigation/raw/v2/02/p4/2 -Dexperiment.reportDir=/Users/hadiranjbar/Downloads/java/token.usage/investigation/raw/v2/02/p4/2/reports -Dspring.output.ansi.enabled=never surefire:test",investigation/raw/v2/02/p4/2/stdout.log,Maven + forked JVM stdout,40f50527d2180d82fa1e252ef2c34208c8df7f89561e6f23bc7604e75eda1223,16530,164,4683,tiktoken 0.14.0 o200k_base
02,p4,3,1,True,True,cannot initialize client,"mvn -o -B -ntp -Dmaven.repo.local=/Users/hadiranjbar/Downloads/java/token.usage/investigation/.m2 -Pinvestigation,agent-reports -Dtest=FailureCasesTest -Dexperiment.case=02 -Dexperiment.artifactDir=/Users/hadiranjbar/Downloads/java/token.usage/investigation/raw/v2/02/p4/3 -Dexperiment.reportDir=/Users/hadiranjbar/Downloads/java/token.usage/investigation/raw/v2/02/p4/3/reports -Dspring.output.ansi.enabled=never surefire:test",investigation/raw/v2/02/p4/3/reports/TEST-com.ai.token.experiment.FailureCasesTest.xml,test-runner report,abb39f80f76ea12a8f0847fa296335232286f14433ac6a3cd7763e6fa63f950d,40357,200,12424,tiktoken 0.14.0 o200k_base
02,p4,3,1,True,True,cannot initialize client,"mvn -o -B -ntp -Dmaven.repo.local=/Users/hadiranjbar/Downloads/java/token.usage/investigation/.m2 -Pinvestigation,agent-reports -Dtest=FailureCasesTest -Dexperiment.case=02 -Dexperiment.artifactDir=/Users/hadiranjbar/Downloads/java/token.usage/investigation/raw/v2/02/p4/3 -Dexperiment.reportDir=/Users/hadiranjbar/Downloads/java/token.usage/investigation/raw/v2/02/p4/3/reports -Dspring.output.ansi.enabled=never surefire:test",investigation/raw/v2/02/p4/3/reports/com.ai.token.experiment.FailureCasesTest.txt,test-runner report,82a84ed1455cbbf82fce44a830db7a2e5498167b90373cc704ea2a795aec7c93,853,12,186,tiktoken 0.14.0 o200k_base
02,p4,3,1,True,True,cannot initialize client,"mvn -o -B -ntp -Dmaven.repo.local=/Users/hadiranjbar/Downloads/java/token.usage/investigation/.m2 -Pinvestigation,agent-reports -Dtest=FailureCasesTest -Dexperiment.case=02 -Dexperiment.artifactDir=/Users/hadiranjbar/Downloads/java/token.usage/investigation/raw/v2/02/p4/3 -Dexperiment.reportDir=/Users/hadiranjbar/Downloads/java/token.usage/investigation/raw/v2/02/p4/3/reports -Dspring.output.ansi.enabled=never surefire:test",investigation/raw/v2/02/p4/3/stderr.log,Maven + forked JVM stderr,e3b0c44298fc1c149afbf4c8996fb92427ae41e4649b934ca495991b7852b855,0,0,0,tiktoken 0.14.0 o200k_base
02,p4,3,1,True,True,cannot initialize client,"mvn -o -B -ntp -Dmaven.repo.local=/Users/hadiranjbar/Downloads/java/token.usage/investigation/.m2 -Pinvestigation,agent-reports -Dtest=FailureCasesTest -Dexperiment.case=02 -Dexperiment.artifactDir=/Users/hadiranjbar/Downloads/java/token.usage/investigation/raw/v2/02/p4/3 -Dexperiment.reportDir=/Users/hadiranjbar/Downloads/java/token.usage/investigation/raw/v2/02/p4/3/reports -Dspring.output.ansi.enabled=never surefire:test",investigation/raw/v2/02/p4/3/stdout.log,Maven + forked JVM stdout,834fd8c2ba137946372c9e2ce92a8bb86ffb44d30ce87bb284d22e98133142b9,16531,164,4683,tiktoken 0.14.0 o200k_base
03,agent,1,1,True,True,expected: <200> but was: <400>,"mvn -o -B -ntp -Dmaven.repo.local=/Users/hadiranjbar/Downloads/java/token.usage/investigation/.m2 -Pinvestigation,agent-reports -Dtest=FailureCasesTest -Dexperiment.case=03 -Dexperiment.artifactDir=/Users/hadiranjbar/Downloads/java/token.usage/investigation/raw/v2/03/agent/1 -Dexperiment.reportDir=/Users/hadiranjbar/Downloads/java/token.usage/investigation/raw/v2/03/agent/1/reports -Dspring.output.ansi.enabled=never -Dspring.profiles.active=agent -Dexperiment.deduplicate=true surefire:test",investigation/raw/v2/03/agent/1/reports/TEST-com.ai.token.experiment.FailureCasesTest.xml,test-runner report,b2590bd942776ca7467c9c38850d0f4cdc362b523b0e3ecc98bd2dd6728e43b7,33856,149,10549,tiktoken 0.14.0 o200k_base
03,agent,1,1,True,True,expected: <200> but was: <400>,"mvn -o -B -ntp -Dmaven.repo.local=/Users/hadiranjbar/Downloads/java/token.usage/investigation/.m2 -Pinvestigation,agent-reports -Dtest=FailureCasesTest -Dexperiment.case=03 -Dexperiment.artifactDir=/Users/hadiranjbar/Downloads/java/token.usage/investigation/raw/v2/03/agent/1 -Dexperiment.reportDir=/Users/hadiranjbar/Downloads/java/token.usage/investigation/raw/v2/03/agent/1/reports -Dspring.output.ansi.enabled=never -Dspring.profiles.active=agent -Dexperiment.deduplicate=true surefire:test",investigation/raw/v2/03/agent/1/reports/com.ai.token.experiment.FailureCasesTest.txt,test-runner report,d539633fbde55702b8e966b635ed606babac1473bb52a3e2ff87115d91f37700,607,8,132,tiktoken 0.14.0 o200k_base
03,agent,1,1,True,True,expected: <200> but was: <400>,"mvn -o -B -ntp -Dmaven.repo.local=/Users/hadiranjbar/Downloads/java/token.usage/investigation/.m2 -Pinvestigation,agent-reports -Dtest=FailureCasesTest -Dexperiment.case=03 -Dexperiment.artifactDir=/Users/hadiranjbar/Downloads/java/token.usage/investigation/raw/v2/03/agent/1 -Dexperiment.reportDir=/Users/hadiranjbar/Downloads/java/token.usage/investigation/raw/v2/03/agent/1/reports -Dspring.output.ansi.enabled=never -Dspring.profiles.active=agent -Dexperiment.deduplicate=true surefire:test",investigation/raw/v2/03/agent/1/stderr.log,Maven + forked JVM stderr,e3b0c44298fc1c149afbf4c8996fb92427ae41e4649b934ca495991b7852b855,0,0,0,tiktoken 0.14.0 o200k_base
03,agent,1,1,True,True,expected: <200> but was: <400>,"mvn -o -B -ntp -Dmaven.repo.local=/Users/hadiranjbar/Downloads/java/token.usage/investigation/.m2 -Pinvestigation,agent-reports -Dtest=FailureCasesTest -Dexperiment.case=03 -Dexperiment.artifactDir=/Users/hadiranjbar/Downloads/java/token.usage/investigation/raw/v2/03/agent/1 -Dexperiment.reportDir=/Users/hadiranjbar/Downloads/java/token.usage/investigation/raw/v2/03/agent/1/reports -Dspring.output.ansi.enabled=never -Dspring.profiles.active=agent -Dexperiment.deduplicate=true surefire:test",investigation/raw/v2/03/agent/1/stdout.log,Maven + forked JVM stdout,6d9330a99c13ac7b2c93443d6b9ea0c6c9cb7a061d9ff4c8c0f58bb3eaaa5444,9400,109,2586,tiktoken 0.14.0 o200k_base
03,agent,2,1,True,True,expected: <200> but was: <400>,"mvn -o -B -ntp -Dmaven.repo.local=/Users/hadiranjbar/Downloads/java/token.usage/investigation/.m2 -Pinvestigation,agent-reports -Dtest=FailureCasesTest -Dexperiment.case=03 -Dexperiment.artifactDir=/Users/hadiranjbar/Downloads/java/token.usage/investigation/raw/v2/03/agent/2 -Dexperiment.reportDir=/Users/hadiranjbar/Downloads/java/token.usage/investigation/raw/v2/03/agent/2/reports -Dspring.output.ansi.enabled=never -Dspring.profiles.active=agent -Dexperiment.deduplicate=true surefire:test",investigation/raw/v2/03/agent/2/reports/TEST-com.ai.token.experiment.FailureCasesTest.xml,test-runner report,a305adc67936ea718988e7e24f17a660b08cd8ab2b7713ba36de16c2f5ed1af0,33860,149,10550,tiktoken 0.14.0 o200k_base
03,agent,2,1,True,True,expected: <200> but was: <400>,"mvn -o -B -ntp -Dmaven.repo.local=/Users/hadiranjbar/Downloads/java/token.usage/investigation/.m2 -Pinvestigation,agent-reports -Dtest=FailureCasesTest -Dexperiment.case=03 -Dexperiment.artifactDir=/Users/hadiranjbar/Downloads/java/token.usage/investigation/raw/v2/03/agent/2 -Dexperiment.reportDir=/Users/hadiranjbar/Downloads/java/token.usage/investigation/raw/v2/03/agent/2/reports -Dspring.output.ansi.enabled=never -Dspring.profiles.active=agent -Dexperiment.deduplicate=true surefire:test",investigation/raw/v2/03/agent/2/reports/com.ai.token.experiment.FailureCasesTest.txt,test-runner report,ecb646025073b09c5bc9bcd493496c601ed4bc87bf6a93dd3d56960f083e7e25,607,8,132,tiktoken 0.14.0 o200k_base
03,agent,2,1,True,True,expected: <200> but was: <400>,"mvn -o -B -ntp -Dmaven.repo.local=/Users/hadiranjbar/Downloads/java/token.usage/investigation/.m2 -Pinvestigation,agent-reports -Dtest=FailureCasesTest -Dexperiment.case=03 -Dexperiment.artifactDir=/Users/hadiranjbar/Downloads/java/token.usage/investigation/raw/v2/03/agent/2 -Dexperiment.reportDir=/Users/hadiranjbar/Downloads/java/token.usage/investigation/raw/v2/03/agent/2/reports -Dspring.output.ansi.enabled=never -Dspring.profiles.active=agent -Dexperiment.deduplicate=true surefire:test",investigation/raw/v2/03/agent/2/stderr.log,Maven + forked JVM stderr,e3b0c44298fc1c149afbf4c8996fb92427ae41e4649b934ca495991b7852b855,0,0,0,tiktoken 0.14.0 o200k_base
03,agent,2,1,True,True,expected: <200> but was: <400>,"mvn -o -B -ntp -Dmaven.repo.local=/Users/hadiranjbar/Downloads/java/token.usage/investigation/.m2 -Pinvestigation,agent-reports -Dtest=FailureCasesTest -Dexperiment.case=03 -Dexperiment.artifactDir=/Users/hadiranjbar/Downloads/java/token.usage/investigation/raw/v2/03/agent/2 -Dexperiment.reportDir=/Users/hadiranjbar/Downloads/java/token.usage/investigation/raw/v2/03/agent/2/reports -Dspring.output.ansi.enabled=never -Dspring.profiles.active=agent -Dexperiment.deduplicate=true surefire:test",investigation/raw/v2/03/agent/2/stdout.log,Maven + forked JVM stdout,c4345a0dcc884db06a0cc4093c931451ecfeebb208e202bf0f7ff14b9667a21c,9400,109,2586,tiktoken 0.14.0 o200k_base
03,agent,3,1,True,True,expected: <200> but was: <400>,"mvn -o -B -ntp -Dmaven.repo.local=/Users/hadiranjbar/Downloads/java/token.usage/investigation/.m2 -Pinvestigation,agent-reports -Dtest=FailureCasesTest -Dexperiment.case=03 -Dexperiment.artifactDir=/Users/hadiranjbar/Downloads/java/token.usage/investigation/raw/v2/03/agent/3 -Dexperiment.reportDir=/Users/hadiranjbar/Downloads/java/token.usage/investigation/raw/v2/03/agent/3/reports -Dspring.output.ansi.enabled=never -Dspring.profiles.active=agent -Dexperiment.deduplicate=true surefire:test",investigation/raw/v2/03/agent/3/reports/TEST-com.ai.token.experiment.FailureCasesTest.xml,test-runner report,9ed363274a571b8b83b47340c08dd22046e79e31079135756fbb1fe989a15ce8,33855,149,10549,tiktoken 0.14.0 o200k_base
03,agent,3,1,True,True,expected: <200> but was: <400>,"mvn -o -B -ntp -Dmaven.repo.local=/Users/hadiranjbar/Downloads/java/token.usage/investigation/.m2 -Pinvestigation,agent-reports -Dtest=FailureCasesTest -Dexperiment.case=03 -Dexperiment.artifactDir=/Users/hadiranjbar/Downloads/java/token.usage/investigation/raw/v2/03/agent/3 -Dexperiment.reportDir=/Users/hadiranjbar/Downloads/java/token.usage/investigation/raw/v2/03/agent/3/reports -Dspring.output.ansi.enabled=never -Dspring.profiles.active=agent -Dexperiment.deduplicate=true surefire:test",investigation/raw/v2/03/agent/3/reports/com.ai.token.experiment.FailureCasesTest.txt,test-runner report,69c06070e9672ef92fa9c2a5ee580934a6bc4e78db2c7426a4774aec84d74f0f,607,8,132,tiktoken 0.14.0 o200k_base
03,agent,3,1,True,True,expected: <200> but was: <400>,"mvn -o -B -ntp -Dmaven.repo.local=/Users/hadiranjbar/Downloads/java/token.usage/investigation/.m2 -Pinvestigation,agent-reports -Dtest=FailureCasesTest -Dexperiment.case=03 -Dexperiment.artifactDir=/Users/hadiranjbar/Downloads/java/token.usage/investigation/raw/v2/03/agent/3 -Dexperiment.reportDir=/Users/hadiranjbar/Downloads/java/token.usage/investigation/raw/v2/03/agent/3/reports -Dspring.output.ansi.enabled=never -Dspring.profiles.active=agent -Dexperiment.deduplicate=true surefire:test",investigation/raw/v2/03/agent/3/stderr.log,Maven + forked JVM stderr,e3b0c44298fc1c149afbf4c8996fb92427ae41e4649b934ca495991b7852b855,0,0,0,tiktoken 0.14.0 o200k_base
03,agent,3,1,True,True,expected: <200> but was: <400>,"mvn -o -B -ntp -Dmaven.repo.local=/Users/hadiranjbar/Downloads/java/token.usage/investigation/.m2 -Pinvestigation,agent-reports -Dtest=FailureCasesTest -Dexperiment.case=03 -Dexperiment.artifactDir=/Users/hadiranjbar/Downloads/java/token.usage/investigation/raw/v2/03/agent/3 -Dexperiment.reportDir=/Users/hadiranjbar/Downloads/java/token.usage/investigation/raw/v2/03/agent/3/reports -Dspring.output.ansi.enabled=never -Dspring.profiles.active=agent -Dexperiment.deduplicate=true surefire:test",investigation/raw/v2/03/agent/3/stdout.log,Maven + forked JVM stdout,b509ffb527f3f30b5c1e07d2e5ba95866cfe42209781d3435fc1074445698192,9400,109,2586,tiktoken 0.14.0 o200k_base
03,default,1,1,True,True,expected: <200> but was: <400>,mvn -o -B -ntp -Dmaven.repo.local=/Users/hadiranjbar/Downloads/java/token.usage/investigation/.m2 -Pinvestigation -Dtest=FailureCasesTest -Dexperiment.case=03 -Dexperiment.artifactDir=/Users/hadiranjbar/Downloads/java/token.usage/investigation/raw/v2/03/default/1 -Dexperiment.reportDir=/Users/hadiranjbar/Downloads/java/token.usage/investigation/raw/v2/03/default/1/reports -Dspring.output.ansi.enabled=never surefire:test,investigation/raw/v2/03/default/1/reports/TEST-com.ai.token.experiment.FailureCasesTest.xml,test-runner report,c1f0a930213a5ad1aa59ec6360a37f56e14fadc22b6f270e0c7131a14d5bc17f,45035,225,13670,tiktoken 0.14.0 o200k_base
03,default,1,1,True,True,expected: <200> but was: <400>,mvn -o -B -ntp -Dmaven.repo.local=/Users/hadiranjbar/Downloads/java/token.usage/investigation/.m2 -Pinvestigation -Dtest=FailureCasesTest -Dexperiment.case=03 -Dexperiment.artifactDir=/Users/hadiranjbar/Downloads/java/token.usage/investigation/raw/v2/03/default/1 -Dexperiment.reportDir=/Users/hadiranjbar/Downloads/java/token.usage/investigation/raw/v2/03/default/1/reports -Dspring.output.ansi.enabled=never surefire:test,investigation/raw/v2/03/default/1/reports/com.ai.token.experiment.FailureCasesTest.txt,test-runner report,2ebc2759da73f9fdf6d9b76285210040566206e7b44b6e38483e1072b3ad0941,1016,13,217,tiktoken 0.14.0 o200k_base
03,default,1,1,True,True,expected: <200> but was: <400>,mvn -o -B -ntp -Dmaven.repo.local=/Users/hadiranjbar/Downloads/java/token.usage/investigation/.m2 -Pinvestigation -Dtest=FailureCasesTest -Dexperiment.case=03 -Dexperiment.artifactDir=/Users/hadiranjbar/Downloads/java/token.usage/investigation/raw/v2/03/default/1 -Dexperiment.reportDir=/Users/hadiranjbar/Downloads/java/token.usage/investigation/raw/v2/03/default/1/reports -Dspring.output.ansi.enabled=never surefire:test,investigation/raw/v2/03/default/1/stderr.log,Maven + forked JVM stderr,e3b0c44298fc1c149afbf4c8996fb92427ae41e4649b934ca495991b7852b855,0,0,0,tiktoken 0.14.0 o200k_base
03,default,1,1,True,True,expected: <200> but was: <400>,mvn -o -B -ntp -Dmaven.repo.local=/Users/hadiranjbar/Downloads/java/token.usage/investigation/.m2 -Pinvestigation -Dtest=FailureCasesTest -Dexperiment.case=03 -Dexperiment.artifactDir=/Users/hadiranjbar/Downloads/java/token.usage/investigation/raw/v2/03/default/1 -Dexperiment.reportDir=/Users/hadiranjbar/Downloads/java/token.usage/investigation/raw/v2/03/default/1/reports -Dspring.output.ansi.enabled=never surefire:test,investigation/raw/v2/03/default/1/stdout.log,Maven + forked JVM stdout,9ba9ea1d398eadc97dad24cee3cae1125d18680259955796c4fc5440de32e1fb,21197,189,5920,tiktoken 0.14.0 o200k_base
03,default,2,1,True,True,expected: <200> but was: <400>,mvn -o -B -ntp -Dmaven.repo.local=/Users/hadiranjbar/Downloads/java/token.usage/investigation/.m2 -Pinvestigation -Dtest=FailureCasesTest -Dexperiment.case=03 -Dexperiment.artifactDir=/Users/hadiranjbar/Downloads/java/token.usage/investigation/raw/v2/03/default/2 -Dexperiment.reportDir=/Users/hadiranjbar/Downloads/java/token.usage/investigation/raw/v2/03/default/2/reports -Dspring.output.ansi.enabled=never surefire:test,investigation/raw/v2/03/default/2/reports/TEST-com.ai.token.experiment.FailureCasesTest.xml,test-runner report,56541b06cd6c073c90205a85c1facc5267a9351d7bfb9149c5ba502272f7e68f,45035,225,13670,tiktoken 0.14.0 o200k_base
03,default,2,1,True,True,expected: <200> but was: <400>,mvn -o -B -ntp -Dmaven.repo.local=/Users/hadiranjbar/Downloads/java/token.usage/investigation/.m2 -Pinvestigation -Dtest=FailureCasesTest -Dexperiment.case=03 -Dexperiment.artifactDir=/Users/hadiranjbar/Downloads/java/token.usage/investigation/raw/v2/03/default/2 -Dexperiment.reportDir=/Users/hadiranjbar/Downloads/java/token.usage/investigation/raw/v2/03/default/2/reports -Dspring.output.ansi.enabled=never surefire:test,investigation/raw/v2/03/default/2/reports/com.ai.token.experiment.FailureCasesTest.txt,test-runner report,0d8ed809b83e72150febc88d845a526525a2a113a615efb0e4b42c279fe1333f,1016,13,217,tiktoken 0.14.0 o200k_base
03,default,2,1,True,True,expected: <200> but was: <400>,mvn -o -B -ntp -Dmaven.repo.local=/Users/hadiranjbar/Downloads/java/token.usage/investigation/.m2 -Pinvestigation -Dtest=FailureCasesTest -Dexperiment.case=03 -Dexperiment.artifactDir=/Users/hadiranjbar/Downloads/java/token.usage/investigation/raw/v2/03/default/2 -Dexperiment.reportDir=/Users/hadiranjbar/Downloads/java/token.usage/investigation/raw/v2/03/default/2/reports -Dspring.output.ansi.enabled=never surefire:test,investigation/raw/v2/03/default/2/stderr.log,Maven + forked JVM stderr,e3b0c44298fc1c149afbf4c8996fb92427ae41e4649b934ca495991b7852b855,0,0,0,tiktoken 0.14.0 o200k_base
03,default,2,1,True,True,expected: <200> but was: <400>,mvn -o -B -ntp -Dmaven.repo.local=/Users/hadiranjbar/Downloads/java/token.usage/investigation/.m2 -Pinvestigation -Dtest=FailureCasesTest -Dexperiment.case=03 -Dexperiment.artifactDir=/Users/hadiranjbar/Downloads/java/token.usage/investigation/raw/v2/03/default/2 -Dexperiment.reportDir=/Users/hadiranjbar/Downloads/java/token.usage/investigation/raw/v2/03/default/2/reports -Dspring.output.ansi.enabled=never surefire:test,investigation/raw/v2/03/default/2/stdout.log,Maven + forked JVM stdout,c3d9e556dfb24c22131cfe506dcff32dcf1dfd580da68016b4b8bea9c5f15385,21197,189,5920,tiktoken 0.14.0 o200k_base
03,default,3,1,True,True,expected: <200> but was: <400>,mvn -o -B -ntp -Dmaven.repo.local=/Users/hadiranjbar/Downloads/java/token.usage/investigation/.m2 -Pinvestigation -Dtest=FailureCasesTest -Dexperiment.case=03 -Dexperiment.artifactDir=/Users/hadiranjbar/Downloads/java/token.usage/investigation/raw/v2/03/default/3 -Dexperiment.reportDir=/Users/hadiranjbar/Downloads/java/token.usage/investigation/raw/v2/03/default/3/reports -Dspring.output.ansi.enabled=never surefire:test,investigation/raw/v2/03/default/3/reports/TEST-com.ai.token.experiment.FailureCasesTest.xml,test-runner report,7be7e01262a2564d5516023b6daf78810d76d50c2fc2c61c2666dad84bfd805f,45034,225,13670,tiktoken 0.14.0 o200k_base
03,default,3,1,True,True,expected: <200> but was: <400>,mvn -o -B -ntp -Dmaven.repo.local=/Users/hadiranjbar/Downloads/java/token.usage/investigation/.m2 -Pinvestigation -Dtest=FailureCasesTest -Dexperiment.case=03 -Dexperiment.artifactDir=/Users/hadiranjbar/Downloads/java/token.usage/investigation/raw/v2/03/default/3 -Dexperiment.reportDir=/Users/hadiranjbar/Downloads/java/token.usage/investigation/raw/v2/03/default/3/reports -Dspring.output.ansi.enabled=never surefire:test,investigation/raw/v2/03/default/3/reports/com.ai.token.experiment.FailureCasesTest.txt,test-runner report,52ca8951bd66e497cac47cd578d9719539ca3b7150a876b423e898ce0f44a022,1016,13,217,tiktoken 0.14.0 o200k_base
03,default,3,1,True,True,expected: <200> but was: <400>,mvn -o -B -ntp -Dmaven.repo.local=/Users/hadiranjbar/Downloads/java/token.usage/investigation/.m2 -Pinvestigation -Dtest=FailureCasesTest -Dexperiment.case=03 -Dexperiment.artifactDir=/Users/hadiranjbar/Downloads/java/token.usage/investigation/raw/v2/03/default/3 -Dexperiment.reportDir=/Users/hadiranjbar/Downloads/java/token.usage/investigation/raw/v2/03/default/3/reports -Dspring.output.ansi.enabled=never surefire:test,investigation/raw/v2/03/default/3/stderr.log,Maven + forked JVM stderr,e3b0c44298fc1c149afbf4c8996fb92427ae41e4649b934ca495991b7852b855,0,0,0,tiktoken 0.14.0 o200k_base
03,default,3,1,True,True,expected: <200> but was: <400>,mvn -o -B -ntp -Dmaven.repo.local=/Users/hadiranjbar/Downloads/java/token.usage/investigation/.m2 -Pinvestigation -Dtest=FailureCasesTest -Dexperiment.case=03 -Dexperiment.artifactDir=/Users/hadiranjbar/Downloads/java/token.usage/investigation/raw/v2/03/default/3 -Dexperiment.reportDir=/Users/hadiranjbar/Downloads/java/token.usage/investigation/raw/v2/03/default/3/reports -Dspring.output.ansi.enabled=never surefire:test,investigation/raw/v2/03/default/3/stdout.log,Maven + forked JVM stdout,6b834900fc489487c10025eccdd1b4918a2653ba826040d5e54371e6cb125f86,21197,189,5920,tiktoken 0.14.0 o200k_base
03,p1,1,1,True,True,expected: <200> but was: <400>,mvn -o -B -ntp -Dmaven.repo.local=/Users/hadiranjbar/Downloads/java/token.usage/investigation/.m2 -Pinvestigation -Dtest=FailureCasesTest -Dexperiment.case=03 -Dexperiment.artifactDir=/Users/hadiranjbar/Downloads/java/token.usage/investigation/raw/v2/03/p1/1 -Dexperiment.reportDir=/Users/hadiranjbar/Downloads/java/token.usage/investigation/raw/v2/03/p1/1/reports -Dspring.output.ansi.enabled=never -Dspring.profiles.active=p1 surefire:test,investigation/raw/v2/03/p1/1/reports/TEST-com.ai.token.experiment.FailureCasesTest.xml,test-runner report,acc59647cc8bd59add015470c3cf6edaf72eaca96c5213fc95a795b0c8351c33,44736,227,13566,tiktoken 0.14.0 o200k_base
03,p1,1,1,True,True,expected: <200> but was: <400>,mvn -o -B -ntp -Dmaven.repo.local=/Users/hadiranjbar/Downloads/java/token.usage/investigation/.m2 -Pinvestigation -Dtest=FailureCasesTest -Dexperiment.case=03 -Dexperiment.artifactDir=/Users/hadiranjbar/Downloads/java/token.usage/investigation/raw/v2/03/p1/1 -Dexperiment.reportDir=/Users/hadiranjbar/Downloads/java/token.usage/investigation/raw/v2/03/p1/1/reports -Dspring.output.ansi.enabled=never -Dspring.profiles.active=p1 surefire:test,investigation/raw/v2/03/p1/1/reports/com.ai.token.experiment.FailureCasesTest.txt,test-runner report,9c7697beadadbee2496bb00fa79f8384611623a16ea88712ae492ae9829abb16,1016,13,217,tiktoken 0.14.0 o200k_base
03,p1,1,1,True,True,expected: <200> but was: <400>,mvn -o -B -ntp -Dmaven.repo.local=/Users/hadiranjbar/Downloads/java/token.usage/investigation/.m2 -Pinvestigation -Dtest=FailureCasesTest -Dexperiment.case=03 -Dexperiment.artifactDir=/Users/hadiranjbar/Downloads/java/token.usage/investigation/raw/v2/03/p1/1 -Dexperiment.reportDir=/Users/hadiranjbar/Downloads/java/token.usage/investigation/raw/v2/03/p1/1/reports -Dspring.output.ansi.enabled=never -Dspring.profiles.active=p1 surefire:test,investigation/raw/v2/03/p1/1/stderr.log,Maven + forked JVM stderr,e3b0c44298fc1c149afbf4c8996fb92427ae41e4649b934ca495991b7852b855,0,0,0,tiktoken 0.14.0 o200k_base
03,p1,1,1,True,True,expected: <200> but was: <400>,mvn -o -B -ntp -Dmaven.repo.local=/Users/hadiranjbar/Downloads/java/token.usage/investigation/.m2 -Pinvestigation -Dtest=FailureCasesTest -Dexperiment.case=03 -Dexperiment.artifactDir=/Users/hadiranjbar/Downloads/java/token.usage/investigation/raw/v2/03/p1/1 -Dexperiment.reportDir=/Users/hadiranjbar/Downloads/java/token.usage/investigation/raw/v2/03/p1/1/reports -Dspring.output.ansi.enabled=never -Dspring.profiles.active=p1 surefire:test,investigation/raw/v2/03/p1/1/stdout.log,Maven + forked JVM stdout,a6d2ebef6efdfea7a65d2d5429f4fab06d7565761347db73f43cfb0e7babfbe9,20737,189,5763,tiktoken 0.14.0 o200k_base
03,p1,2,1,True,True,expected: <200> but was: <400>,mvn -o -B -ntp -Dmaven.repo.local=/Users/hadiranjbar/Downloads/java/token.usage/investigation/.m2 -Pinvestigation -Dtest=FailureCasesTest -Dexperiment.case=03 -Dexperiment.artifactDir=/Users/hadiranjbar/Downloads/java/token.usage/investigation/raw/v2/03/p1/2 -Dexperiment.reportDir=/Users/hadiranjbar/Downloads/java/token.usage/investigation/raw/v2/03/p1/2/reports -Dspring.output.ansi.enabled=never -Dspring.profiles.active=p1 surefire:test,investigation/raw/v2/03/p1/2/reports/TEST-com.ai.token.experiment.FailureCasesTest.xml,test-runner report,eaae553e0f6fd5d1c2fbe8a9e900077440ccebccd87487be0f4df120d1703833,44740,227,13567,tiktoken 0.14.0 o200k_base
03,p1,2,1,True,True,expected: <200> but was: <400>,mvn -o -B -ntp -Dmaven.repo.local=/Users/hadiranjbar/Downloads/java/token.usage/investigation/.m2 -Pinvestigation -Dtest=FailureCasesTest -Dexperiment.case=03 -Dexperiment.artifactDir=/Users/hadiranjbar/Downloads/java/token.usage/investigation/raw/v2/03/p1/2 -Dexperiment.reportDir=/Users/hadiranjbar/Downloads/java/token.usage/investigation/raw/v2/03/p1/2/reports -Dspring.output.ansi.enabled=never -Dspring.profiles.active=p1 surefire:test,investigation/raw/v2/03/p1/2/reports/com.ai.token.experiment.FailureCasesTest.txt,test-runner report,4a20634b8480c698801d651be17c4e371222af6cc1f5d24db1c02995c9154b7e,1016,13,217,tiktoken 0.14.0 o200k_base
03,p1,2,1,True,True,expected: <200> but was: <400>,mvn -o -B -ntp -Dmaven.repo.local=/Users/hadiranjbar/Downloads/java/token.usage/investigation/.m2 -Pinvestigation -Dtest=FailureCasesTest -Dexperiment.case=03 -Dexperiment.artifactDir=/Users/hadiranjbar/Downloads/java/token.usage/investigation/raw/v2/03/p1/2 -Dexperiment.reportDir=/Users/hadiranjbar/Downloads/java/token.usage/investigation/raw/v2/03/p1/2/reports -Dspring.output.ansi.enabled=never -Dspring.profiles.active=p1 surefire:test,investigation/raw/v2/03/p1/2/stderr.log,Maven + forked JVM stderr,e3b0c44298fc1c149afbf4c8996fb92427ae41e4649b934ca495991b7852b855,0,0,0,tiktoken 0.14.0 o200k_base
03,p1,2,1,True,True,expected: <200> but was: <400>,mvn -o -B -ntp -Dmaven.repo.local=/Users/hadiranjbar/Downloads/java/token.usage/investigation/.m2 -Pinvestigation -Dtest=FailureCasesTest -Dexperiment.case=03 -Dexperiment.artifactDir=/Users/hadiranjbar/Downloads/java/token.usage/investigation/raw/v2/03/p1/2 -Dexperiment.reportDir=/Users/hadiranjbar/Downloads/java/token.usage/investigation/raw/v2/03/p1/2/reports -Dspring.output.ansi.enabled=never -Dspring.profiles.active=p1 surefire:test,investigation/raw/v2/03/p1/2/stdout.log,Maven + forked JVM stdout,761f8b838b9d4e421f3d6d63f62c9600548c51ac03fb9520ecc1be025550fa54,20737,189,5763,tiktoken 0.14.0 o200k_base
03,p1,3,1,True,True,expected: <200> but was: <400>,mvn -o -B -ntp -Dmaven.repo.local=/Users/hadiranjbar/Downloads/java/token.usage/investigation/.m2 -Pinvestigation -Dtest=FailureCasesTest -Dexperiment.case=03 -Dexperiment.artifactDir=/Users/hadiranjbar/Downloads/java/token.usage/investigation/raw/v2/03/p1/3 -Dexperiment.reportDir=/Users/hadiranjbar/Downloads/java/token.usage/investigation/raw/v2/03/p1/3/reports -Dspring.output.ansi.enabled=never -Dspring.profiles.active=p1 surefire:test,investigation/raw/v2/03/p1/3/reports/TEST-com.ai.token.experiment.FailureCasesTest.xml,test-runner report,aec0203dd39ad786e0dc9c53f682f43f4de03298a68c170a632df911f4416aad,44734,227,13566,tiktoken 0.14.0 o200k_base
03,p1,3,1,True,True,expected: <200> but was: <400>,mvn -o -B -ntp -Dmaven.repo.local=/Users/hadiranjbar/Downloads/java/token.usage/investigation/.m2 -Pinvestigation -Dtest=FailureCasesTest -Dexperiment.case=03 -Dexperiment.artifactDir=/Users/hadiranjbar/Downloads/java/token.usage/investigation/raw/v2/03/p1/3 -Dexperiment.reportDir=/Users/hadiranjbar/Downloads/java/token.usage/investigation/raw/v2/03/p1/3/reports -Dspring.output.ansi.enabled=never -Dspring.profiles.active=p1 surefire:test,investigation/raw/v2/03/p1/3/reports/com.ai.token.experiment.FailureCasesTest.txt,test-runner report,978554fe6fab1d83798cee8db0233ce937eb088ed64ab69a11700d6d45113898,1016,13,217,tiktoken 0.14.0 o200k_base
03,p1,3,1,True,True,expected: <200> but was: <400>,mvn -o -B -ntp -Dmaven.repo.local=/Users/hadiranjbar/Downloads/java/token.usage/investigation/.m2 -Pinvestigation -Dtest=FailureCasesTest -Dexperiment.case=03 -Dexperiment.artifactDir=/Users/hadiranjbar/Downloads/java/token.usage/investigation/raw/v2/03/p1/3 -Dexperiment.reportDir=/Users/hadiranjbar/Downloads/java/token.usage/investigation/raw/v2/03/p1/3/reports -Dspring.output.ansi.enabled=never -Dspring.profiles.active=p1 surefire:test,investigation/raw/v2/03/p1/3/stderr.log,Maven + forked JVM stderr,e3b0c44298fc1c149afbf4c8996fb92427ae41e4649b934ca495991b7852b855,0,0,0,tiktoken 0.14.0 o200k_base
03,p1,3,1,True,True,expected: <200> but was: <400>,mvn -o -B -ntp -Dmaven.repo.local=/Users/hadiranjbar/Downloads/java/token.usage/investigation/.m2 -Pinvestigation -Dtest=FailureCasesTest -Dexperiment.case=03 -Dexperiment.artifactDir=/Users/hadiranjbar/Downloads/java/token.usage/investigation/raw/v2/03/p1/3 -Dexperiment.reportDir=/Users/hadiranjbar/Downloads/java/token.usage/investigation/raw/v2/03/p1/3/reports -Dspring.output.ansi.enabled=never -Dspring.profiles.active=p1 surefire:test,investigation/raw/v2/03/p1/3/stdout.log,Maven + forked JVM stdout,3147ca0c442227aa2918d18885d99a133f98e8ab2ee95a75a595c86a235c5fa7,20735,189,5763,tiktoken 0.14.0 o200k_base
03,p2,1,1,True,True,expected: <200> but was: <400>,mvn -o -B -ntp -Dmaven.repo.local=/Users/hadiranjbar/Downloads/java/token.usage/investigation/.m2 -Pinvestigation -Dtest=FailureCasesTest -Dexperiment.case=03 -Dexperiment.artifactDir=/Users/hadiranjbar/Downloads/java/token.usage/investigation/raw/v2/03/p2/1 -Dexperiment.reportDir=/Users/hadiranjbar/Downloads/java/token.usage/investigation/raw/v2/03/p2/1/reports -Dspring.output.ansi.enabled=never -Dspring.profiles.active=p2 surefire:test,investigation/raw/v2/03/p2/1/reports/TEST-com.ai.token.experiment.FailureCasesTest.xml,test-runner report,56b656206b0c027858b04d1536c2c32a3597a6862687c5805f5fc532a3487275,34209,152,10624,tiktoken 0.14.0 o200k_base
03,p2,1,1,True,True,expected: <200> but was: <400>,mvn -o -B -ntp -Dmaven.repo.local=/Users/hadiranjbar/Downloads/java/token.usage/investigation/.m2 -Pinvestigation -Dtest=FailureCasesTest -Dexperiment.case=03 -Dexperiment.artifactDir=/Users/hadiranjbar/Downloads/java/token.usage/investigation/raw/v2/03/p2/1 -Dexperiment.reportDir=/Users/hadiranjbar/Downloads/java/token.usage/investigation/raw/v2/03/p2/1/reports -Dspring.output.ansi.enabled=never -Dspring.profiles.active=p2 surefire:test,investigation/raw/v2/03/p2/1/reports/com.ai.token.experiment.FailureCasesTest.txt,test-runner report,324be34743423905bb4272b088c79d79b77ec180314cca94232c51d225a6d640,1016,13,217,tiktoken 0.14.0 o200k_base
03,p2,1,1,True,True,expected: <200> but was: <400>,mvn -o -B -ntp -Dmaven.repo.local=/Users/hadiranjbar/Downloads/java/token.usage/investigation/.m2 -Pinvestigation -Dtest=FailureCasesTest -Dexperiment.case=03 -Dexperiment.artifactDir=/Users/hadiranjbar/Downloads/java/token.usage/investigation/raw/v2/03/p2/1 -Dexperiment.reportDir=/Users/hadiranjbar/Downloads/java/token.usage/investigation/raw/v2/03/p2/1/reports -Dspring.output.ansi.enabled=never -Dspring.profiles.active=p2 surefire:test,investigation/raw/v2/03/p2/1/stderr.log,Maven + forked JVM stderr,e3b0c44298fc1c149afbf4c8996fb92427ae41e4649b934ca495991b7852b855,0,0,0,tiktoken 0.14.0 o200k_base
03,p2,1,1,True,True,expected: <200> but was: <400>,mvn -o -B -ntp -Dmaven.repo.local=/Users/hadiranjbar/Downloads/java/token.usage/investigation/.m2 -Pinvestigation -Dtest=FailureCasesTest -Dexperiment.case=03 -Dexperiment.artifactDir=/Users/hadiranjbar/Downloads/java/token.usage/investigation/raw/v2/03/p2/1 -Dexperiment.reportDir=/Users/hadiranjbar/Downloads/java/token.usage/investigation/raw/v2/03/p2/1/reports -Dspring.output.ansi.enabled=never -Dspring.profiles.active=p2 surefire:test,investigation/raw/v2/03/p2/1/stdout.log,Maven + forked JVM stdout,3fd5e6986dd5184f942618150c33999de167dc878df37624b4f969ebf9bff03b,10088,114,2775,tiktoken 0.14.0 o200k_base
03,p2,2,1,True,True,expected: <200> but was: <400>,mvn -o -B -ntp -Dmaven.repo.local=/Users/hadiranjbar/Downloads/java/token.usage/investigation/.m2 -Pinvestigation -Dtest=FailureCasesTest -Dexperiment.case=03 -Dexperiment.artifactDir=/Users/hadiranjbar/Downloads/java/token.usage/investigation/raw/v2/03/p2/2 -Dexperiment.reportDir=/Users/hadiranjbar/Downloads/java/token.usage/investigation/raw/v2/03/p2/2/reports -Dspring.output.ansi.enabled=never -Dspring.profiles.active=p2 surefire:test,investigation/raw/v2/03/p2/2/reports/TEST-com.ai.token.experiment.FailureCasesTest.xml,test-runner report,9826d2c4de6956477d73cf65bcdcd58908d9b5253022f805f19600863784ed1b,34215,152,10625,tiktoken 0.14.0 o200k_base
03,p2,2,1,True,True,expected: <200> but was: <400>,mvn -o -B -ntp -Dmaven.repo.local=/Users/hadiranjbar/Downloads/java/token.usage/investigation/.m2 -Pinvestigation -Dtest=FailureCasesTest -Dexperiment.case=03 -Dexperiment.artifactDir=/Users/hadiranjbar/Downloads/java/token.usage/investigation/raw/v2/03/p2/2 -Dexperiment.reportDir=/Users/hadiranjbar/Downloads/java/token.usage/investigation/raw/v2/03/p2/2/reports -Dspring.output.ansi.enabled=never -Dspring.profiles.active=p2 surefire:test,investigation/raw/v2/03/p2/2/reports/com.ai.token.experiment.FailureCasesTest.txt,test-runner report,614ce5aca10a54b633aed95e9d7d993d5d256276e1b0ca3199d0a6ec5543ae46,1016,13,217,tiktoken 0.14.0 o200k_base
03,p2,2,1,True,True,expected: <200> but was: <400>,mvn -o -B -ntp -Dmaven.repo.local=/Users/hadiranjbar/Downloads/java/token.usage/investigation/.m2 -Pinvestigation -Dtest=FailureCasesTest -Dexperiment.case=03 -Dexperiment.artifactDir=/Users/hadiranjbar/Downloads/java/token.usage/investigation/raw/v2/03/p2/2 -Dexperiment.reportDir=/Users/hadiranjbar/Downloads/java/token.usage/investigation/raw/v2/03/p2/2/reports -Dspring.output.ansi.enabled=never -Dspring.profiles.active=p2 surefire:test,investigation/raw/v2/03/p2/2/stderr.log,Maven + forked JVM stderr,e3b0c44298fc1c149afbf4c8996fb92427ae41e4649b934ca495991b7852b855,0,0,0,tiktoken 0.14.0 o200k_base
03,p2,2,1,True,True,expected: <200> but was: <400>,mvn -o -B -ntp -Dmaven.repo.local=/Users/hadiranjbar/Downloads/java/token.usage/investigation/.m2 -Pinvestigation -Dtest=FailureCasesTest -Dexperiment.case=03 -Dexperiment.artifactDir=/Users/hadiranjbar/Downloads/java/token.usage/investigation/raw/v2/03/p2/2 -Dexperiment.reportDir=/Users/hadiranjbar/Downloads/java/token.usage/investigation/raw/v2/03/p2/2/reports -Dspring.output.ansi.enabled=never -Dspring.profiles.active=p2 surefire:test,investigation/raw/v2/03/p2/2/stdout.log,Maven + forked JVM stdout,9489e888689d329ae0ae06c09f6391018aa5096799d7a97b7add6644f034bdc1,10089,114,2775,tiktoken 0.14.0 o200k_base
03,p2,3,1,True,True,expected: <200> but was: <400>,mvn -o -B -ntp -Dmaven.repo.local=/Users/hadiranjbar/Downloads/java/token.usage/investigation/.m2 -Pinvestigation -Dtest=FailureCasesTest -Dexperiment.case=03 -Dexperiment.artifactDir=/Users/hadiranjbar/Downloads/java/token.usage/investigation/raw/v2/03/p2/3 -Dexperiment.reportDir=/Users/hadiranjbar/Downloads/java/token.usage/investigation/raw/v2/03/p2/3/reports -Dspring.output.ansi.enabled=never -Dspring.profiles.active=p2 surefire:test,investigation/raw/v2/03/p2/3/reports/TEST-com.ai.token.experiment.FailureCasesTest.xml,test-runner report,036ce40d360a06fe3b4b2b4ab114775106876b4793210a0c2904d290d59b1729,34212,152,10624,tiktoken 0.14.0 o200k_base
03,p2,3,1,True,True,expected: <200> but was: <400>,mvn -o -B -ntp -Dmaven.repo.local=/Users/hadiranjbar/Downloads/java/token.usage/investigation/.m2 -Pinvestigation -Dtest=FailureCasesTest -Dexperiment.case=03 -Dexperiment.artifactDir=/Users/hadiranjbar/Downloads/java/token.usage/investigation/raw/v2/03/p2/3 -Dexperiment.reportDir=/Users/hadiranjbar/Downloads/java/token.usage/investigation/raw/v2/03/p2/3/reports -Dspring.output.ansi.enabled=never -Dspring.profiles.active=p2 surefire:test,investigation/raw/v2/03/p2/3/reports/com.ai.token.experiment.FailureCasesTest.txt,test-runner report,46c9fddbe7121c0089be7baca1426556c554c7d634b94a6903d782e7b6dbeb11,1016,13,217,tiktoken 0.14.0 o200k_base
03,p2,3,1,True,True,expected: <200> but was: <400>,mvn -o -B -ntp -Dmaven.repo.local=/Users/hadiranjbar/Downloads/java/token.usage/investigation/.m2 -Pinvestigation -Dtest=FailureCasesTest -Dexperiment.case=03 -Dexperiment.artifactDir=/Users/hadiranjbar/Downloads/java/token.usage/investigation/raw/v2/03/p2/3 -Dexperiment.reportDir=/Users/hadiranjbar/Downloads/java/token.usage/investigation/raw/v2/03/p2/3/reports -Dspring.output.ansi.enabled=never -Dspring.profiles.active=p2 surefire:test,investigation/raw/v2/03/p2/3/stderr.log,Maven + forked JVM stderr,e3b0c44298fc1c149afbf4c8996fb92427ae41e4649b934ca495991b7852b855,0,0,0,tiktoken 0.14.0 o200k_base
03,p2,3,1,True,True,expected: <200> but was: <400>,mvn -o -B -ntp -Dmaven.repo.local=/Users/hadiranjbar/Downloads/java/token.usage/investigation/.m2 -Pinvestigation -Dtest=FailureCasesTest -Dexperiment.case=03 -Dexperiment.artifactDir=/Users/hadiranjbar/Downloads/java/token.usage/investigation/raw/v2/03/p2/3 -Dexperiment.reportDir=/Users/hadiranjbar/Downloads/java/token.usage/investigation/raw/v2/03/p2/3/reports -Dspring.output.ansi.enabled=never -Dspring.profiles.active=p2 surefire:test,investigation/raw/v2/03/p2/3/stdout.log,Maven + forked JVM stdout,09b82cc95d914b2efa778e94e5b8532dec1aa3d9e868c578ba6b552862ccf705,10090,114,2775,tiktoken 0.14.0 o200k_base
03,p4,1,1,True,True,expected: <200> but was: <400>,"mvn -o -B -ntp -Dmaven.repo.local=/Users/hadiranjbar/Downloads/java/token.usage/investigation/.m2 -Pinvestigation,agent-reports -Dtest=FailureCasesTest -Dexperiment.case=03 -Dexperiment.artifactDir=/Users/hadiranjbar/Downloads/java/token.usage/investigation/raw/v2/03/p4/1 -Dexperiment.reportDir=/Users/hadiranjbar/Downloads/java/token.usage/investigation/raw/v2/03/p4/1/reports -Dspring.output.ansi.enabled=never surefire:test",investigation/raw/v2/03/p4/1/reports/TEST-com.ai.token.experiment.FailureCasesTest.xml,test-runner report,95ecc13522ad69d3563be177804cee8108fa6d83f35cc65dff2e5af57a308fe0,44616,220,13587,tiktoken 0.14.0 o200k_base
03,p4,1,1,True,True,expected: <200> but was: <400>,"mvn -o -B -ntp -Dmaven.repo.local=/Users/hadiranjbar/Downloads/java/token.usage/investigation/.m2 -Pinvestigation,agent-reports -Dtest=FailureCasesTest -Dexperiment.case=03 -Dexperiment.artifactDir=/Users/hadiranjbar/Downloads/java/token.usage/investigation/raw/v2/03/p4/1 -Dexperiment.reportDir=/Users/hadiranjbar/Downloads/java/token.usage/investigation/raw/v2/03/p4/1/reports -Dspring.output.ansi.enabled=never surefire:test",investigation/raw/v2/03/p4/1/reports/com.ai.token.experiment.FailureCasesTest.txt,test-runner report,d7f273fe6dae7f0cd174d595c6e1c9a49e11bf97912892b260c80ae91b48c4dc,607,8,132,tiktoken 0.14.0 o200k_base
03,p4,1,1,True,True,expected: <200> but was: <400>,"mvn -o -B -ntp -Dmaven.repo.local=/Users/hadiranjbar/Downloads/java/token.usage/investigation/.m2 -Pinvestigation,agent-reports -Dtest=FailureCasesTest -Dexperiment.case=03 -Dexperiment.artifactDir=/Users/hadiranjbar/Downloads/java/token.usage/investigation/raw/v2/03/p4/1 -Dexperiment.reportDir=/Users/hadiranjbar/Downloads/java/token.usage/investigation/raw/v2/03/p4/1/reports -Dspring.output.ansi.enabled=never surefire:test",investigation/raw/v2/03/p4/1/stderr.log,Maven + forked JVM stderr,e3b0c44298fc1c149afbf4c8996fb92427ae41e4649b934ca495991b7852b855,0,0,0,tiktoken 0.14.0 o200k_base
03,p4,1,1,True,True,expected: <200> but was: <400>,"mvn -o -B -ntp -Dmaven.repo.local=/Users/hadiranjbar/Downloads/java/token.usage/investigation/.m2 -Pinvestigation,agent-reports -Dtest=FailureCasesTest -Dexperiment.case=03 -Dexperiment.artifactDir=/Users/hadiranjbar/Downloads/java/token.usage/investigation/raw/v2/03/p4/1 -Dexperiment.reportDir=/Users/hadiranjbar/Downloads/java/token.usage/investigation/raw/v2/03/p4/1/reports -Dspring.output.ansi.enabled=never surefire:test",investigation/raw/v2/03/p4/1/stdout.log,Maven + forked JVM stdout,0f82847ae8d773f34f48879ada0e14bea442a45ef689436bbd5abf560d735b27,20783,184,5836,tiktoken 0.14.0 o200k_base
03,p4,2,1,True,True,expected: <200> but was: <400>,"mvn -o -B -ntp -Dmaven.repo.local=/Users/hadiranjbar/Downloads/java/token.usage/investigation/.m2 -Pinvestigation,agent-reports -Dtest=FailureCasesTest -Dexperiment.case=03 -Dexperiment.artifactDir=/Users/hadiranjbar/Downloads/java/token.usage/investigation/raw/v2/03/p4/2 -Dexperiment.reportDir=/Users/hadiranjbar/Downloads/java/token.usage/investigation/raw/v2/03/p4/2/reports -Dspring.output.ansi.enabled=never surefire:test",investigation/raw/v2/03/p4/2/reports/TEST-com.ai.token.experiment.FailureCasesTest.xml,test-runner report,2f4ecd513e9541f6ac6b4eaffefa00073b9a2980535f9488af4f753c3def7eda,44616,220,13587,tiktoken 0.14.0 o200k_base
03,p4,2,1,True,True,expected: <200> but was: <400>,"mvn -o -B -ntp -Dmaven.repo.local=/Users/hadiranjbar/Downloads/java/token.usage/investigation/.m2 -Pinvestigation,agent-reports -Dtest=FailureCasesTest -Dexperiment.case=03 -Dexperiment.artifactDir=/Users/hadiranjbar/Downloads/java/token.usage/investigation/raw/v2/03/p4/2 -Dexperiment.reportDir=/Users/hadiranjbar/Downloads/java/token.usage/investigation/raw/v2/03/p4/2/reports -Dspring.output.ansi.enabled=never surefire:test",investigation/raw/v2/03/p4/2/reports/com.ai.token.experiment.FailureCasesTest.txt,test-runner report,b60489f7151e78227326e1f3437418020e9da269323fdee1cac0dcdd7456ce94,607,8,132,tiktoken 0.14.0 o200k_base
03,p4,2,1,True,True,expected: <200> but was: <400>,"mvn -o -B -ntp -Dmaven.repo.local=/Users/hadiranjbar/Downloads/java/token.usage/investigation/.m2 -Pinvestigation,agent-reports -Dtest=FailureCasesTest -Dexperiment.case=03 -Dexperiment.artifactDir=/Users/hadiranjbar/Downloads/java/token.usage/investigation/raw/v2/03/p4/2 -Dexperiment.reportDir=/Users/hadiranjbar/Downloads/java/token.usage/investigation/raw/v2/03/p4/2/reports -Dspring.output.ansi.enabled=never surefire:test",investigation/raw/v2/03/p4/2/stderr.log,Maven + forked JVM stderr,e3b0c44298fc1c149afbf4c8996fb92427ae41e4649b934ca495991b7852b855,0,0,0,tiktoken 0.14.0 o200k_base
03,p4,2,1,True,True,expected: <200> but was: <400>,"mvn -o -B -ntp -Dmaven.repo.local=/Users/hadiranjbar/Downloads/java/token.usage/investigation/.m2 -Pinvestigation,agent-reports -Dtest=FailureCasesTest -Dexperiment.case=03 -Dexperiment.artifactDir=/Users/hadiranjbar/Downloads/java/token.usage/investigation/raw/v2/03/p4/2 -Dexperiment.reportDir=/Users/hadiranjbar/Downloads/java/token.usage/investigation/raw/v2/03/p4/2/reports -Dspring.output.ansi.enabled=never surefire:test",investigation/raw/v2/03/p4/2/stdout.log,Maven + forked JVM stdout,7e6202acdb44e0fcdbcc3d20377528515adf96407e76428f6c0dfb4017696f2b,20783,184,5836,tiktoken 0.14.0 o200k_base
03,p4,3,1,True,True,expected: <200> but was: <400>,"mvn -o -B -ntp -Dmaven.repo.local=/Users/hadiranjbar/Downloads/java/token.usage/investigation/.m2 -Pinvestigation,agent-reports -Dtest=FailureCasesTest -Dexperiment.case=03 -Dexperiment.artifactDir=/Users/hadiranjbar/Downloads/java/token.usage/investigation/raw/v2/03/p4/3 -Dexperiment.reportDir=/Users/hadiranjbar/Downloads/java/token.usage/investigation/raw/v2/03/p4/3/reports -Dspring.output.ansi.enabled=never surefire:test",investigation/raw/v2/03/p4/3/reports/TEST-com.ai.token.experiment.FailureCasesTest.xml,test-runner report,69df2d9d7624cd950947def20a2588020611aa1f4771c30a32bd92afe05ecda1,44619,220,13587,tiktoken 0.14.0 o200k_base
03,p4,3,1,True,True,expected: <200> but was: <400>,"mvn -o -B -ntp -Dmaven.repo.local=/Users/hadiranjbar/Downloads/java/token.usage/investigation/.m2 -Pinvestigation,agent-reports -Dtest=FailureCasesTest -Dexperiment.case=03 -Dexperiment.artifactDir=/Users/hadiranjbar/Downloads/java/token.usage/investigation/raw/v2/03/p4/3 -Dexperiment.reportDir=/Users/hadiranjbar/Downloads/java/token.usage/investigation/raw/v2/03/p4/3/reports -Dspring.output.ansi.enabled=never surefire:test",investigation/raw/v2/03/p4/3/reports/com.ai.token.experiment.FailureCasesTest.txt,test-runner report,96de1bf7c61206e57ed8ca59ca0409767889047f2d8f31c1e68c2066574b0e38,607,8,132,tiktoken 0.14.0 o200k_base
03,p4,3,1,True,True,expected: <200> but was: <400>,"mvn -o -B -ntp -Dmaven.repo.local=/Users/hadiranjbar/Downloads/java/token.usage/investigation/.m2 -Pinvestigation,agent-reports -Dtest=FailureCasesTest -Dexperiment.case=03 -Dexperiment.artifactDir=/Users/hadiranjbar/Downloads/java/token.usage/investigation/raw/v2/03/p4/3 -Dexperiment.reportDir=/Users/hadiranjbar/Downloads/java/token.usage/investigation/raw/v2/03/p4/3/reports -Dspring.output.ansi.enabled=never surefire:test",investigation/raw/v2/03/p4/3/stderr.log,Maven + forked JVM stderr,e3b0c44298fc1c149afbf4c8996fb92427ae41e4649b934ca495991b7852b855,0,0,0,tiktoken 0.14.0 o200k_base
03,p4,3,1,True,True,expected: <200> but was: <400>,"mvn -o -B -ntp -Dmaven.repo.local=/Users/hadiranjbar/Downloads/java/token.usage/investigation/.m2 -Pinvestigation,agent-reports -Dtest=FailureCasesTest -Dexperiment.case=03 -Dexperiment.artifactDir=/Users/hadiranjbar/Downloads/java/token.usage/investigation/raw/v2/03/p4/3 -Dexperiment.reportDir=/Users/hadiranjbar/Downloads/java/token.usage/investigation/raw/v2/03/p4/3/reports -Dspring.output.ansi.enabled=never surefire:test",investigation/raw/v2/03/p4/3/stdout.log,Maven + forked JVM stdout,6cee4dbb445849b6d8f2cc1ff8744b7b10cd30142ca02f8922ce95e1bf465030,20784,184,5836,tiktoken 0.14.0 o200k_base
04,agent,1,1,True,True,Error creating bean with name 'port',"mvn -o -B -ntp -Dmaven.repo.local=/Users/hadiranjbar/Downloads/java/token.usage/investigation/.m2 -Pinvestigation,agent-reports -Dtest=FailureCasesTest -Dexperiment.case=04 -Dexperiment.artifactDir=/Users/hadiranjbar/Downloads/java/token.usage/investigation/raw/v2/04/agent/1 -Dexperiment.reportDir=/Users/hadiranjbar/Downloads/java/token.usage/investigation/raw/v2/04/agent/1/reports -Dspring.output.ansi.enabled=never -Dspring.profiles.active=agent -Dexperiment.deduplicate=true surefire:test",investigation/raw/v2/04/agent/1/reports/TEST-com.ai.token.experiment.FailureCasesTest.xml,test-runner report,13f3f19ab95c29decaef12c9fdea2c94746993c977307d63e2f644a32262db31,35115,161,10812,tiktoken 0.14.0 o200k_base
04,agent,1,1,True,True,Error creating bean with name 'port',"mvn -o -B -ntp -Dmaven.repo.local=/Users/hadiranjbar/Downloads/java/token.usage/investigation/.m2 -Pinvestigation,agent-reports -Dtest=FailureCasesTest -Dexperiment.case=04 -Dexperiment.artifactDir=/Users/hadiranjbar/Downloads/java/token.usage/investigation/raw/v2/04/agent/1 -Dexperiment.reportDir=/Users/hadiranjbar/Downloads/java/token.usage/investigation/raw/v2/04/agent/1/reports -Dspring.output.ansi.enabled=never -Dspring.profiles.active=agent -Dexperiment.deduplicate=true surefire:test",investigation/raw/v2/04/agent/1/reports/com.ai.token.experiment.FailureCasesTest.txt,test-runner report,75a3b34dd2cec2852d2d4b14915012e3c3d7b83d9d8da7b5e6dfeb905625a71a,1200,12,256,tiktoken 0.14.0 o200k_base
04,agent,1,1,True,True,Error creating bean with name 'port',"mvn -o -B -ntp -Dmaven.repo.local=/Users/hadiranjbar/Downloads/java/token.usage/investigation/.m2 -Pinvestigation,agent-reports -Dtest=FailureCasesTest -Dexperiment.case=04 -Dexperiment.artifactDir=/Users/hadiranjbar/Downloads/java/token.usage/investigation/raw/v2/04/agent/1 -Dexperiment.reportDir=/Users/hadiranjbar/Downloads/java/token.usage/investigation/raw/v2/04/agent/1/reports -Dspring.output.ansi.enabled=never -Dspring.profiles.active=agent -Dexperiment.deduplicate=true surefire:test",investigation/raw/v2/04/agent/1/stderr.log,Maven + forked JVM stderr,e3b0c44298fc1c149afbf4c8996fb92427ae41e4649b934ca495991b7852b855,0,0,0,tiktoken 0.14.0 o200k_base
04,agent,1,1,True,True,Error creating bean with name 'port',"mvn -o -B -ntp -Dmaven.repo.local=/Users/hadiranjbar/Downloads/java/token.usage/investigation/.m2 -Pinvestigation,agent-reports -Dtest=FailureCasesTest -Dexperiment.case=04 -Dexperiment.artifactDir=/Users/hadiranjbar/Downloads/java/token.usage/investigation/raw/v2/04/agent/1 -Dexperiment.reportDir=/Users/hadiranjbar/Downloads/java/token.usage/investigation/raw/v2/04/agent/1/reports -Dspring.output.ansi.enabled=never -Dspring.profiles.active=agent -Dexperiment.deduplicate=true surefire:test",investigation/raw/v2/04/agent/1/stdout.log,Maven + forked JVM stdout,4b60000fc96a0588ef95386a56cd8a54dab7ca3909a3b499e01a47d138fb32f7,10616,121,2850,tiktoken 0.14.0 o200k_base
04,agent,2,1,True,True,Error creating bean with name 'port',"mvn -o -B -ntp -Dmaven.repo.local=/Users/hadiranjbar/Downloads/java/token.usage/investigation/.m2 -Pinvestigation,agent-reports -Dtest=FailureCasesTest -Dexperiment.case=04 -Dexperiment.artifactDir=/Users/hadiranjbar/Downloads/java/token.usage/investigation/raw/v2/04/agent/2 -Dexperiment.reportDir=/Users/hadiranjbar/Downloads/java/token.usage/investigation/raw/v2/04/agent/2/reports -Dspring.output.ansi.enabled=never -Dspring.profiles.active=agent -Dexperiment.deduplicate=true surefire:test",investigation/raw/v2/04/agent/2/reports/TEST-com.ai.token.experiment.FailureCasesTest.xml,test-runner report,41b3b327b94fc3016a629b95ab75b4781b175b695875962a49d095dfc4c025c2,35115,161,10812,tiktoken 0.14.0 o200k_base
04,agent,2,1,True,True,Error creating bean with name 'port',"mvn -o -B -ntp -Dmaven.repo.local=/Users/hadiranjbar/Downloads/java/token.usage/investigation/.m2 -Pinvestigation,agent-reports -Dtest=FailureCasesTest -Dexperiment.case=04 -Dexperiment.artifactDir=/Users/hadiranjbar/Downloads/java/token.usage/investigation/raw/v2/04/agent/2 -Dexperiment.reportDir=/Users/hadiranjbar/Downloads/java/token.usage/investigation/raw/v2/04/agent/2/reports -Dspring.output.ansi.enabled=never -Dspring.profiles.active=agent -Dexperiment.deduplicate=true surefire:test",investigation/raw/v2/04/agent/2/reports/com.ai.token.experiment.FailureCasesTest.txt,test-runner report,82261f499c3366a587e7196295a32012c91bb6502ce7ac8a92853bd16a510571,1200,12,256,tiktoken 0.14.0 o200k_base
04,agent,2,1,True,True,Error creating bean with name 'port',"mvn -o -B -ntp -Dmaven.repo.local=/Users/hadiranjbar/Downloads/java/token.usage/investigation/.m2 -Pinvestigation,agent-reports -Dtest=FailureCasesTest -Dexperiment.case=04 -Dexperiment.artifactDir=/Users/hadiranjbar/Downloads/java/token.usage/investigation/raw/v2/04/agent/2 -Dexperiment.reportDir=/Users/hadiranjbar/Downloads/java/token.usage/investigation/raw/v2/04/agent/2/reports -Dspring.output.ansi.enabled=never -Dspring.profiles.active=agent -Dexperiment.deduplicate=true surefire:test",investigation/raw/v2/04/agent/2/stderr.log,Maven + forked JVM stderr,e3b0c44298fc1c149afbf4c8996fb92427ae41e4649b934ca495991b7852b855,0,0,0,tiktoken 0.14.0 o200k_base
04,agent,2,1,True,True,Error creating bean with name 'port',"mvn -o -B -ntp -Dmaven.repo.local=/Users/hadiranjbar/Downloads/java/token.usage/investigation/.m2 -Pinvestigation,agent-reports -Dtest=FailureCasesTest -Dexperiment.case=04 -Dexperiment.artifactDir=/Users/hadiranjbar/Downloads/java/token.usage/investigation/raw/v2/04/agent/2 -Dexperiment.reportDir=/Users/hadiranjbar/Downloads/java/token.usage/investigation/raw/v2/04/agent/2/reports -Dspring.output.ansi.enabled=never -Dspring.profiles.active=agent -Dexperiment.deduplicate=true surefire:test",investigation/raw/v2/04/agent/2/stdout.log,Maven + forked JVM stdout,dbe51cd19170eb728c02fac0208905acc8225211024f4f11b9d5661c8bf37eaa,10616,121,2850,tiktoken 0.14.0 o200k_base
04,agent,3,1,True,True,Error creating bean with name 'port',"mvn -o -B -ntp -Dmaven.repo.local=/Users/hadiranjbar/Downloads/java/token.usage/investigation/.m2 -Pinvestigation,agent-reports -Dtest=FailureCasesTest -Dexperiment.case=04 -Dexperiment.artifactDir=/Users/hadiranjbar/Downloads/java/token.usage/investigation/raw/v2/04/agent/3 -Dexperiment.reportDir=/Users/hadiranjbar/Downloads/java/token.usage/investigation/raw/v2/04/agent/3/reports -Dspring.output.ansi.enabled=never -Dspring.profiles.active=agent -Dexperiment.deduplicate=true surefire:test",investigation/raw/v2/04/agent/3/reports/TEST-com.ai.token.experiment.FailureCasesTest.xml,test-runner report,c65dbb6afe269ef6e78026abfc6e661dea1c022e7ae28b9d4a135c73d3f81afe,35115,161,10812,tiktoken 0.14.0 o200k_base
04,agent,3,1,True,True,Error creating bean with name 'port',"mvn -o -B -ntp -Dmaven.repo.local=/Users/hadiranjbar/Downloads/java/token.usage/investigation/.m2 -Pinvestigation,agent-reports -Dtest=FailureCasesTest -Dexperiment.case=04 -Dexperiment.artifactDir=/Users/hadiranjbar/Downloads/java/token.usage/investigation/raw/v2/04/agent/3 -Dexperiment.reportDir=/Users/hadiranjbar/Downloads/java/token.usage/investigation/raw/v2/04/agent/3/reports -Dspring.output.ansi.enabled=never -Dspring.profiles.active=agent -Dexperiment.deduplicate=true surefire:test",investigation/raw/v2/04/agent/3/reports/com.ai.token.experiment.FailureCasesTest.txt,test-runner report,87b41cf42ed1de467addda3c91cc0bd5b864d24905a956b1233bd51f857d17c1,1200,12,256,tiktoken 0.14.0 o200k_base
04,agent,3,1,True,True,Error creating bean with name 'port',"mvn -o -B -ntp -Dmaven.repo.local=/Users/hadiranjbar/Downloads/java/token.usage/investigation/.m2 -Pinvestigation,agent-reports -Dtest=FailureCasesTest -Dexperiment.case=04 -Dexperiment.artifactDir=/Users/hadiranjbar/Downloads/java/token.usage/investigation/raw/v2/04/agent/3 -Dexperiment.reportDir=/Users/hadiranjbar/Downloads/java/token.usage/investigation/raw/v2/04/agent/3/reports -Dspring.output.ansi.enabled=never -Dspring.profiles.active=agent -Dexperiment.deduplicate=true surefire:test",investigation/raw/v2/04/agent/3/stderr.log,Maven + forked JVM stderr,e3b0c44298fc1c149afbf4c8996fb92427ae41e4649b934ca495991b7852b855,0,0,0,tiktoken 0.14.0 o200k_base
04,agent,3,1,True,True,Error creating bean with name 'port',"mvn -o -B -ntp -Dmaven.repo.local=/Users/hadiranjbar/Downloads/java/token.usage/investigation/.m2 -Pinvestigation,agent-reports -Dtest=FailureCasesTest -Dexperiment.case=04 -Dexperiment.artifactDir=/Users/hadiranjbar/Downloads/java/token.usage/investigation/raw/v2/04/agent/3 -Dexperiment.reportDir=/Users/hadiranjbar/Downloads/java/token.usage/investigation/raw/v2/04/agent/3/reports -Dspring.output.ansi.enabled=never -Dspring.profiles.active=agent -Dexperiment.deduplicate=true surefire:test",investigation/raw/v2/04/agent/3/stdout.log,Maven + forked JVM stdout,0a37d9e961edf265d2cac86fb0d7b17eef91c20aacf63d9072284e2b3c437d0f,10616,121,2850,tiktoken 0.14.0 o200k_base
04,default,1,1,True,True,Error creating bean with name 'port',mvn -o -B -ntp -Dmaven.repo.local=/Users/hadiranjbar/Downloads/java/token.usage/investigation/.m2 -Pinvestigation -Dtest=FailureCasesTest -Dexperiment.case=04 -Dexperiment.artifactDir=/Users/hadiranjbar/Downloads/java/token.usage/investigation/raw/v2/04/default/1 -Dexperiment.reportDir=/Users/hadiranjbar/Downloads/java/token.usage/investigation/raw/v2/04/default/1/reports -Dspring.output.ansi.enabled=never surefire:test,investigation/raw/v2/04/default/1/reports/TEST-com.ai.token.experiment.FailureCasesTest.xml,test-runner report,ef689b2ccc2374484136f2875bdd034db3b6e5b729f3cfdfa3e590979dd02f12,48969,261,14381,tiktoken 0.14.0 o200k_base
04,default,1,1,True,True,Error creating bean with name 'port',mvn -o -B -ntp -Dmaven.repo.local=/Users/hadiranjbar/Downloads/java/token.usage/investigation/.m2 -Pinvestigation -Dtest=FailureCasesTest -Dexperiment.case=04 -Dexperiment.artifactDir=/Users/hadiranjbar/Downloads/java/token.usage/investigation/raw/v2/04/default/1 -Dexperiment.reportDir=/Users/hadiranjbar/Downloads/java/token.usage/investigation/raw/v2/04/default/1/reports -Dspring.output.ansi.enabled=never surefire:test,investigation/raw/v2/04/default/1/reports/com.ai.token.experiment.FailureCasesTest.txt,test-runner report,3ebc5c5f219eac5a566dff2c1fad4c3ce86ca2580b3f416022fb101c7e417e6e,4323,41,807,tiktoken 0.14.0 o200k_base
04,default,1,1,True,True,Error creating bean with name 'port',mvn -o -B -ntp -Dmaven.repo.local=/Users/hadiranjbar/Downloads/java/token.usage/investigation/.m2 -Pinvestigation -Dtest=FailureCasesTest -Dexperiment.case=04 -Dexperiment.artifactDir=/Users/hadiranjbar/Downloads/java/token.usage/investigation/raw/v2/04/default/1 -Dexperiment.reportDir=/Users/hadiranjbar/Downloads/java/token.usage/investigation/raw/v2/04/default/1/reports -Dspring.output.ansi.enabled=never surefire:test,investigation/raw/v2/04/default/1/stderr.log,Maven + forked JVM stderr,e3b0c44298fc1c149afbf4c8996fb92427ae41e4649b934ca495991b7852b855,0,0,0,tiktoken 0.14.0 o200k_base
04,default,1,1,True,True,Error creating bean with name 'port',mvn -o -B -ntp -Dmaven.repo.local=/Users/hadiranjbar/Downloads/java/token.usage/investigation/.m2 -Pinvestigation -Dtest=FailureCasesTest -Dexperiment.case=04 -Dexperiment.artifactDir=/Users/hadiranjbar/Downloads/java/token.usage/investigation/raw/v2/04/default/1 -Dexperiment.reportDir=/Users/hadiranjbar/Downloads/java/token.usage/investigation/raw/v2/04/default/1/reports -Dspring.output.ansi.enabled=never surefire:test,investigation/raw/v2/04/default/1/stdout.log,Maven + forked JVM stdout,f7e7465534cda622d56aa141cfa285629499eeaec109804d0f7ed4c2469bc8b7,25088,225,6632,tiktoken 0.14.0 o200k_base
04,default,2,1,True,True,Error creating bean with name 'port',mvn -o -B -ntp -Dmaven.repo.local=/Users/hadiranjbar/Downloads/java/token.usage/investigation/.m2 -Pinvestigation -Dtest=FailureCasesTest -Dexperiment.case=04 -Dexperiment.artifactDir=/Users/hadiranjbar/Downloads/java/token.usage/investigation/raw/v2/04/default/2 -Dexperiment.reportDir=/Users/hadiranjbar/Downloads/java/token.usage/investigation/raw/v2/04/default/2/reports -Dspring.output.ansi.enabled=never surefire:test,investigation/raw/v2/04/default/2/reports/TEST-com.ai.token.experiment.FailureCasesTest.xml,test-runner report,61b550cf032a896df22aeddab500437f4774da4c47765478af828931e1c26ee2,48973,261,14382,tiktoken 0.14.0 o200k_base
04,default,2,1,True,True,Error creating bean with name 'port',mvn -o -B -ntp -Dmaven.repo.local=/Users/hadiranjbar/Downloads/java/token.usage/investigation/.m2 -Pinvestigation -Dtest=FailureCasesTest -Dexperiment.case=04 -Dexperiment.artifactDir=/Users/hadiranjbar/Downloads/java/token.usage/investigation/raw/v2/04/default/2 -Dexperiment.reportDir=/Users/hadiranjbar/Downloads/java/token.usage/investigation/raw/v2/04/default/2/reports -Dspring.output.ansi.enabled=never surefire:test,investigation/raw/v2/04/default/2/reports/com.ai.token.experiment.FailureCasesTest.txt,test-runner report,4b0132d932d5e4eddeddcfda04ec53b586af2d2935a22e00db0640d3aea7078b,4323,41,807,tiktoken 0.14.0 o200k_base
04,default,2,1,True,True,Error creating bean with name 'port',mvn -o -B -ntp -Dmaven.repo.local=/Users/hadiranjbar/Downloads/java/token.usage/investigation/.m2 -Pinvestigation -Dtest=FailureCasesTest -Dexperiment.case=04 -Dexperiment.artifactDir=/Users/hadiranjbar/Downloads/java/token.usage/investigation/raw/v2/04/default/2 -Dexperiment.reportDir=/Users/hadiranjbar/Downloads/java/token.usage/investigation/raw/v2/04/default/2/reports -Dspring.output.ansi.enabled=never surefire:test,investigation/raw/v2/04/default/2/stderr.log,Maven + forked JVM stderr,e3b0c44298fc1c149afbf4c8996fb92427ae41e4649b934ca495991b7852b855,0,0,0,tiktoken 0.14.0 o200k_base
04,default,2,1,True,True,Error creating bean with name 'port',mvn -o -B -ntp -Dmaven.repo.local=/Users/hadiranjbar/Downloads/java/token.usage/investigation/.m2 -Pinvestigation -Dtest=FailureCasesTest -Dexperiment.case=04 -Dexperiment.artifactDir=/Users/hadiranjbar/Downloads/java/token.usage/investigation/raw/v2/04/default/2 -Dexperiment.reportDir=/Users/hadiranjbar/Downloads/java/token.usage/investigation/raw/v2/04/default/2/reports -Dspring.output.ansi.enabled=never surefire:test,investigation/raw/v2/04/default/2/stdout.log,Maven + forked JVM stdout,1566a544e4a508fbc6cd2e8412d815f7fcf3eb824ff3a34d5bba36ca0a85ed9f,25088,225,6632,tiktoken 0.14.0 o200k_base
04,default,3,1,True,True,Error creating bean with name 'port',mvn -o -B -ntp -Dmaven.repo.local=/Users/hadiranjbar/Downloads/java/token.usage/investigation/.m2 -Pinvestigation -Dtest=FailureCasesTest -Dexperiment.case=04 -Dexperiment.artifactDir=/Users/hadiranjbar/Downloads/java/token.usage/investigation/raw/v2/04/default/3 -Dexperiment.reportDir=/Users/hadiranjbar/Downloads/java/token.usage/investigation/raw/v2/04/default/3/reports -Dspring.output.ansi.enabled=never surefire:test,investigation/raw/v2/04/default/3/reports/TEST-com.ai.token.experiment.FailureCasesTest.xml,test-runner report,608c252a52de2d8cdddb53b441e185a07c21b7ea05da3201a470ef838d09e348,48969,261,14381,tiktoken 0.14.0 o200k_base
04,default,3,1,True,True,Error creating bean with name 'port',mvn -o -B -ntp -Dmaven.repo.local=/Users/hadiranjbar/Downloads/java/token.usage/investigation/.m2 -Pinvestigation -Dtest=FailureCasesTest -Dexperiment.case=04 -Dexperiment.artifactDir=/Users/hadiranjbar/Downloads/java/token.usage/investigation/raw/v2/04/default/3 -Dexperiment.reportDir=/Users/hadiranjbar/Downloads/java/token.usage/investigation/raw/v2/04/default/3/reports -Dspring.output.ansi.enabled=never surefire:test,investigation/raw/v2/04/default/3/reports/com.ai.token.experiment.FailureCasesTest.txt,test-runner report,0db67de3fc9c26d1cca84598275b70d58a0d772c1b7f2a62491b21f311ce21ca,4323,41,807,tiktoken 0.14.0 o200k_base
04,default,3,1,True,True,Error creating bean with name 'port',mvn -o -B -ntp -Dmaven.repo.local=/Users/hadiranjbar/Downloads/java/token.usage/investigation/.m2 -Pinvestigation -Dtest=FailureCasesTest -Dexperiment.case=04 -Dexperiment.artifactDir=/Users/hadiranjbar/Downloads/java/token.usage/investigation/raw/v2/04/default/3 -Dexperiment.reportDir=/Users/hadiranjbar/Downloads/java/token.usage/investigation/raw/v2/04/default/3/reports -Dspring.output.ansi.enabled=never surefire:test,investigation/raw/v2/04/default/3/stderr.log,Maven + forked JVM stderr,e3b0c44298fc1c149afbf4c8996fb92427ae41e4649b934ca495991b7852b855,0,0,0,tiktoken 0.14.0 o200k_base
04,default,3,1,True,True,Error creating bean with name 'port',mvn -o -B -ntp -Dmaven.repo.local=/Users/hadiranjbar/Downloads/java/token.usage/investigation/.m2 -Pinvestigation -Dtest=FailureCasesTest -Dexperiment.case=04 -Dexperiment.artifactDir=/Users/hadiranjbar/Downloads/java/token.usage/investigation/raw/v2/04/default/3 -Dexperiment.reportDir=/Users/hadiranjbar/Downloads/java/token.usage/investigation/raw/v2/04/default/3/reports -Dspring.output.ansi.enabled=never surefire:test,investigation/raw/v2/04/default/3/stdout.log,Maven + forked JVM stdout,27ce7b6a6564e46cdde3c271195197ce21295e0060b2db69584dfad226298444,25088,225,6632,tiktoken 0.14.0 o200k_base
04,p1,1,1,True,True,Error creating bean with name 'port',mvn -o -B -ntp -Dmaven.repo.local=/Users/hadiranjbar/Downloads/java/token.usage/investigation/.m2 -Pinvestigation -Dtest=FailureCasesTest -Dexperiment.case=04 -Dexperiment.artifactDir=/Users/hadiranjbar/Downloads/java/token.usage/investigation/raw/v2/04/p1/1 -Dexperiment.reportDir=/Users/hadiranjbar/Downloads/java/token.usage/investigation/raw/v2/04/p1/1/reports -Dspring.output.ansi.enabled=never -Dspring.profiles.active=p1 surefire:test,investigation/raw/v2/04/p1/1/reports/TEST-com.ai.token.experiment.FailureCasesTest.xml,test-runner report,02dae50056e3f3077e973865f9cc5bd44020550683c8219cd8da89c023e163f4,48709,263,14297,tiktoken 0.14.0 o200k_base
04,p1,1,1,True,True,Error creating bean with name 'port',mvn -o -B -ntp -Dmaven.repo.local=/Users/hadiranjbar/Downloads/java/token.usage/investigation/.m2 -Pinvestigation -Dtest=FailureCasesTest -Dexperiment.case=04 -Dexperiment.artifactDir=/Users/hadiranjbar/Downloads/java/token.usage/investigation/raw/v2/04/p1/1 -Dexperiment.reportDir=/Users/hadiranjbar/Downloads/java/token.usage/investigation/raw/v2/04/p1/1/reports -Dspring.output.ansi.enabled=never -Dspring.profiles.active=p1 surefire:test,investigation/raw/v2/04/p1/1/reports/com.ai.token.experiment.FailureCasesTest.txt,test-runner report,33d1d2c5a2b07cfba8c04083b61b0448d08880fc79ed5f80ad9f295a57b37395,4323,41,807,tiktoken 0.14.0 o200k_base
04,p1,1,1,True,True,Error creating bean with name 'port',mvn -o -B -ntp -Dmaven.repo.local=/Users/hadiranjbar/Downloads/java/token.usage/investigation/.m2 -Pinvestigation -Dtest=FailureCasesTest -Dexperiment.case=04 -Dexperiment.artifactDir=/Users/hadiranjbar/Downloads/java/token.usage/investigation/raw/v2/04/p1/1 -Dexperiment.reportDir=/Users/hadiranjbar/Downloads/java/token.usage/investigation/raw/v2/04/p1/1/reports -Dspring.output.ansi.enabled=never -Dspring.profiles.active=p1 surefire:test,investigation/raw/v2/04/p1/1/stderr.log,Maven + forked JVM stderr,e3b0c44298fc1c149afbf4c8996fb92427ae41e4649b934ca495991b7852b855,0,0,0,tiktoken 0.14.0 o200k_base
04,p1,1,1,True,True,Error creating bean with name 'port',mvn -o -B -ntp -Dmaven.repo.local=/Users/hadiranjbar/Downloads/java/token.usage/investigation/.m2 -Pinvestigation -Dtest=FailureCasesTest -Dexperiment.case=04 -Dexperiment.artifactDir=/Users/hadiranjbar/Downloads/java/token.usage/investigation/raw/v2/04/p1/1 -Dexperiment.reportDir=/Users/hadiranjbar/Downloads/java/token.usage/investigation/raw/v2/04/p1/1/reports -Dspring.output.ansi.enabled=never -Dspring.profiles.active=p1 surefire:test,investigation/raw/v2/04/p1/1/stdout.log,Maven + forked JVM stdout,b8d1a0596253554e9e97200ba16a4f7555e2a58462edd7791a61c3396858d839,24663,225,6494,tiktoken 0.14.0 o200k_base
04,p1,2,1,True,True,Error creating bean with name 'port',mvn -o -B -ntp -Dmaven.repo.local=/Users/hadiranjbar/Downloads/java/token.usage/investigation/.m2 -Pinvestigation -Dtest=FailureCasesTest -Dexperiment.case=04 -Dexperiment.artifactDir=/Users/hadiranjbar/Downloads/java/token.usage/investigation/raw/v2/04/p1/2 -Dexperiment.reportDir=/Users/hadiranjbar/Downloads/java/token.usage/investigation/raw/v2/04/p1/2/reports -Dspring.output.ansi.enabled=never -Dspring.profiles.active=p1 surefire:test,investigation/raw/v2/04/p1/2/reports/TEST-com.ai.token.experiment.FailureCasesTest.xml,test-runner report,c717e5f7c816f5750b6d16b3016fbf9381d372022859736809aa9daf741e3d3e,48709,263,14297,tiktoken 0.14.0 o200k_base
04,p1,2,1,True,True,Error creating bean with name 'port',mvn -o -B -ntp -Dmaven.repo.local=/Users/hadiranjbar/Downloads/java/token.usage/investigation/.m2 -Pinvestigation -Dtest=FailureCasesTest -Dexperiment.case=04 -Dexperiment.artifactDir=/Users/hadiranjbar/Downloads/java/token.usage/investigation/raw/v2/04/p1/2 -Dexperiment.reportDir=/Users/hadiranjbar/Downloads/java/token.usage/investigation/raw/v2/04/p1/2/reports -Dspring.output.ansi.enabled=never -Dspring.profiles.active=p1 surefire:test,investigation/raw/v2/04/p1/2/reports/com.ai.token.experiment.FailureCasesTest.txt,test-runner report,96946654a669050ed1898f9781f25a4e01f26a0da1116af6c4d834b1b6fd4e06,4323,41,807,tiktoken 0.14.0 o200k_base
04,p1,2,1,True,True,Error creating bean with name 'port',mvn -o -B -ntp -Dmaven.repo.local=/Users/hadiranjbar/Downloads/java/token.usage/investigation/.m2 -Pinvestigation -Dtest=FailureCasesTest -Dexperiment.case=04 -Dexperiment.artifactDir=/Users/hadiranjbar/Downloads/java/token.usage/investigation/raw/v2/04/p1/2 -Dexperiment.reportDir=/Users/hadiranjbar/Downloads/java/token.usage/investigation/raw/v2/04/p1/2/reports -Dspring.output.ansi.enabled=never -Dspring.profiles.active=p1 surefire:test,investigation/raw/v2/04/p1/2/stderr.log,Maven + forked JVM stderr,e3b0c44298fc1c149afbf4c8996fb92427ae41e4649b934ca495991b7852b855,0,0,0,tiktoken 0.14.0 o200k_base
04,p1,2,1,True,True,Error creating bean with name 'port',mvn -o -B -ntp -Dmaven.repo.local=/Users/hadiranjbar/Downloads/java/token.usage/investigation/.m2 -Pinvestigation -Dtest=FailureCasesTest -Dexperiment.case=04 -Dexperiment.artifactDir=/Users/hadiranjbar/Downloads/java/token.usage/investigation/raw/v2/04/p1/2 -Dexperiment.reportDir=/Users/hadiranjbar/Downloads/java/token.usage/investigation/raw/v2/04/p1/2/reports -Dspring.output.ansi.enabled=never -Dspring.profiles.active=p1 surefire:test,investigation/raw/v2/04/p1/2/stdout.log,Maven + forked JVM stdout,06d448bb631f5915c8c60acfe45afbd483ac4d38c32c104859a5dcdc9f302a15,24663,225,6494,tiktoken 0.14.0 o200k_base
04,p1,3,1,True,True,Error creating bean with name 'port',mvn -o -B -ntp -Dmaven.repo.local=/Users/hadiranjbar/Downloads/java/token.usage/investigation/.m2 -Pinvestigation -Dtest=FailureCasesTest -Dexperiment.case=04 -Dexperiment.artifactDir=/Users/hadiranjbar/Downloads/java/token.usage/investigation/raw/v2/04/p1/3 -Dexperiment.reportDir=/Users/hadiranjbar/Downloads/java/token.usage/investigation/raw/v2/04/p1/3/reports -Dspring.output.ansi.enabled=never -Dspring.profiles.active=p1 surefire:test,investigation/raw/v2/04/p1/3/reports/TEST-com.ai.token.experiment.FailureCasesTest.xml,test-runner report,35f43f21d119847b2413b9e2080dd07efcf3636c6a380e8a53e28514b39c7e18,48705,263,14296,tiktoken 0.14.0 o200k_base
04,p1,3,1,True,True,Error creating bean with name 'port',mvn -o -B -ntp -Dmaven.repo.local=/Users/hadiranjbar/Downloads/java/token.usage/investigation/.m2 -Pinvestigation -Dtest=FailureCasesTest -Dexperiment.case=04 -Dexperiment.artifactDir=/Users/hadiranjbar/Downloads/java/token.usage/investigation/raw/v2/04/p1/3 -Dexperiment.reportDir=/Users/hadiranjbar/Downloads/java/token.usage/investigation/raw/v2/04/p1/3/reports -Dspring.output.ansi.enabled=never -Dspring.profiles.active=p1 surefire:test,investigation/raw/v2/04/p1/3/reports/com.ai.token.experiment.FailureCasesTest.txt,test-runner report,49c8f43bb622935ebf11fe0c4da7837d39a7af4c1d8926a5be1cb911a34211bc,4323,41,807,tiktoken 0.14.0 o200k_base
04,p1,3,1,True,True,Error creating bean with name 'port',mvn -o -B -ntp -Dmaven.repo.local=/Users/hadiranjbar/Downloads/java/token.usage/investigation/.m2 -Pinvestigation -Dtest=FailureCasesTest -Dexperiment.case=04 -Dexperiment.artifactDir=/Users/hadiranjbar/Downloads/java/token.usage/investigation/raw/v2/04/p1/3 -Dexperiment.reportDir=/Users/hadiranjbar/Downloads/java/token.usage/investigation/raw/v2/04/p1/3/reports -Dspring.output.ansi.enabled=never -Dspring.profiles.active=p1 surefire:test,investigation/raw/v2/04/p1/3/stderr.log,Maven + forked JVM stderr,e3b0c44298fc1c149afbf4c8996fb92427ae41e4649b934ca495991b7852b855,0,0,0,tiktoken 0.14.0 o200k_base
04,p1,3,1,True,True,Error creating bean with name 'port',mvn -o -B -ntp -Dmaven.repo.local=/Users/hadiranjbar/Downloads/java/token.usage/investigation/.m2 -Pinvestigation -Dtest=FailureCasesTest -Dexperiment.case=04 -Dexperiment.artifactDir=/Users/hadiranjbar/Downloads/java/token.usage/investigation/raw/v2/04/p1/3 -Dexperiment.reportDir=/Users/hadiranjbar/Downloads/java/token.usage/investigation/raw/v2/04/p1/3/reports -Dspring.output.ansi.enabled=never -Dspring.profiles.active=p1 surefire:test,investigation/raw/v2/04/p1/3/stdout.log,Maven + forked JVM stdout,59fdbfb3207a88d006dd3b8317d0716ec2af745f18413ebb63e6419902182d51,24663,225,6494,tiktoken 0.14.0 o200k_base
04,p2,1,1,True,True,Error creating bean with name 'port',mvn -o -B -ntp -Dmaven.repo.local=/Users/hadiranjbar/Downloads/java/token.usage/investigation/.m2 -Pinvestigation -Dtest=FailureCasesTest -Dexperiment.case=04 -Dexperiment.artifactDir=/Users/hadiranjbar/Downloads/java/token.usage/investigation/raw/v2/04/p2/1 -Dexperiment.reportDir=/Users/hadiranjbar/Downloads/java/token.usage/investigation/raw/v2/04/p2/1/reports -Dspring.output.ansi.enabled=never -Dspring.profiles.active=p2 surefire:test,investigation/raw/v2/04/p2/1/reports/TEST-com.ai.token.experiment.FailureCasesTest.xml,test-runner report,f6f345aa68735c39888e8c21cea72e11a081bb694091c8f9ca5995f5f0f294d1,38118,188,11331,tiktoken 0.14.0 o200k_base
04,p2,1,1,True,True,Error creating bean with name 'port',mvn -o -B -ntp -Dmaven.repo.local=/Users/hadiranjbar/Downloads/java/token.usage/investigation/.m2 -Pinvestigation -Dtest=FailureCasesTest -Dexperiment.case=04 -Dexperiment.artifactDir=/Users/hadiranjbar/Downloads/java/token.usage/investigation/raw/v2/04/p2/1 -Dexperiment.reportDir=/Users/hadiranjbar/Downloads/java/token.usage/investigation/raw/v2/04/p2/1/reports -Dspring.output.ansi.enabled=never -Dspring.profiles.active=p2 surefire:test,investigation/raw/v2/04/p2/1/reports/com.ai.token.experiment.FailureCasesTest.txt,test-runner report,d89bbeae82fa28cffebba081179f15c5732fb87e4522550c64653e8ce2115ec4,4323,41,807,tiktoken 0.14.0 o200k_base
04,p2,1,1,True,True,Error creating bean with name 'port',mvn -o -B -ntp -Dmaven.repo.local=/Users/hadiranjbar/Downloads/java/token.usage/investigation/.m2 -Pinvestigation -Dtest=FailureCasesTest -Dexperiment.case=04 -Dexperiment.artifactDir=/Users/hadiranjbar/Downloads/java/token.usage/investigation/raw/v2/04/p2/1 -Dexperiment.reportDir=/Users/hadiranjbar/Downloads/java/token.usage/investigation/raw/v2/04/p2/1/reports -Dspring.output.ansi.enabled=never -Dspring.profiles.active=p2 surefire:test,investigation/raw/v2/04/p2/1/stderr.log,Maven + forked JVM stderr,e3b0c44298fc1c149afbf4c8996fb92427ae41e4649b934ca495991b7852b855,0,0,0,tiktoken 0.14.0 o200k_base
04,p2,1,1,True,True,Error creating bean with name 'port',mvn -o -B -ntp -Dmaven.repo.local=/Users/hadiranjbar/Downloads/java/token.usage/investigation/.m2 -Pinvestigation -Dtest=FailureCasesTest -Dexperiment.case=04 -Dexperiment.artifactDir=/Users/hadiranjbar/Downloads/java/token.usage/investigation/raw/v2/04/p2/1 -Dexperiment.reportDir=/Users/hadiranjbar/Downloads/java/token.usage/investigation/raw/v2/04/p2/1/reports -Dspring.output.ansi.enabled=never -Dspring.profiles.active=p2 surefire:test,investigation/raw/v2/04/p2/1/stdout.log,Maven + forked JVM stdout,9a7054a5cf1f3cddd7fd5df4a370b5444b533c0a9a4cd14713fb7815a7ba1897,13953,150,3483,tiktoken 0.14.0 o200k_base
04,p2,2,1,True,True,Error creating bean with name 'port',mvn -o -B -ntp -Dmaven.repo.local=/Users/hadiranjbar/Downloads/java/token.usage/investigation/.m2 -Pinvestigation -Dtest=FailureCasesTest -Dexperiment.case=04 -Dexperiment.artifactDir=/Users/hadiranjbar/Downloads/java/token.usage/investigation/raw/v2/04/p2/2 -Dexperiment.reportDir=/Users/hadiranjbar/Downloads/java/token.usage/investigation/raw/v2/04/p2/2/reports -Dspring.output.ansi.enabled=never -Dspring.profiles.active=p2 surefire:test,investigation/raw/v2/04/p2/2/reports/TEST-com.ai.token.experiment.FailureCasesTest.xml,test-runner report,303b70c6869b8c50fb088d569c59c73b1b50dbd8609777bdda23f7beabce3523,38118,188,11331,tiktoken 0.14.0 o200k_base
04,p2,2,1,True,True,Error creating bean with name 'port',mvn -o -B -ntp -Dmaven.repo.local=/Users/hadiranjbar/Downloads/java/token.usage/investigation/.m2 -Pinvestigation -Dtest=FailureCasesTest -Dexperiment.case=04 -Dexperiment.artifactDir=/Users/hadiranjbar/Downloads/java/token.usage/investigation/raw/v2/04/p2/2 -Dexperiment.reportDir=/Users/hadiranjbar/Downloads/java/token.usage/investigation/raw/v2/04/p2/2/reports -Dspring.output.ansi.enabled=never -Dspring.profiles.active=p2 surefire:test,investigation/raw/v2/04/p2/2/reports/com.ai.token.experiment.FailureCasesTest.txt,test-runner report,ace0f6274ec539a46726e748db704995de091f20a9da2ef8b72f598fe7f56fa0,4323,41,807,tiktoken 0.14.0 o200k_base
04,p2,2,1,True,True,Error creating bean with name 'port',mvn -o -B -ntp -Dmaven.repo.local=/Users/hadiranjbar/Downloads/java/token.usage/investigation/.m2 -Pinvestigation -Dtest=FailureCasesTest -Dexperiment.case=04 -Dexperiment.artifactDir=/Users/hadiranjbar/Downloads/java/token.usage/investigation/raw/v2/04/p2/2 -Dexperiment.reportDir=/Users/hadiranjbar/Downloads/java/token.usage/investigation/raw/v2/04/p2/2/reports -Dspring.output.ansi.enabled=never -Dspring.profiles.active=p2 surefire:test,investigation/raw/v2/04/p2/2/stderr.log,Maven + forked JVM stderr,e3b0c44298fc1c149afbf4c8996fb92427ae41e4649b934ca495991b7852b855,0,0,0,tiktoken 0.14.0 o200k_base
04,p2,2,1,True,True,Error creating bean with name 'port',mvn -o -B -ntp -Dmaven.repo.local=/Users/hadiranjbar/Downloads/java/token.usage/investigation/.m2 -Pinvestigation -Dtest=FailureCasesTest -Dexperiment.case=04 -Dexperiment.artifactDir=/Users/hadiranjbar/Downloads/java/token.usage/investigation/raw/v2/04/p2/2 -Dexperiment.reportDir=/Users/hadiranjbar/Downloads/java/token.usage/investigation/raw/v2/04/p2/2/reports -Dspring.output.ansi.enabled=never -Dspring.profiles.active=p2 surefire:test,investigation/raw/v2/04/p2/2/stdout.log,Maven + forked JVM stdout,91941c0869c4d1436eaf19885484026266ffc7d03ca7dfd28c4b9b5656c80ebd,13953,150,3483,tiktoken 0.14.0 o200k_base
04,p2,3,1,True,True,Error creating bean with name 'port',mvn -o -B -ntp -Dmaven.repo.local=/Users/hadiranjbar/Downloads/java/token.usage/investigation/.m2 -Pinvestigation -Dtest=FailureCasesTest -Dexperiment.case=04 -Dexperiment.artifactDir=/Users/hadiranjbar/Downloads/java/token.usage/investigation/raw/v2/04/p2/3 -Dexperiment.reportDir=/Users/hadiranjbar/Downloads/java/token.usage/investigation/raw/v2/04/p2/3/reports -Dspring.output.ansi.enabled=never -Dspring.profiles.active=p2 surefire:test,investigation/raw/v2/04/p2/3/reports/TEST-com.ai.token.experiment.FailureCasesTest.xml,test-runner report,dd01408462dded11a9f8c5fbd2a16ed692fdcb1681055eab733f0f13b580d058,38117,188,11331,tiktoken 0.14.0 o200k_base
04,p2,3,1,True,True,Error creating bean with name 'port',mvn -o -B -ntp -Dmaven.repo.local=/Users/hadiranjbar/Downloads/java/token.usage/investigation/.m2 -Pinvestigation -Dtest=FailureCasesTest -Dexperiment.case=04 -Dexperiment.artifactDir=/Users/hadiranjbar/Downloads/java/token.usage/investigation/raw/v2/04/p2/3 -Dexperiment.reportDir=/Users/hadiranjbar/Downloads/java/token.usage/investigation/raw/v2/04/p2/3/reports -Dspring.output.ansi.enabled=never -Dspring.profiles.active=p2 surefire:test,investigation/raw/v2/04/p2/3/reports/com.ai.token.experiment.FailureCasesTest.txt,test-runner report,ca03dd0a3c79e2f7ac2019c8f900e6028815981d8687c47a467157064f099cfc,4323,41,807,tiktoken 0.14.0 o200k_base
04,p2,3,1,True,True,Error creating bean with name 'port',mvn -o -B -ntp -Dmaven.repo.local=/Users/hadiranjbar/Downloads/java/token.usage/investigation/.m2 -Pinvestigation -Dtest=FailureCasesTest -Dexperiment.case=04 -Dexperiment.artifactDir=/Users/hadiranjbar/Downloads/java/token.usage/investigation/raw/v2/04/p2/3 -Dexperiment.reportDir=/Users/hadiranjbar/Downloads/java/token.usage/investigation/raw/v2/04/p2/3/reports -Dspring.output.ansi.enabled=never -Dspring.profiles.active=p2 surefire:test,investigation/raw/v2/04/p2/3/stderr.log,Maven + forked JVM stderr,e3b0c44298fc1c149afbf4c8996fb92427ae41e4649b934ca495991b7852b855,0,0,0,tiktoken 0.14.0 o200k_base
04,p2,3,1,True,True,Error creating bean with name 'port',mvn -o -B -ntp -Dmaven.repo.local=/Users/hadiranjbar/Downloads/java/token.usage/investigation/.m2 -Pinvestigation -Dtest=FailureCasesTest -Dexperiment.case=04 -Dexperiment.artifactDir=/Users/hadiranjbar/Downloads/java/token.usage/investigation/raw/v2/04/p2/3 -Dexperiment.reportDir=/Users/hadiranjbar/Downloads/java/token.usage/investigation/raw/v2/04/p2/3/reports -Dspring.output.ansi.enabled=never -Dspring.profiles.active=p2 surefire:test,investigation/raw/v2/04/p2/3/stdout.log,Maven + forked JVM stdout,6dec02090df85234679222bf5eef9df35688ba978b3deb65c580d05d8d5e98b7,13952,150,3483,tiktoken 0.14.0 o200k_base
04,p4,1,1,True,True,Error creating bean with name 'port',"mvn -o -B -ntp -Dmaven.repo.local=/Users/hadiranjbar/Downloads/java/token.usage/investigation/.m2 -Pinvestigation,agent-reports -Dtest=FailureCasesTest -Dexperiment.case=04 -Dexperiment.artifactDir=/Users/hadiranjbar/Downloads/java/token.usage/investigation/raw/v2/04/p4/1 -Dexperiment.reportDir=/Users/hadiranjbar/Downloads/java/token.usage/investigation/raw/v2/04/p4/1/reports -Dspring.output.ansi.enabled=never surefire:test",investigation/raw/v2/04/p4/1/reports/TEST-com.ai.token.experiment.FailureCasesTest.xml,test-runner report,22945225baea297761598377341e90011f547fe28acb12d014f41033af506611,45840,232,13833,tiktoken 0.14.0 o200k_base
04,p4,1,1,True,True,Error creating bean with name 'port',"mvn -o -B -ntp -Dmaven.repo.local=/Users/hadiranjbar/Downloads/java/token.usage/investigation/.m2 -Pinvestigation,agent-reports -Dtest=FailureCasesTest -Dexperiment.case=04 -Dexperiment.artifactDir=/Users/hadiranjbar/Downloads/java/token.usage/investigation/raw/v2/04/p4/1 -Dexperiment.reportDir=/Users/hadiranjbar/Downloads/java/token.usage/investigation/raw/v2/04/p4/1/reports -Dspring.output.ansi.enabled=never surefire:test",investigation/raw/v2/04/p4/1/reports/com.ai.token.experiment.FailureCasesTest.txt,test-runner report,94c1766a7b3669075a121f661183e61f4a289f1e1948559e608f8f9a13fd134f,1200,12,256,tiktoken 0.14.0 o200k_base
04,p4,1,1,True,True,Error creating bean with name 'port',"mvn -o -B -ntp -Dmaven.repo.local=/Users/hadiranjbar/Downloads/java/token.usage/investigation/.m2 -Pinvestigation,agent-reports -Dtest=FailureCasesTest -Dexperiment.case=04 -Dexperiment.artifactDir=/Users/hadiranjbar/Downloads/java/token.usage/investigation/raw/v2/04/p4/1 -Dexperiment.reportDir=/Users/hadiranjbar/Downloads/java/token.usage/investigation/raw/v2/04/p4/1/reports -Dspring.output.ansi.enabled=never surefire:test",investigation/raw/v2/04/p4/1/stderr.log,Maven + forked JVM stderr,e3b0c44298fc1c149afbf4c8996fb92427ae41e4649b934ca495991b7852b855,0,0,0,tiktoken 0.14.0 o200k_base
04,p4,1,1,True,True,Error creating bean with name 'port',"mvn -o -B -ntp -Dmaven.repo.local=/Users/hadiranjbar/Downloads/java/token.usage/investigation/.m2 -Pinvestigation,agent-reports -Dtest=FailureCasesTest -Dexperiment.case=04 -Dexperiment.artifactDir=/Users/hadiranjbar/Downloads/java/token.usage/investigation/raw/v2/04/p4/1 -Dexperiment.reportDir=/Users/hadiranjbar/Downloads/java/token.usage/investigation/raw/v2/04/p4/1/reports -Dspring.output.ansi.enabled=never surefire:test",investigation/raw/v2/04/p4/1/stdout.log,Maven + forked JVM stdout,b9ac19e2e2af4d26119dd356428cdc1e9ecb485107b05e16da8e449677e55902,21960,196,6082,tiktoken 0.14.0 o200k_base
04,p4,2,1,True,True,Error creating bean with name 'port',"mvn -o -B -ntp -Dmaven.repo.local=/Users/hadiranjbar/Downloads/java/token.usage/investigation/.m2 -Pinvestigation,agent-reports -Dtest=FailureCasesTest -Dexperiment.case=04 -Dexperiment.artifactDir=/Users/hadiranjbar/Downloads/java/token.usage/investigation/raw/v2/04/p4/2 -Dexperiment.reportDir=/Users/hadiranjbar/Downloads/java/token.usage/investigation/raw/v2/04/p4/2/reports -Dspring.output.ansi.enabled=never surefire:test",investigation/raw/v2/04/p4/2/reports/TEST-com.ai.token.experiment.FailureCasesTest.xml,test-runner report,e1961f647558b86f8f87887a7db9731867baea8575a1090cec4e117af4a8881c,45836,232,13832,tiktoken 0.14.0 o200k_base
04,p4,2,1,True,True,Error creating bean with name 'port',"mvn -o -B -ntp -Dmaven.repo.local=/Users/hadiranjbar/Downloads/java/token.usage/investigation/.m2 -Pinvestigation,agent-reports -Dtest=FailureCasesTest -Dexperiment.case=04 -Dexperiment.artifactDir=/Users/hadiranjbar/Downloads/java/token.usage/investigation/raw/v2/04/p4/2 -Dexperiment.reportDir=/Users/hadiranjbar/Downloads/java/token.usage/investigation/raw/v2/04/p4/2/reports -Dspring.output.ansi.enabled=never surefire:test",investigation/raw/v2/04/p4/2/reports/com.ai.token.experiment.FailureCasesTest.txt,test-runner report,df94058b851b353669d9fa8bf29d7b6c206d08aae6212b450c600dd59eaeea8a,1200,12,256,tiktoken 0.14.0 o200k_base
04,p4,2,1,True,True,Error creating bean with name 'port',"mvn -o -B -ntp -Dmaven.repo.local=/Users/hadiranjbar/Downloads/java/token.usage/investigation/.m2 -Pinvestigation,agent-reports -Dtest=FailureCasesTest -Dexperiment.case=04 -Dexperiment.artifactDir=/Users/hadiranjbar/Downloads/java/token.usage/investigation/raw/v2/04/p4/2 -Dexperiment.reportDir=/Users/hadiranjbar/Downloads/java/token.usage/investigation/raw/v2/04/p4/2/reports -Dspring.output.ansi.enabled=never surefire:test",investigation/raw/v2/04/p4/2/stderr.log,Maven + forked JVM stderr,e3b0c44298fc1c149afbf4c8996fb92427ae41e4649b934ca495991b7852b855,0,0,0,tiktoken 0.14.0 o200k_base
04,p4,2,1,True,True,Error creating bean with name 'port',"mvn -o -B -ntp -Dmaven.repo.local=/Users/hadiranjbar/Downloads/java/token.usage/investigation/.m2 -Pinvestigation,agent-reports -Dtest=FailureCasesTest -Dexperiment.case=04 -Dexperiment.artifactDir=/Users/hadiranjbar/Downloads/java/token.usage/investigation/raw/v2/04/p4/2 -Dexperiment.reportDir=/Users/hadiranjbar/Downloads/java/token.usage/investigation/raw/v2/04/p4/2/reports -Dspring.output.ansi.enabled=never surefire:test",investigation/raw/v2/04/p4/2/stdout.log,Maven + forked JVM stdout,c2a5fb72750290305b5ac128629e255a71e29bb2934b3e5f88ccb2549b3e6743,21960,196,6082,tiktoken 0.14.0 o200k_base
04,p4,3,1,True,True,Error creating bean with name 'port',"mvn -o -B -ntp -Dmaven.repo.local=/Users/hadiranjbar/Downloads/java/token.usage/investigation/.m2 -Pinvestigation,agent-reports -Dtest=FailureCasesTest -Dexperiment.case=04 -Dexperiment.artifactDir=/Users/hadiranjbar/Downloads/java/token.usage/investigation/raw/v2/04/p4/3 -Dexperiment.reportDir=/Users/hadiranjbar/Downloads/java/token.usage/investigation/raw/v2/04/p4/3/reports -Dspring.output.ansi.enabled=never surefire:test",investigation/raw/v2/04/p4/3/reports/TEST-com.ai.token.experiment.FailureCasesTest.xml,test-runner report,1e2e2e0905b04ea2be0c109e4717dfe4d4c75f44e7fb269c38baf39cb97c71ca,45840,232,13833,tiktoken 0.14.0 o200k_base
04,p4,3,1,True,True,Error creating bean with name 'port',"mvn -o -B -ntp -Dmaven.repo.local=/Users/hadiranjbar/Downloads/java/token.usage/investigation/.m2 -Pinvestigation,agent-reports -Dtest=FailureCasesTest -Dexperiment.case=04 -Dexperiment.artifactDir=/Users/hadiranjbar/Downloads/java/token.usage/investigation/raw/v2/04/p4/3 -Dexperiment.reportDir=/Users/hadiranjbar/Downloads/java/token.usage/investigation/raw/v2/04/p4/3/reports -Dspring.output.ansi.enabled=never surefire:test",investigation/raw/v2/04/p4/3/reports/com.ai.token.experiment.FailureCasesTest.txt,test-runner report,2eae56e52bac82ca5a82f8b23246b3b7472ef7ce54a49f7e66ecefca7375d46f,1200,12,256,tiktoken 0.14.0 o200k_base
04,p4,3,1,True,True,Error creating bean with name 'port',"mvn -o -B -ntp -Dmaven.repo.local=/Users/hadiranjbar/Downloads/java/token.usage/investigation/.m2 -Pinvestigation,agent-reports -Dtest=FailureCasesTest -Dexperiment.case=04 -Dexperiment.artifactDir=/Users/hadiranjbar/Downloads/java/token.usage/investigation/raw/v2/04/p4/3 -Dexperiment.reportDir=/Users/hadiranjbar/Downloads/java/token.usage/investigation/raw/v2/04/p4/3/reports -Dspring.output.ansi.enabled=never surefire:test",investigation/raw/v2/04/p4/3/stderr.log,Maven + forked JVM stderr,e3b0c44298fc1c149afbf4c8996fb92427ae41e4649b934ca495991b7852b855,0,0,0,tiktoken 0.14.0 o200k_base
04,p4,3,1,True,True,Error creating bean with name 'port',"mvn -o -B -ntp -Dmaven.repo.local=/Users/hadiranjbar/Downloads/java/token.usage/investigation/.m2 -Pinvestigation,agent-reports -Dtest=FailureCasesTest -Dexperiment.case=04 -Dexperiment.artifactDir=/Users/hadiranjbar/Downloads/java/token.usage/investigation/raw/v2/04/p4/3 -Dexperiment.reportDir=/Users/hadiranjbar/Downloads/java/token.usage/investigation/raw/v2/04/p4/3/reports -Dspring.output.ansi.enabled=never surefire:test",investigation/raw/v2/04/p4/3/stdout.log,Maven + forked JVM stdout,27a347afd74b451efd4ef3a6df15e0ec3597b3ad335ea44915b1d3b608a80c80,21960,196,6082,tiktoken 0.14.0 o200k_base
05,agent,1,1,True,True,Unique index or primary key violation,"mvn -o -B -ntp -Dmaven.repo.local=/Users/hadiranjbar/Downloads/java/token.usage/investigation/.m2 -Pinvestigation,agent-reports -Dtest=FailureCasesTest -Dexperiment.case=05 -Dexperiment.artifactDir=/Users/hadiranjbar/Downloads/java/token.usage/investigation/raw/v2/05/agent/1 -Dexperiment.reportDir=/Users/hadiranjbar/Downloads/java/token.usage/investigation/raw/v2/05/agent/1/reports -Dspring.output.ansi.enabled=never -Dspring.profiles.active=agent -Dexperiment.deduplicate=true surefire:test",investigation/raw/v2/05/agent/1/reports/TEST-com.ai.token.experiment.FailureCasesTest.xml,test-runner report,a29bd7470cbbf9b7928fadaeb73252217292558c1792f9607337d4f62a354f9e,28346,102,9089,tiktoken 0.14.0 o200k_base
05,agent,1,1,True,True,Unique index or primary key violation,"mvn -o -B -ntp -Dmaven.repo.local=/Users/hadiranjbar/Downloads/java/token.usage/investigation/.m2 -Pinvestigation,agent-reports -Dtest=FailureCasesTest -Dexperiment.case=05 -Dexperiment.artifactDir=/Users/hadiranjbar/Downloads/java/token.usage/investigation/raw/v2/05/agent/1 -Dexperiment.reportDir=/Users/hadiranjbar/Downloads/java/token.usage/investigation/raw/v2/05/agent/1/reports -Dspring.output.ansi.enabled=never -Dspring.profiles.active=agent -Dexperiment.deduplicate=true surefire:test",investigation/raw/v2/05/agent/1/reports/com.ai.token.experiment.FailureCasesTest.txt,test-runner report,50e5679125cd8534f31e1ca029acaea19d35bd8a2d2cd6d3e41ad616d05540a1,790,10,177,tiktoken 0.14.0 o200k_base
05,agent,1,1,True,True,Unique index or primary key violation,"mvn -o -B -ntp -Dmaven.repo.local=/Users/hadiranjbar/Downloads/java/token.usage/investigation/.m2 -Pinvestigation,agent-reports -Dtest=FailureCasesTest -Dexperiment.case=05 -Dexperiment.artifactDir=/Users/hadiranjbar/Downloads/java/token.usage/investigation/raw/v2/05/agent/1 -Dexperiment.reportDir=/Users/hadiranjbar/Downloads/java/token.usage/investigation/raw/v2/05/agent/1/reports -Dspring.output.ansi.enabled=never -Dspring.profiles.active=agent -Dexperiment.deduplicate=true surefire:test",investigation/raw/v2/05/agent/1/stderr.log,Maven + forked JVM stderr,e3b0c44298fc1c149afbf4c8996fb92427ae41e4649b934ca495991b7852b855,0,0,0,tiktoken 0.14.0 o200k_base
05,agent,1,1,True,True,Unique index or primary key violation,"mvn -o -B -ntp -Dmaven.repo.local=/Users/hadiranjbar/Downloads/java/token.usage/investigation/.m2 -Pinvestigation,agent-reports -Dtest=FailureCasesTest -Dexperiment.case=05 -Dexperiment.artifactDir=/Users/hadiranjbar/Downloads/java/token.usage/investigation/raw/v2/05/agent/1 -Dexperiment.reportDir=/Users/hadiranjbar/Downloads/java/token.usage/investigation/raw/v2/05/agent/1/reports -Dspring.output.ansi.enabled=never -Dspring.profiles.active=agent -Dexperiment.deduplicate=true surefire:test",investigation/raw/v2/05/agent/1/stdout.log,Maven + forked JVM stdout,76c43311ab74af6939d410f414b8a2c006e37252646f801fa386ee7831e2c076,3871,63,1123,tiktoken 0.14.0 o200k_base
05,agent,2,1,True,True,Unique index or primary key violation,"mvn -o -B -ntp -Dmaven.repo.local=/Users/hadiranjbar/Downloads/java/token.usage/investigation/.m2 -Pinvestigation,agent-reports -Dtest=FailureCasesTest -Dexperiment.case=05 -Dexperiment.artifactDir=/Users/hadiranjbar/Downloads/java/token.usage/investigation/raw/v2/05/agent/2 -Dexperiment.reportDir=/Users/hadiranjbar/Downloads/java/token.usage/investigation/raw/v2/05/agent/2/reports -Dspring.output.ansi.enabled=never -Dspring.profiles.active=agent -Dexperiment.deduplicate=true surefire:test",investigation/raw/v2/05/agent/2/reports/TEST-com.ai.token.experiment.FailureCasesTest.xml,test-runner report,bc234c449e6baa27ee5c164dc2bef19c170907147ed4150ff01fdfe365500b6f,28346,102,9089,tiktoken 0.14.0 o200k_base
05,agent,2,1,True,True,Unique index or primary key violation,"mvn -o -B -ntp -Dmaven.repo.local=/Users/hadiranjbar/Downloads/java/token.usage/investigation/.m2 -Pinvestigation,agent-reports -Dtest=FailureCasesTest -Dexperiment.case=05 -Dexperiment.artifactDir=/Users/hadiranjbar/Downloads/java/token.usage/investigation/raw/v2/05/agent/2 -Dexperiment.reportDir=/Users/hadiranjbar/Downloads/java/token.usage/investigation/raw/v2/05/agent/2/reports -Dspring.output.ansi.enabled=never -Dspring.profiles.active=agent -Dexperiment.deduplicate=true surefire:test",investigation/raw/v2/05/agent/2/reports/com.ai.token.experiment.FailureCasesTest.txt,test-runner report,74d2a5fdb489d547be4220747313ab3aedc9abb8e0dab74ac9af2a389fc9c434,790,10,177,tiktoken 0.14.0 o200k_base
05,agent,2,1,True,True,Unique index or primary key violation,"mvn -o -B -ntp -Dmaven.repo.local=/Users/hadiranjbar/Downloads/java/token.usage/investigation/.m2 -Pinvestigation,agent-reports -Dtest=FailureCasesTest -Dexperiment.case=05 -Dexperiment.artifactDir=/Users/hadiranjbar/Downloads/java/token.usage/investigation/raw/v2/05/agent/2 -Dexperiment.reportDir=/Users/hadiranjbar/Downloads/java/token.usage/investigation/raw/v2/05/agent/2/reports -Dspring.output.ansi.enabled=never -Dspring.profiles.active=agent -Dexperiment.deduplicate=true surefire:test",investigation/raw/v2/05/agent/2/stderr.log,Maven + forked JVM stderr,e3b0c44298fc1c149afbf4c8996fb92427ae41e4649b934ca495991b7852b855,0,0,0,tiktoken 0.14.0 o200k_base
05,agent,2,1,True,True,Unique index or primary key violation,"mvn -o -B -ntp -Dmaven.repo.local=/Users/hadiranjbar/Downloads/java/token.usage/investigation/.m2 -Pinvestigation,agent-reports -Dtest=FailureCasesTest -Dexperiment.case=05 -Dexperiment.artifactDir=/Users/hadiranjbar/Downloads/java/token.usage/investigation/raw/v2/05/agent/2 -Dexperiment.reportDir=/Users/hadiranjbar/Downloads/java/token.usage/investigation/raw/v2/05/agent/2/reports -Dspring.output.ansi.enabled=never -Dspring.profiles.active=agent -Dexperiment.deduplicate=true surefire:test",investigation/raw/v2/05/agent/2/stdout.log,Maven + forked JVM stdout,7028e9bcee7440f235fd5afa1d30f096f3e371420fd0314819cc7e0e3742f8e4,3871,63,1123,tiktoken 0.14.0 o200k_base
05,agent,3,1,True,True,Unique index or primary key violation,"mvn -o -B -ntp -Dmaven.repo.local=/Users/hadiranjbar/Downloads/java/token.usage/investigation/.m2 -Pinvestigation,agent-reports -Dtest=FailureCasesTest -Dexperiment.case=05 -Dexperiment.artifactDir=/Users/hadiranjbar/Downloads/java/token.usage/investigation/raw/v2/05/agent/3 -Dexperiment.reportDir=/Users/hadiranjbar/Downloads/java/token.usage/investigation/raw/v2/05/agent/3/reports -Dspring.output.ansi.enabled=never -Dspring.profiles.active=agent -Dexperiment.deduplicate=true surefire:test",investigation/raw/v2/05/agent/3/reports/TEST-com.ai.token.experiment.FailureCasesTest.xml,test-runner report,71c9dcc77fe5bec509cb5f44d82bd4ab377d8d72b25e6c2f03706609ccdb0a51,28342,102,9088,tiktoken 0.14.0 o200k_base
05,agent,3,1,True,True,Unique index or primary key violation,"mvn -o -B -ntp -Dmaven.repo.local=/Users/hadiranjbar/Downloads/java/token.usage/investigation/.m2 -Pinvestigation,agent-reports -Dtest=FailureCasesTest -Dexperiment.case=05 -Dexperiment.artifactDir=/Users/hadiranjbar/Downloads/java/token.usage/investigation/raw/v2/05/agent/3 -Dexperiment.reportDir=/Users/hadiranjbar/Downloads/java/token.usage/investigation/raw/v2/05/agent/3/reports -Dspring.output.ansi.enabled=never -Dspring.profiles.active=agent -Dexperiment.deduplicate=true surefire:test",investigation/raw/v2/05/agent/3/reports/com.ai.token.experiment.FailureCasesTest.txt,test-runner report,aa9ba4011430271154f0c31cd8ee54690c170bcf97e7bd12d1b21df5e5b1e1d8,790,10,177,tiktoken 0.14.0 o200k_base
05,agent,3,1,True,True,Unique index or primary key violation,"mvn -o -B -ntp -Dmaven.repo.local=/Users/hadiranjbar/Downloads/java/token.usage/investigation/.m2 -Pinvestigation,agent-reports -Dtest=FailureCasesTest -Dexperiment.case=05 -Dexperiment.artifactDir=/Users/hadiranjbar/Downloads/java/token.usage/investigation/raw/v2/05/agent/3 -Dexperiment.reportDir=/Users/hadiranjbar/Downloads/java/token.usage/investigation/raw/v2/05/agent/3/reports -Dspring.output.ansi.enabled=never -Dspring.profiles.active=agent -Dexperiment.deduplicate=true surefire:test",investigation/raw/v2/05/agent/3/stderr.log,Maven + forked JVM stderr,e3b0c44298fc1c149afbf4c8996fb92427ae41e4649b934ca495991b7852b855,0,0,0,tiktoken 0.14.0 o200k_base
05,agent,3,1,True,True,Unique index or primary key violation,"mvn -o -B -ntp -Dmaven.repo.local=/Users/hadiranjbar/Downloads/java/token.usage/investigation/.m2 -Pinvestigation,agent-reports -Dtest=FailureCasesTest -Dexperiment.case=05 -Dexperiment.artifactDir=/Users/hadiranjbar/Downloads/java/token.usage/investigation/raw/v2/05/agent/3 -Dexperiment.reportDir=/Users/hadiranjbar/Downloads/java/token.usage/investigation/raw/v2/05/agent/3/reports -Dspring.output.ansi.enabled=never -Dspring.profiles.active=agent -Dexperiment.deduplicate=true surefire:test",investigation/raw/v2/05/agent/3/stdout.log,Maven + forked JVM stdout,d53a0eb328420fa08832eafb1abac8c6e7c697ebc728415370f0891715ae38d9,3871,63,1123,tiktoken 0.14.0 o200k_base
05,default,1,1,True,True,Unique index or primary key violation,mvn -o -B -ntp -Dmaven.repo.local=/Users/hadiranjbar/Downloads/java/token.usage/investigation/.m2 -Pinvestigation -Dtest=FailureCasesTest -Dexperiment.case=05 -Dexperiment.artifactDir=/Users/hadiranjbar/Downloads/java/token.usage/investigation/raw/v2/05/default/1 -Dexperiment.reportDir=/Users/hadiranjbar/Downloads/java/token.usage/investigation/raw/v2/05/default/1/reports -Dspring.output.ansi.enabled=never surefire:test,investigation/raw/v2/05/default/1/reports/TEST-com.ai.token.experiment.FailureCasesTest.xml,test-runner report,8b93bd5e984aae5eeec155c4bd507bf444c33dfc317ada9b85b296a944f1247a,28727,115,9085,tiktoken 0.14.0 o200k_base
05,default,1,1,True,True,Unique index or primary key violation,mvn -o -B -ntp -Dmaven.repo.local=/Users/hadiranjbar/Downloads/java/token.usage/investigation/.m2 -Pinvestigation -Dtest=FailureCasesTest -Dexperiment.case=05 -Dexperiment.artifactDir=/Users/hadiranjbar/Downloads/java/token.usage/investigation/raw/v2/05/default/1 -Dexperiment.reportDir=/Users/hadiranjbar/Downloads/java/token.usage/investigation/raw/v2/05/default/1/reports -Dspring.output.ansi.enabled=never surefire:test,investigation/raw/v2/05/default/1/reports/com.ai.token.experiment.FailureCasesTest.txt,test-runner report,57b5bb2627158a047eea14e1bf2d96f3c0165166b22dc518b58a6e09d54ba91c,1930,27,456,tiktoken 0.14.0 o200k_base
05,default,1,1,True,True,Unique index or primary key violation,mvn -o -B -ntp -Dmaven.repo.local=/Users/hadiranjbar/Downloads/java/token.usage/investigation/.m2 -Pinvestigation -Dtest=FailureCasesTest -Dexperiment.case=05 -Dexperiment.artifactDir=/Users/hadiranjbar/Downloads/java/token.usage/investigation/raw/v2/05/default/1 -Dexperiment.reportDir=/Users/hadiranjbar/Downloads/java/token.usage/investigation/raw/v2/05/default/1/reports -Dspring.output.ansi.enabled=never surefire:test,investigation/raw/v2/05/default/1/stderr.log,Maven + forked JVM stderr,e3b0c44298fc1c149afbf4c8996fb92427ae41e4649b934ca495991b7852b855,0,0,0,tiktoken 0.14.0 o200k_base
05,default,1,1,True,True,Unique index or primary key violation,mvn -o -B -ntp -Dmaven.repo.local=/Users/hadiranjbar/Downloads/java/token.usage/investigation/.m2 -Pinvestigation -Dtest=FailureCasesTest -Dexperiment.case=05 -Dexperiment.artifactDir=/Users/hadiranjbar/Downloads/java/token.usage/investigation/raw/v2/05/default/1 -Dexperiment.reportDir=/Users/hadiranjbar/Downloads/java/token.usage/investigation/raw/v2/05/default/1/reports -Dspring.output.ansi.enabled=never surefire:test,investigation/raw/v2/05/default/1/stdout.log,Maven + forked JVM stdout,fbbb4609ab6cca364ddf11f8cd4071550db3d9773845f14ffeff5ceb8cf9029a,4874,80,1333,tiktoken 0.14.0 o200k_base
05,default,2,1,True,True,Unique index or primary key violation,mvn -o -B -ntp -Dmaven.repo.local=/Users/hadiranjbar/Downloads/java/token.usage/investigation/.m2 -Pinvestigation -Dtest=FailureCasesTest -Dexperiment.case=05 -Dexperiment.artifactDir=/Users/hadiranjbar/Downloads/java/token.usage/investigation/raw/v2/05/default/2 -Dexperiment.reportDir=/Users/hadiranjbar/Downloads/java/token.usage/investigation/raw/v2/05/default/2/reports -Dspring.output.ansi.enabled=never surefire:test,investigation/raw/v2/05/default/2/reports/TEST-com.ai.token.experiment.FailureCasesTest.xml,test-runner report,2c8fc7e1e8914203cb8b82b7a873cedc38d8a11bbb64ec351b603f9322d3e061,28727,115,9085,tiktoken 0.14.0 o200k_base
05,default,2,1,True,True,Unique index or primary key violation,mvn -o -B -ntp -Dmaven.repo.local=/Users/hadiranjbar/Downloads/java/token.usage/investigation/.m2 -Pinvestigation -Dtest=FailureCasesTest -Dexperiment.case=05 -Dexperiment.artifactDir=/Users/hadiranjbar/Downloads/java/token.usage/investigation/raw/v2/05/default/2 -Dexperiment.reportDir=/Users/hadiranjbar/Downloads/java/token.usage/investigation/raw/v2/05/default/2/reports -Dspring.output.ansi.enabled=never surefire:test,investigation/raw/v2/05/default/2/reports/com.ai.token.experiment.FailureCasesTest.txt,test-runner report,53050e1c32d1f9a3e882583b98ecf4d409824a9e45c5a90bf5adbc77cb429e84,1930,27,456,tiktoken 0.14.0 o200k_base
05,default,2,1,True,True,Unique index or primary key violation,mvn -o -B -ntp -Dmaven.repo.local=/Users/hadiranjbar/Downloads/java/token.usage/investigation/.m2 -Pinvestigation -Dtest=FailureCasesTest -Dexperiment.case=05 -Dexperiment.artifactDir=/Users/hadiranjbar/Downloads/java/token.usage/investigation/raw/v2/05/default/2 -Dexperiment.reportDir=/Users/hadiranjbar/Downloads/java/token.usage/investigation/raw/v2/05/default/2/reports -Dspring.output.ansi.enabled=never surefire:test,investigation/raw/v2/05/default/2/stderr.log,Maven + forked JVM stderr,e3b0c44298fc1c149afbf4c8996fb92427ae41e4649b934ca495991b7852b855,0,0,0,tiktoken 0.14.0 o200k_base
05,default,2,1,True,True,Unique index or primary key violation,mvn -o -B -ntp -Dmaven.repo.local=/Users/hadiranjbar/Downloads/java/token.usage/investigation/.m2 -Pinvestigation -Dtest=FailureCasesTest -Dexperiment.case=05 -Dexperiment.artifactDir=/Users/hadiranjbar/Downloads/java/token.usage/investigation/raw/v2/05/default/2 -Dexperiment.reportDir=/Users/hadiranjbar/Downloads/java/token.usage/investigation/raw/v2/05/default/2/reports -Dspring.output.ansi.enabled=never surefire:test,investigation/raw/v2/05/default/2/stdout.log,Maven + forked JVM stdout,26e86f57ed68031e20b01d59da5d66e63e37b25b3c7ab123815d9bded74e17d0,4874,80,1333,tiktoken 0.14.0 o200k_base
05,default,3,1,True,True,Unique index or primary key violation,mvn -o -B -ntp -Dmaven.repo.local=/Users/hadiranjbar/Downloads/java/token.usage/investigation/.m2 -Pinvestigation -Dtest=FailureCasesTest -Dexperiment.case=05 -Dexperiment.artifactDir=/Users/hadiranjbar/Downloads/java/token.usage/investigation/raw/v2/05/default/3 -Dexperiment.reportDir=/Users/hadiranjbar/Downloads/java/token.usage/investigation/raw/v2/05/default/3/reports -Dspring.output.ansi.enabled=never surefire:test,investigation/raw/v2/05/default/3/reports/TEST-com.ai.token.experiment.FailureCasesTest.xml,test-runner report,877a119d11fbaf5c3a2e0af1ec4a81eac811ccd06047e59c0dc065d149d8f264,28730,115,9086,tiktoken 0.14.0 o200k_base
05,default,3,1,True,True,Unique index or primary key violation,mvn -o -B -ntp -Dmaven.repo.local=/Users/hadiranjbar/Downloads/java/token.usage/investigation/.m2 -Pinvestigation -Dtest=FailureCasesTest -Dexperiment.case=05 -Dexperiment.artifactDir=/Users/hadiranjbar/Downloads/java/token.usage/investigation/raw/v2/05/default/3 -Dexperiment.reportDir=/Users/hadiranjbar/Downloads/java/token.usage/investigation/raw/v2/05/default/3/reports -Dspring.output.ansi.enabled=never surefire:test,investigation/raw/v2/05/default/3/reports/com.ai.token.experiment.FailureCasesTest.txt,test-runner report,c02a2d769feb37bb8cbaeea0d0cb1a425fb1e194231b5453a87ac4bc699d2317,1930,27,456,tiktoken 0.14.0 o200k_base
05,default,3,1,True,True,Unique index or primary key violation,mvn -o -B -ntp -Dmaven.repo.local=/Users/hadiranjbar/Downloads/java/token.usage/investigation/.m2 -Pinvestigation -Dtest=FailureCasesTest -Dexperiment.case=05 -Dexperiment.artifactDir=/Users/hadiranjbar/Downloads/java/token.usage/investigation/raw/v2/05/default/3 -Dexperiment.reportDir=/Users/hadiranjbar/Downloads/java/token.usage/investigation/raw/v2/05/default/3/reports -Dspring.output.ansi.enabled=never surefire:test,investigation/raw/v2/05/default/3/stderr.log,Maven + forked JVM stderr,e3b0c44298fc1c149afbf4c8996fb92427ae41e4649b934ca495991b7852b855,0,0,0,tiktoken 0.14.0 o200k_base
05,default,3,1,True,True,Unique index or primary key violation,mvn -o -B -ntp -Dmaven.repo.local=/Users/hadiranjbar/Downloads/java/token.usage/investigation/.m2 -Pinvestigation -Dtest=FailureCasesTest -Dexperiment.case=05 -Dexperiment.artifactDir=/Users/hadiranjbar/Downloads/java/token.usage/investigation/raw/v2/05/default/3 -Dexperiment.reportDir=/Users/hadiranjbar/Downloads/java/token.usage/investigation/raw/v2/05/default/3/reports -Dspring.output.ansi.enabled=never surefire:test,investigation/raw/v2/05/default/3/stdout.log,Maven + forked JVM stdout,fa1288350883b6f3db9353895ca172144104b9dca3b1fe87f35880c6e84b0e05,4873,80,1333,tiktoken 0.14.0 o200k_base
05,p1,1,1,True,True,Unique index or primary key violation,mvn -o -B -ntp -Dmaven.repo.local=/Users/hadiranjbar/Downloads/java/token.usage/investigation/.m2 -Pinvestigation -Dtest=FailureCasesTest -Dexperiment.case=05 -Dexperiment.artifactDir=/Users/hadiranjbar/Downloads/java/token.usage/investigation/raw/v2/05/p1/1 -Dexperiment.reportDir=/Users/hadiranjbar/Downloads/java/token.usage/investigation/raw/v2/05/p1/1/reports -Dspring.output.ansi.enabled=never -Dspring.profiles.active=p1 surefire:test,investigation/raw/v2/05/p1/1/reports/TEST-com.ai.token.experiment.FailureCasesTest.xml,test-runner report,1155a49cc6c1bb83d1e5fc84be019738924e97a8d59f28630c66b1581db815d1,28734,117,9094,tiktoken 0.14.0 o200k_base
05,p1,1,1,True,True,Unique index or primary key violation,mvn -o -B -ntp -Dmaven.repo.local=/Users/hadiranjbar/Downloads/java/token.usage/investigation/.m2 -Pinvestigation -Dtest=FailureCasesTest -Dexperiment.case=05 -Dexperiment.artifactDir=/Users/hadiranjbar/Downloads/java/token.usage/investigation/raw/v2/05/p1/1 -Dexperiment.reportDir=/Users/hadiranjbar/Downloads/java/token.usage/investigation/raw/v2/05/p1/1/reports -Dspring.output.ansi.enabled=never -Dspring.profiles.active=p1 surefire:test,investigation/raw/v2/05/p1/1/reports/com.ai.token.experiment.FailureCasesTest.txt,test-runner report,e6a6a5b53aa03ba9bef98ed293d7737f672ec151cd7118f0b87eb12ae853d828,1930,27,456,tiktoken 0.14.0 o200k_base
05,p1,1,1,True,True,Unique index or primary key violation,mvn -o -B -ntp -Dmaven.repo.local=/Users/hadiranjbar/Downloads/java/token.usage/investigation/.m2 -Pinvestigation -Dtest=FailureCasesTest -Dexperiment.case=05 -Dexperiment.artifactDir=/Users/hadiranjbar/Downloads/java/token.usage/investigation/raw/v2/05/p1/1 -Dexperiment.reportDir=/Users/hadiranjbar/Downloads/java/token.usage/investigation/raw/v2/05/p1/1/reports -Dspring.output.ansi.enabled=never -Dspring.profiles.active=p1 surefire:test,investigation/raw/v2/05/p1/1/stderr.log,Maven + forked JVM stderr,e3b0c44298fc1c149afbf4c8996fb92427ae41e4649b934ca495991b7852b855,0,0,0,tiktoken 0.14.0 o200k_base
05,p1,1,1,True,True,Unique index or primary key violation,mvn -o -B -ntp -Dmaven.repo.local=/Users/hadiranjbar/Downloads/java/token.usage/investigation/.m2 -Pinvestigation -Dtest=FailureCasesTest -Dexperiment.case=05 -Dexperiment.artifactDir=/Users/hadiranjbar/Downloads/java/token.usage/investigation/raw/v2/05/p1/1 -Dexperiment.reportDir=/Users/hadiranjbar/Downloads/java/token.usage/investigation/raw/v2/05/p1/1/reports -Dspring.output.ansi.enabled=never -Dspring.profiles.active=p1 surefire:test,investigation/raw/v2/05/p1/1/stdout.log,Maven + forked JVM stdout,21c0d3920a798c8cd946ef4af46878d90c753d0e7b2d62696c2abc21db1f44a3,4716,80,1288,tiktoken 0.14.0 o200k_base
05,p1,2,1,True,True,Unique index or primary key violation,mvn -o -B -ntp -Dmaven.repo.local=/Users/hadiranjbar/Downloads/java/token.usage/investigation/.m2 -Pinvestigation -Dtest=FailureCasesTest -Dexperiment.case=05 -Dexperiment.artifactDir=/Users/hadiranjbar/Downloads/java/token.usage/investigation/raw/v2/05/p1/2 -Dexperiment.reportDir=/Users/hadiranjbar/Downloads/java/token.usage/investigation/raw/v2/05/p1/2/reports -Dspring.output.ansi.enabled=never -Dspring.profiles.active=p1 surefire:test,investigation/raw/v2/05/p1/2/reports/TEST-com.ai.token.experiment.FailureCasesTest.xml,test-runner report,6bd0668c6eacbae01a7635aac87fb3d2e1da5972f42dd66411358637239f82ba,28729,117,9093,tiktoken 0.14.0 o200k_base
05,p1,2,1,True,True,Unique index or primary key violation,mvn -o -B -ntp -Dmaven.repo.local=/Users/hadiranjbar/Downloads/java/token.usage/investigation/.m2 -Pinvestigation -Dtest=FailureCasesTest -Dexperiment.case=05 -Dexperiment.artifactDir=/Users/hadiranjbar/Downloads/java/token.usage/investigation/raw/v2/05/p1/2 -Dexperiment.reportDir=/Users/hadiranjbar/Downloads/java/token.usage/investigation/raw/v2/05/p1/2/reports -Dspring.output.ansi.enabled=never -Dspring.profiles.active=p1 surefire:test,investigation/raw/v2/05/p1/2/reports/com.ai.token.experiment.FailureCasesTest.txt,test-runner report,fc2aa6b1000f1b3d541101835a62a7e2947cf71ed8f22a38db149220543dead4,1930,27,456,tiktoken 0.14.0 o200k_base
05,p1,2,1,True,True,Unique index or primary key violation,mvn -o -B -ntp -Dmaven.repo.local=/Users/hadiranjbar/Downloads/java/token.usage/investigation/.m2 -Pinvestigation -Dtest=FailureCasesTest -Dexperiment.case=05 -Dexperiment.artifactDir=/Users/hadiranjbar/Downloads/java/token.usage/investigation/raw/v2/05/p1/2 -Dexperiment.reportDir=/Users/hadiranjbar/Downloads/java/token.usage/investigation/raw/v2/05/p1/2/reports -Dspring.output.ansi.enabled=never -Dspring.profiles.active=p1 surefire:test,investigation/raw/v2/05/p1/2/stderr.log,Maven + forked JVM stderr,e3b0c44298fc1c149afbf4c8996fb92427ae41e4649b934ca495991b7852b855,0,0,0,tiktoken 0.14.0 o200k_base
05,p1,2,1,True,True,Unique index or primary key violation,mvn -o -B -ntp -Dmaven.repo.local=/Users/hadiranjbar/Downloads/java/token.usage/investigation/.m2 -Pinvestigation -Dtest=FailureCasesTest -Dexperiment.case=05 -Dexperiment.artifactDir=/Users/hadiranjbar/Downloads/java/token.usage/investigation/raw/v2/05/p1/2 -Dexperiment.reportDir=/Users/hadiranjbar/Downloads/java/token.usage/investigation/raw/v2/05/p1/2/reports -Dspring.output.ansi.enabled=never -Dspring.profiles.active=p1 surefire:test,investigation/raw/v2/05/p1/2/stdout.log,Maven + forked JVM stdout,0c19899b87aab70118cd1a4781729d97296ed77317a23408412ac493fe2536a6,4716,80,1288,tiktoken 0.14.0 o200k_base
05,p1,3,1,True,True,Unique index or primary key violation,mvn -o -B -ntp -Dmaven.repo.local=/Users/hadiranjbar/Downloads/java/token.usage/investigation/.m2 -Pinvestigation -Dtest=FailureCasesTest -Dexperiment.case=05 -Dexperiment.artifactDir=/Users/hadiranjbar/Downloads/java/token.usage/investigation/raw/v2/05/p1/3 -Dexperiment.reportDir=/Users/hadiranjbar/Downloads/java/token.usage/investigation/raw/v2/05/p1/3/reports -Dspring.output.ansi.enabled=never -Dspring.profiles.active=p1 surefire:test,investigation/raw/v2/05/p1/3/reports/TEST-com.ai.token.experiment.FailureCasesTest.xml,test-runner report,942129b903ecbc649da98a1b1a8bbc323461b3ee58143e328c5496d29585348f,28733,117,9094,tiktoken 0.14.0 o200k_base
05,p1,3,1,True,True,Unique index or primary key violation,mvn -o -B -ntp -Dmaven.repo.local=/Users/hadiranjbar/Downloads/java/token.usage/investigation/.m2 -Pinvestigation -Dtest=FailureCasesTest -Dexperiment.case=05 -Dexperiment.artifactDir=/Users/hadiranjbar/Downloads/java/token.usage/investigation/raw/v2/05/p1/3 -Dexperiment.reportDir=/Users/hadiranjbar/Downloads/java/token.usage/investigation/raw/v2/05/p1/3/reports -Dspring.output.ansi.enabled=never -Dspring.profiles.active=p1 surefire:test,investigation/raw/v2/05/p1/3/reports/com.ai.token.experiment.FailureCasesTest.txt,test-runner report,54b57c83116130a0899b244cf0d02daffffe0b59a6e8cf90335216deca5bbd04,1930,27,456,tiktoken 0.14.0 o200k_base
05,p1,3,1,True,True,Unique index or primary key violation,mvn -o -B -ntp -Dmaven.repo.local=/Users/hadiranjbar/Downloads/java/token.usage/investigation/.m2 -Pinvestigation -Dtest=FailureCasesTest -Dexperiment.case=05 -Dexperiment.artifactDir=/Users/hadiranjbar/Downloads/java/token.usage/investigation/raw/v2/05/p1/3 -Dexperiment.reportDir=/Users/hadiranjbar/Downloads/java/token.usage/investigation/raw/v2/05/p1/3/reports -Dspring.output.ansi.enabled=never -Dspring.profiles.active=p1 surefire:test,investigation/raw/v2/05/p1/3/stderr.log,Maven + forked JVM stderr,e3b0c44298fc1c149afbf4c8996fb92427ae41e4649b934ca495991b7852b855,0,0,0,tiktoken 0.14.0 o200k_base
05,p1,3,1,True,True,Unique index or primary key violation,mvn -o -B -ntp -Dmaven.repo.local=/Users/hadiranjbar/Downloads/java/token.usage/investigation/.m2 -Pinvestigation -Dtest=FailureCasesTest -Dexperiment.case=05 -Dexperiment.artifactDir=/Users/hadiranjbar/Downloads/java/token.usage/investigation/raw/v2/05/p1/3 -Dexperiment.reportDir=/Users/hadiranjbar/Downloads/java/token.usage/investigation/raw/v2/05/p1/3/reports -Dspring.output.ansi.enabled=never -Dspring.profiles.active=p1 surefire:test,investigation/raw/v2/05/p1/3/stdout.log,Maven + forked JVM stdout,079d40515d8f281f0fd17737490b00590aa577e389cd060a69432ae20bc4fa4c,4716,80,1288,tiktoken 0.14.0 o200k_base
05,p4,1,1,True,True,Unique index or primary key violation,"mvn -o -B -ntp -Dmaven.repo.local=/Users/hadiranjbar/Downloads/java/token.usage/investigation/.m2 -Pinvestigation,agent-reports -Dtest=FailureCasesTest -Dexperiment.case=05 -Dexperiment.artifactDir=/Users/hadiranjbar/Downloads/java/token.usage/investigation/raw/v2/05/p4/1 -Dexperiment.reportDir=/Users/hadiranjbar/Downloads/java/token.usage/investigation/raw/v2/05/p4/1/reports -Dspring.output.ansi.enabled=never surefire:test",investigation/raw/v2/05/p4/1/reports/TEST-com.ai.token.experiment.FailureCasesTest.xml,test-runner report,4b8a1bcb59a6d450fc3d4ee71b78654975a3004b2aec99ac629e3fe0bad0dde4,27577,98,8808,tiktoken 0.14.0 o200k_base
05,p4,1,1,True,True,Unique index or primary key violation,"mvn -o -B -ntp -Dmaven.repo.local=/Users/hadiranjbar/Downloads/java/token.usage/investigation/.m2 -Pinvestigation,agent-reports -Dtest=FailureCasesTest -Dexperiment.case=05 -Dexperiment.artifactDir=/Users/hadiranjbar/Downloads/java/token.usage/investigation/raw/v2/05/p4/1 -Dexperiment.reportDir=/Users/hadiranjbar/Downloads/java/token.usage/investigation/raw/v2/05/p4/1/reports -Dspring.output.ansi.enabled=never surefire:test",investigation/raw/v2/05/p4/1/reports/com.ai.token.experiment.FailureCasesTest.txt,test-runner report,ff86bdf762a5e02dfaa3946061bed28e143fce20dceee80cf51a8f9001fa796b,790,10,177,tiktoken 0.14.0 o200k_base
05,p4,1,1,True,True,Unique index or primary key violation,"mvn -o -B -ntp -Dmaven.repo.local=/Users/hadiranjbar/Downloads/java/token.usage/investigation/.m2 -Pinvestigation,agent-reports -Dtest=FailureCasesTest -Dexperiment.case=05 -Dexperiment.artifactDir=/Users/hadiranjbar/Downloads/java/token.usage/investigation/raw/v2/05/p4/1 -Dexperiment.reportDir=/Users/hadiranjbar/Downloads/java/token.usage/investigation/raw/v2/05/p4/1/reports -Dspring.output.ansi.enabled=never surefire:test",investigation/raw/v2/05/p4/1/stderr.log,Maven + forked JVM stderr,e3b0c44298fc1c149afbf4c8996fb92427ae41e4649b934ca495991b7852b855,0,0,0,tiktoken 0.14.0 o200k_base
05,p4,1,1,True,True,Unique index or primary key violation,"mvn -o -B -ntp -Dmaven.repo.local=/Users/hadiranjbar/Downloads/java/token.usage/investigation/.m2 -Pinvestigation,agent-reports -Dtest=FailureCasesTest -Dexperiment.case=05 -Dexperiment.artifactDir=/Users/hadiranjbar/Downloads/java/token.usage/investigation/raw/v2/05/p4/1 -Dexperiment.reportDir=/Users/hadiranjbar/Downloads/java/token.usage/investigation/raw/v2/05/p4/1/reports -Dspring.output.ansi.enabled=never surefire:test",investigation/raw/v2/05/p4/1/stdout.log,Maven + forked JVM stdout,249f2b59e0e6fce37e65873fc172707822bf6110ccedde332bd7440e6e8ff3ba,3729,63,1055,tiktoken 0.14.0 o200k_base
05,p4,2,1,True,True,Unique index or primary key violation,"mvn -o -B -ntp -Dmaven.repo.local=/Users/hadiranjbar/Downloads/java/token.usage/investigation/.m2 -Pinvestigation,agent-reports -Dtest=FailureCasesTest -Dexperiment.case=05 -Dexperiment.artifactDir=/Users/hadiranjbar/Downloads/java/token.usage/investigation/raw/v2/05/p4/2 -Dexperiment.reportDir=/Users/hadiranjbar/Downloads/java/token.usage/investigation/raw/v2/05/p4/2/reports -Dspring.output.ansi.enabled=never surefire:test",investigation/raw/v2/05/p4/2/reports/TEST-com.ai.token.experiment.FailureCasesTest.xml,test-runner report,fe494dccafa92b35b792fc32da02b7ba83de8dea4879a4f952a258e0b926c4b0,27577,98,8808,tiktoken 0.14.0 o200k_base
05,p4,2,1,True,True,Unique index or primary key violation,"mvn -o -B -ntp -Dmaven.repo.local=/Users/hadiranjbar/Downloads/java/token.usage/investigation/.m2 -Pinvestigation,agent-reports -Dtest=FailureCasesTest -Dexperiment.case=05 -Dexperiment.artifactDir=/Users/hadiranjbar/Downloads/java/token.usage/investigation/raw/v2/05/p4/2 -Dexperiment.reportDir=/Users/hadiranjbar/Downloads/java/token.usage/investigation/raw/v2/05/p4/2/reports -Dspring.output.ansi.enabled=never surefire:test",investigation/raw/v2/05/p4/2/reports/com.ai.token.experiment.FailureCasesTest.txt,test-runner report,97de7a54536598f46257b89e62d358b4aa770df5fa80e55eb485bbec10e76f19,790,10,177,tiktoken 0.14.0 o200k_base
05,p4,2,1,True,True,Unique index or primary key violation,"mvn -o -B -ntp -Dmaven.repo.local=/Users/hadiranjbar/Downloads/java/token.usage/investigation/.m2 -Pinvestigation,agent-reports -Dtest=FailureCasesTest -Dexperiment.case=05 -Dexperiment.artifactDir=/Users/hadiranjbar/Downloads/java/token.usage/investigation/raw/v2/05/p4/2 -Dexperiment.reportDir=/Users/hadiranjbar/Downloads/java/token.usage/investigation/raw/v2/05/p4/2/reports -Dspring.output.ansi.enabled=never surefire:test",investigation/raw/v2/05/p4/2/stderr.log,Maven + forked JVM stderr,e3b0c44298fc1c149afbf4c8996fb92427ae41e4649b934ca495991b7852b855,0,0,0,tiktoken 0.14.0 o200k_base
05,p4,2,1,True,True,Unique index or primary key violation,"mvn -o -B -ntp -Dmaven.repo.local=/Users/hadiranjbar/Downloads/java/token.usage/investigation/.m2 -Pinvestigation,agent-reports -Dtest=FailureCasesTest -Dexperiment.case=05 -Dexperiment.artifactDir=/Users/hadiranjbar/Downloads/java/token.usage/investigation/raw/v2/05/p4/2 -Dexperiment.reportDir=/Users/hadiranjbar/Downloads/java/token.usage/investigation/raw/v2/05/p4/2/reports -Dspring.output.ansi.enabled=never surefire:test",investigation/raw/v2/05/p4/2/stdout.log,Maven + forked JVM stdout,b01152639bb7e05871875e2b6d4155668b3f9a27c50ef3c869f1049624222c9e,3729,63,1055,tiktoken 0.14.0 o200k_base
05,p4,3,1,True,True,Unique index or primary key violation,"mvn -o -B -ntp -Dmaven.repo.local=/Users/hadiranjbar/Downloads/java/token.usage/investigation/.m2 -Pinvestigation,agent-reports -Dtest=FailureCasesTest -Dexperiment.case=05 -Dexperiment.artifactDir=/Users/hadiranjbar/Downloads/java/token.usage/investigation/raw/v2/05/p4/3 -Dexperiment.reportDir=/Users/hadiranjbar/Downloads/java/token.usage/investigation/raw/v2/05/p4/3/reports -Dspring.output.ansi.enabled=never surefire:test",investigation/raw/v2/05/p4/3/reports/TEST-com.ai.token.experiment.FailureCasesTest.xml,test-runner report,b3c0900ab43fbf0275a63bd103435a9ae5b29e4d6d00a741acecf9370f7c480f,27576,98,8808,tiktoken 0.14.0 o200k_base
05,p4,3,1,True,True,Unique index or primary key violation,"mvn -o -B -ntp -Dmaven.repo.local=/Users/hadiranjbar/Downloads/java/token.usage/investigation/.m2 -Pinvestigation,agent-reports -Dtest=FailureCasesTest -Dexperiment.case=05 -Dexperiment.artifactDir=/Users/hadiranjbar/Downloads/java/token.usage/investigation/raw/v2/05/p4/3 -Dexperiment.reportDir=/Users/hadiranjbar/Downloads/java/token.usage/investigation/raw/v2/05/p4/3/reports -Dspring.output.ansi.enabled=never surefire:test",investigation/raw/v2/05/p4/3/reports/com.ai.token.experiment.FailureCasesTest.txt,test-runner report,f92a46730aff563d918485b0e43a6c70da9482f8b1c550eee524e60ae6f78628,790,10,177,tiktoken 0.14.0 o200k_base
05,p4,3,1,True,True,Unique index or primary key violation,"mvn -o -B -ntp -Dmaven.repo.local=/Users/hadiranjbar/Downloads/java/token.usage/investigation/.m2 -Pinvestigation,agent-reports -Dtest=FailureCasesTest -Dexperiment.case=05 -Dexperiment.artifactDir=/Users/hadiranjbar/Downloads/java/token.usage/investigation/raw/v2/05/p4/3 -Dexperiment.reportDir=/Users/hadiranjbar/Downloads/java/token.usage/investigation/raw/v2/05/p4/3/reports -Dspring.output.ansi.enabled=never surefire:test",investigation/raw/v2/05/p4/3/stderr.log,Maven + forked JVM stderr,e3b0c44298fc1c149afbf4c8996fb92427ae41e4649b934ca495991b7852b855,0,0,0,tiktoken 0.14.0 o200k_base
05,p4,3,1,True,True,Unique index or primary key violation,"mvn -o -B -ntp -Dmaven.repo.local=/Users/hadiranjbar/Downloads/java/token.usage/investigation/.m2 -Pinvestigation,agent-reports -Dtest=FailureCasesTest -Dexperiment.case=05 -Dexperiment.artifactDir=/Users/hadiranjbar/Downloads/java/token.usage/investigation/raw/v2/05/p4/3 -Dexperiment.reportDir=/Users/hadiranjbar/Downloads/java/token.usage/investigation/raw/v2/05/p4/3/reports -Dspring.output.ansi.enabled=never surefire:test",investigation/raw/v2/05/p4/3/stdout.log,Maven + forked JVM stdout,3c60a2c53666e607eea29434fc72a414dfcd14a9885fc7a303d68f60afafa263,3728,63,1055,tiktoken 0.14.0 o200k_base
06,agent,1,1,True,True,both distinct users must be saved,"mvn -o -B -ntp -Dmaven.repo.local=/Users/hadiranjbar/Downloads/java/token.usage/investigation/.m2 -Pinvestigation,agent-reports -Dtest=FailureCasesTest -Dexperiment.case=06 -Dexperiment.artifactDir=/Users/hadiranjbar/Downloads/java/token.usage/investigation/raw/v2/06/agent/1 -Dexperiment.reportDir=/Users/hadiranjbar/Downloads/java/token.usage/investigation/raw/v2/06/agent/1/reports -Dspring.output.ansi.enabled=never -Dspring.profiles.active=agent -Dexperiment.deduplicate=true surefire:test",investigation/raw/v2/06/agent/1/reports/TEST-com.ai.token.experiment.FailureCasesTest.xml,test-runner report,a894ccb2c5c47789f52ea9d82a17ed500601ad5e924458fd4890ec8b1dcfbe7f,30755,130,9894,tiktoken 0.14.0 o200k_base
06,agent,1,1,True,True,both distinct users must be saved,"mvn -o -B -ntp -Dmaven.repo.local=/Users/hadiranjbar/Downloads/java/token.usage/investigation/.m2 -Pinvestigation,agent-reports -Dtest=FailureCasesTest -Dexperiment.case=06 -Dexperiment.artifactDir=/Users/hadiranjbar/Downloads/java/token.usage/investigation/raw/v2/06/agent/1 -Dexperiment.reportDir=/Users/hadiranjbar/Downloads/java/token.usage/investigation/raw/v2/06/agent/1/reports -Dspring.output.ansi.enabled=never -Dspring.profiles.active=agent -Dexperiment.deduplicate=true surefire:test",investigation/raw/v2/06/agent/1/reports/com.ai.token.experiment.FailureCasesTest.txt,test-runner report,d8857907dbe1f5f5d03fe77b0c1dc2dd77657d6c62e5272b7e78f3bcd5129dfc,621,8,134,tiktoken 0.14.0 o200k_base
06,agent,1,1,True,True,both distinct users must be saved,"mvn -o -B -ntp -Dmaven.repo.local=/Users/hadiranjbar/Downloads/java/token.usage/investigation/.m2 -Pinvestigation,agent-reports -Dtest=FailureCasesTest -Dexperiment.case=06 -Dexperiment.artifactDir=/Users/hadiranjbar/Downloads/java/token.usage/investigation/raw/v2/06/agent/1 -Dexperiment.reportDir=/Users/hadiranjbar/Downloads/java/token.usage/investigation/raw/v2/06/agent/1/reports -Dspring.output.ansi.enabled=never -Dspring.profiles.active=agent -Dexperiment.deduplicate=true surefire:test",investigation/raw/v2/06/agent/1/stderr.log,Maven + forked JVM stderr,e3b0c44298fc1c149afbf4c8996fb92427ae41e4649b934ca495991b7852b855,0,0,0,tiktoken 0.14.0 o200k_base
06,agent,1,1,True,True,both distinct users must be saved,"mvn -o -B -ntp -Dmaven.repo.local=/Users/hadiranjbar/Downloads/java/token.usage/investigation/.m2 -Pinvestigation,agent-reports -Dtest=FailureCasesTest -Dexperiment.case=06 -Dexperiment.artifactDir=/Users/hadiranjbar/Downloads/java/token.usage/investigation/raw/v2/06/agent/1 -Dexperiment.reportDir=/Users/hadiranjbar/Downloads/java/token.usage/investigation/raw/v2/06/agent/1/reports -Dspring.output.ansi.enabled=never -Dspring.profiles.active=agent -Dexperiment.deduplicate=true surefire:test",investigation/raw/v2/06/agent/1/stdout.log,Maven + forked JVM stdout,2f3901bd2f84c8fd61c5a96365a560f27024c2139ada94fd80270413d7b0b3db,6299,90,1931,tiktoken 0.14.0 o200k_base
06,agent,2,1,True,True,both distinct users must be saved,"mvn -o -B -ntp -Dmaven.repo.local=/Users/hadiranjbar/Downloads/java/token.usage/investigation/.m2 -Pinvestigation,agent-reports -Dtest=FailureCasesTest -Dexperiment.case=06 -Dexperiment.artifactDir=/Users/hadiranjbar/Downloads/java/token.usage/investigation/raw/v2/06/agent/2 -Dexperiment.reportDir=/Users/hadiranjbar/Downloads/java/token.usage/investigation/raw/v2/06/agent/2/reports -Dspring.output.ansi.enabled=never -Dspring.profiles.active=agent -Dexperiment.deduplicate=true surefire:test",investigation/raw/v2/06/agent/2/reports/TEST-com.ai.token.experiment.FailureCasesTest.xml,test-runner report,cbf1da3c9687c6f2c1947c0c7f0ccb45f716b6877eab912213fae8fc4f3446df,30757,130,9895,tiktoken 0.14.0 o200k_base
06,agent,2,1,True,True,both distinct users must be saved,"mvn -o -B -ntp -Dmaven.repo.local=/Users/hadiranjbar/Downloads/java/token.usage/investigation/.m2 -Pinvestigation,agent-reports -Dtest=FailureCasesTest -Dexperiment.case=06 -Dexperiment.artifactDir=/Users/hadiranjbar/Downloads/java/token.usage/investigation/raw/v2/06/agent/2 -Dexperiment.reportDir=/Users/hadiranjbar/Downloads/java/token.usage/investigation/raw/v2/06/agent/2/reports -Dspring.output.ansi.enabled=never -Dspring.profiles.active=agent -Dexperiment.deduplicate=true surefire:test",investigation/raw/v2/06/agent/2/reports/com.ai.token.experiment.FailureCasesTest.txt,test-runner report,68082688e58cb7efe52ef9e103566cc1252f2c5cdd219faad98d29c159db231c,621,8,134,tiktoken 0.14.0 o200k_base
06,agent,2,1,True,True,both distinct users must be saved,"mvn -o -B -ntp -Dmaven.repo.local=/Users/hadiranjbar/Downloads/java/token.usage/investigation/.m2 -Pinvestigation,agent-reports -Dtest=FailureCasesTest -Dexperiment.case=06 -Dexperiment.artifactDir=/Users/hadiranjbar/Downloads/java/token.usage/investigation/raw/v2/06/agent/2 -Dexperiment.reportDir=/Users/hadiranjbar/Downloads/java/token.usage/investigation/raw/v2/06/agent/2/reports -Dspring.output.ansi.enabled=never -Dspring.profiles.active=agent -Dexperiment.deduplicate=true surefire:test",investigation/raw/v2/06/agent/2/stderr.log,Maven + forked JVM stderr,e3b0c44298fc1c149afbf4c8996fb92427ae41e4649b934ca495991b7852b855,0,0,0,tiktoken 0.14.0 o200k_base
06,agent,2,1,True,True,both distinct users must be saved,"mvn -o -B -ntp -Dmaven.repo.local=/Users/hadiranjbar/Downloads/java/token.usage/investigation/.m2 -Pinvestigation,agent-reports -Dtest=FailureCasesTest -Dexperiment.case=06 -Dexperiment.artifactDir=/Users/hadiranjbar/Downloads/java/token.usage/investigation/raw/v2/06/agent/2 -Dexperiment.reportDir=/Users/hadiranjbar/Downloads/java/token.usage/investigation/raw/v2/06/agent/2/reports -Dspring.output.ansi.enabled=never -Dspring.profiles.active=agent -Dexperiment.deduplicate=true surefire:test",investigation/raw/v2/06/agent/2/stdout.log,Maven + forked JVM stdout,85ab3d9f550f2889ce12d3ee90a55ce39e3068b40cd7a750b7c4b9ae8dd759f0,6298,90,1931,tiktoken 0.14.0 o200k_base
06,agent,3,1,True,True,both distinct users must be saved,"mvn -o -B -ntp -Dmaven.repo.local=/Users/hadiranjbar/Downloads/java/token.usage/investigation/.m2 -Pinvestigation,agent-reports -Dtest=FailureCasesTest -Dexperiment.case=06 -Dexperiment.artifactDir=/Users/hadiranjbar/Downloads/java/token.usage/investigation/raw/v2/06/agent/3 -Dexperiment.reportDir=/Users/hadiranjbar/Downloads/java/token.usage/investigation/raw/v2/06/agent/3/reports -Dspring.output.ansi.enabled=never -Dspring.profiles.active=agent -Dexperiment.deduplicate=true surefire:test",investigation/raw/v2/06/agent/3/reports/TEST-com.ai.token.experiment.FailureCasesTest.xml,test-runner report,680ebe6d0f86ae8ac18096442210420c6b6a632923290dbad8026a9e47d55571,30754,130,9894,tiktoken 0.14.0 o200k_base
06,agent,3,1,True,True,both distinct users must be saved,"mvn -o -B -ntp -Dmaven.repo.local=/Users/hadiranjbar/Downloads/java/token.usage/investigation/.m2 -Pinvestigation,agent-reports -Dtest=FailureCasesTest -Dexperiment.case=06 -Dexperiment.artifactDir=/Users/hadiranjbar/Downloads/java/token.usage/investigation/raw/v2/06/agent/3 -Dexperiment.reportDir=/Users/hadiranjbar/Downloads/java/token.usage/investigation/raw/v2/06/agent/3/reports -Dspring.output.ansi.enabled=never -Dspring.profiles.active=agent -Dexperiment.deduplicate=true surefire:test",investigation/raw/v2/06/agent/3/reports/com.ai.token.experiment.FailureCasesTest.txt,test-runner report,a8a7ce5e4a9f31feae335a5d780951c4a0112858f23b9453ef4e3cd5ab0f5582,621,8,134,tiktoken 0.14.0 o200k_base
06,agent,3,1,True,True,both distinct users must be saved,"mvn -o -B -ntp -Dmaven.repo.local=/Users/hadiranjbar/Downloads/java/token.usage/investigation/.m2 -Pinvestigation,agent-reports -Dtest=FailureCasesTest -Dexperiment.case=06 -Dexperiment.artifactDir=/Users/hadiranjbar/Downloads/java/token.usage/investigation/raw/v2/06/agent/3 -Dexperiment.reportDir=/Users/hadiranjbar/Downloads/java/token.usage/investigation/raw/v2/06/agent/3/reports -Dspring.output.ansi.enabled=never -Dspring.profiles.active=agent -Dexperiment.deduplicate=true surefire:test",investigation/raw/v2/06/agent/3/stderr.log,Maven + forked JVM stderr,e3b0c44298fc1c149afbf4c8996fb92427ae41e4649b934ca495991b7852b855,0,0,0,tiktoken 0.14.0 o200k_base
06,agent,3,1,True,True,both distinct users must be saved,"mvn -o -B -ntp -Dmaven.repo.local=/Users/hadiranjbar/Downloads/java/token.usage/investigation/.m2 -Pinvestigation,agent-reports -Dtest=FailureCasesTest -Dexperiment.case=06 -Dexperiment.artifactDir=/Users/hadiranjbar/Downloads/java/token.usage/investigation/raw/v2/06/agent/3 -Dexperiment.reportDir=/Users/hadiranjbar/Downloads/java/token.usage/investigation/raw/v2/06/agent/3/reports -Dspring.output.ansi.enabled=never -Dspring.profiles.active=agent -Dexperiment.deduplicate=true surefire:test",investigation/raw/v2/06/agent/3/stdout.log,Maven + forked JVM stdout,2ab1cf0d4aff6aa5545fef25487b56d622d5b9dcf465124061c134ce8584eec5,6299,90,1931,tiktoken 0.14.0 o200k_base
06,default,1,1,True,True,both distinct users must be saved,mvn -o -B -ntp -Dmaven.repo.local=/Users/hadiranjbar/Downloads/java/token.usage/investigation/.m2 -Pinvestigation -Dtest=FailureCasesTest -Dexperiment.case=06 -Dexperiment.artifactDir=/Users/hadiranjbar/Downloads/java/token.usage/investigation/raw/v2/06/default/1 -Dexperiment.reportDir=/Users/hadiranjbar/Downloads/java/token.usage/investigation/raw/v2/06/default/1/reports -Dspring.output.ansi.enabled=never surefire:test,investigation/raw/v2/06/default/1/reports/TEST-com.ai.token.experiment.FailureCasesTest.xml,test-runner report,992d0c7ed1af15feb7931a5a7ad9c7253958a07b6e4e2c4a3e99b83cbccc9550,55510,311,16984,tiktoken 0.14.0 o200k_base
06,default,1,1,True,True,both distinct users must be saved,mvn -o -B -ntp -Dmaven.repo.local=/Users/hadiranjbar/Downloads/java/token.usage/investigation/.m2 -Pinvestigation -Dtest=FailureCasesTest -Dexperiment.case=06 -Dexperiment.artifactDir=/Users/hadiranjbar/Downloads/java/token.usage/investigation/raw/v2/06/default/1 -Dexperiment.reportDir=/Users/hadiranjbar/Downloads/java/token.usage/investigation/raw/v2/06/default/1/reports -Dspring.output.ansi.enabled=never surefire:test,investigation/raw/v2/06/default/1/reports/com.ai.token.experiment.FailureCasesTest.txt,test-runner report,f0593eca6ce0eda2927299574dca6b912ca8c6c57d584c7db7ed04a095a6d64a,1015,13,219,tiktoken 0.14.0 o200k_base
06,default,1,1,True,True,both distinct users must be saved,mvn -o -B -ntp -Dmaven.repo.local=/Users/hadiranjbar/Downloads/java/token.usage/investigation/.m2 -Pinvestigation -Dtest=FailureCasesTest -Dexperiment.case=06 -Dexperiment.artifactDir=/Users/hadiranjbar/Downloads/java/token.usage/investigation/raw/v2/06/default/1 -Dexperiment.reportDir=/Users/hadiranjbar/Downloads/java/token.usage/investigation/raw/v2/06/default/1/reports -Dspring.output.ansi.enabled=never surefire:test,investigation/raw/v2/06/default/1/stderr.log,Maven + forked JVM stderr,e3b0c44298fc1c149afbf4c8996fb92427ae41e4649b934ca495991b7852b855,0,0,0,tiktoken 0.14.0 o200k_base
06,default,1,1,True,True,both distinct users must be saved,mvn -o -B -ntp -Dmaven.repo.local=/Users/hadiranjbar/Downloads/java/token.usage/investigation/.m2 -Pinvestigation -Dtest=FailureCasesTest -Dexperiment.case=06 -Dexperiment.artifactDir=/Users/hadiranjbar/Downloads/java/token.usage/investigation/raw/v2/06/default/1 -Dexperiment.reportDir=/Users/hadiranjbar/Downloads/java/token.usage/investigation/raw/v2/06/default/1/reports -Dspring.output.ansi.enabled=never surefire:test,investigation/raw/v2/06/default/1/stdout.log,Maven + forked JVM stdout,5305924a8daa3185391d6bcfe3402cdddd03b3908859638c19be70844fc97345,31672,275,9234,tiktoken 0.14.0 o200k_base
06,default,2,1,True,True,both distinct users must be saved,mvn -o -B -ntp -Dmaven.repo.local=/Users/hadiranjbar/Downloads/java/token.usage/investigation/.m2 -Pinvestigation -Dtest=FailureCasesTest -Dexperiment.case=06 -Dexperiment.artifactDir=/Users/hadiranjbar/Downloads/java/token.usage/investigation/raw/v2/06/default/2 -Dexperiment.reportDir=/Users/hadiranjbar/Downloads/java/token.usage/investigation/raw/v2/06/default/2/reports -Dspring.output.ansi.enabled=never surefire:test,investigation/raw/v2/06/default/2/reports/TEST-com.ai.token.experiment.FailureCasesTest.xml,test-runner report,3b37d06e0a871d61c41d1b85b58cbd1e3900c8b24f647d50f37aa7d06ea76142,55509,311,16984,tiktoken 0.14.0 o200k_base
06,default,2,1,True,True,both distinct users must be saved,mvn -o -B -ntp -Dmaven.repo.local=/Users/hadiranjbar/Downloads/java/token.usage/investigation/.m2 -Pinvestigation -Dtest=FailureCasesTest -Dexperiment.case=06 -Dexperiment.artifactDir=/Users/hadiranjbar/Downloads/java/token.usage/investigation/raw/v2/06/default/2 -Dexperiment.reportDir=/Users/hadiranjbar/Downloads/java/token.usage/investigation/raw/v2/06/default/2/reports -Dspring.output.ansi.enabled=never surefire:test,investigation/raw/v2/06/default/2/reports/com.ai.token.experiment.FailureCasesTest.txt,test-runner report,8d66911bb2cf57ee30f9176a9fdf84cee5d21f4a61a602820ccbd5bf5624c1ec,1015,13,219,tiktoken 0.14.0 o200k_base
06,default,2,1,True,True,both distinct users must be saved,mvn -o -B -ntp -Dmaven.repo.local=/Users/hadiranjbar/Downloads/java/token.usage/investigation/.m2 -Pinvestigation -Dtest=FailureCasesTest -Dexperiment.case=06 -Dexperiment.artifactDir=/Users/hadiranjbar/Downloads/java/token.usage/investigation/raw/v2/06/default/2 -Dexperiment.reportDir=/Users/hadiranjbar/Downloads/java/token.usage/investigation/raw/v2/06/default/2/reports -Dspring.output.ansi.enabled=never surefire:test,investigation/raw/v2/06/default/2/stderr.log,Maven + forked JVM stderr,e3b0c44298fc1c149afbf4c8996fb92427ae41e4649b934ca495991b7852b855,0,0,0,tiktoken 0.14.0 o200k_base
06,default,2,1,True,True,both distinct users must be saved,mvn -o -B -ntp -Dmaven.repo.local=/Users/hadiranjbar/Downloads/java/token.usage/investigation/.m2 -Pinvestigation -Dtest=FailureCasesTest -Dexperiment.case=06 -Dexperiment.artifactDir=/Users/hadiranjbar/Downloads/java/token.usage/investigation/raw/v2/06/default/2 -Dexperiment.reportDir=/Users/hadiranjbar/Downloads/java/token.usage/investigation/raw/v2/06/default/2/reports -Dspring.output.ansi.enabled=never surefire:test,investigation/raw/v2/06/default/2/stdout.log,Maven + forked JVM stdout,d4c6a9c866bf47b392e60fca8e574d1f6e1f71b057e6f7c3502f788a532d8342,31672,275,9234,tiktoken 0.14.0 o200k_base
06,default,3,1,True,True,both distinct users must be saved,mvn -o -B -ntp -Dmaven.repo.local=/Users/hadiranjbar/Downloads/java/token.usage/investigation/.m2 -Pinvestigation -Dtest=FailureCasesTest -Dexperiment.case=06 -Dexperiment.artifactDir=/Users/hadiranjbar/Downloads/java/token.usage/investigation/raw/v2/06/default/3 -Dexperiment.reportDir=/Users/hadiranjbar/Downloads/java/token.usage/investigation/raw/v2/06/default/3/reports -Dspring.output.ansi.enabled=never surefire:test,investigation/raw/v2/06/default/3/reports/TEST-com.ai.token.experiment.FailureCasesTest.xml,test-runner report,9a198c0d73e701a4bda64b4a409358ee4be6393ed94c270c9a89016a9f3fecec,55510,311,16984,tiktoken 0.14.0 o200k_base
06,default,3,1,True,True,both distinct users must be saved,mvn -o -B -ntp -Dmaven.repo.local=/Users/hadiranjbar/Downloads/java/token.usage/investigation/.m2 -Pinvestigation -Dtest=FailureCasesTest -Dexperiment.case=06 -Dexperiment.artifactDir=/Users/hadiranjbar/Downloads/java/token.usage/investigation/raw/v2/06/default/3 -Dexperiment.reportDir=/Users/hadiranjbar/Downloads/java/token.usage/investigation/raw/v2/06/default/3/reports -Dspring.output.ansi.enabled=never surefire:test,investigation/raw/v2/06/default/3/reports/com.ai.token.experiment.FailureCasesTest.txt,test-runner report,92ea4948b909daa876769862987da4952c640b233342e83b648f0e2198e8ca38,1015,13,219,tiktoken 0.14.0 o200k_base
06,default,3,1,True,True,both distinct users must be saved,mvn -o -B -ntp -Dmaven.repo.local=/Users/hadiranjbar/Downloads/java/token.usage/investigation/.m2 -Pinvestigation -Dtest=FailureCasesTest -Dexperiment.case=06 -Dexperiment.artifactDir=/Users/hadiranjbar/Downloads/java/token.usage/investigation/raw/v2/06/default/3 -Dexperiment.reportDir=/Users/hadiranjbar/Downloads/java/token.usage/investigation/raw/v2/06/default/3/reports -Dspring.output.ansi.enabled=never surefire:test,investigation/raw/v2/06/default/3/stderr.log,Maven + forked JVM stderr,e3b0c44298fc1c149afbf4c8996fb92427ae41e4649b934ca495991b7852b855,0,0,0,tiktoken 0.14.0 o200k_base
06,default,3,1,True,True,both distinct users must be saved,mvn -o -B -ntp -Dmaven.repo.local=/Users/hadiranjbar/Downloads/java/token.usage/investigation/.m2 -Pinvestigation -Dtest=FailureCasesTest -Dexperiment.case=06 -Dexperiment.artifactDir=/Users/hadiranjbar/Downloads/java/token.usage/investigation/raw/v2/06/default/3 -Dexperiment.reportDir=/Users/hadiranjbar/Downloads/java/token.usage/investigation/raw/v2/06/default/3/reports -Dspring.output.ansi.enabled=never surefire:test,investigation/raw/v2/06/default/3/stdout.log,Maven + forked JVM stdout,e6d33b44120b25b95561664dd0ea8214257e2d98350b3b83a1b69fc3678de94e,31672,275,9234,tiktoken 0.14.0 o200k_base
06,p1,1,1,True,True,both distinct users must be saved,mvn -o -B -ntp -Dmaven.repo.local=/Users/hadiranjbar/Downloads/java/token.usage/investigation/.m2 -Pinvestigation -Dtest=FailureCasesTest -Dexperiment.case=06 -Dexperiment.artifactDir=/Users/hadiranjbar/Downloads/java/token.usage/investigation/raw/v2/06/p1/1 -Dexperiment.reportDir=/Users/hadiranjbar/Downloads/java/token.usage/investigation/raw/v2/06/p1/1/reports -Dspring.output.ansi.enabled=never -Dspring.profiles.active=p1 surefire:test,investigation/raw/v2/06/p1/1/reports/TEST-com.ai.token.experiment.FailureCasesTest.xml,test-runner report,5759502956f0ff2e465dc43a2263471ea67f5b266767fcc4c1c4580f4fc3a407,55389,313,16948,tiktoken 0.14.0 o200k_base
06,p1,1,1,True,True,both distinct users must be saved,mvn -o -B -ntp -Dmaven.repo.local=/Users/hadiranjbar/Downloads/java/token.usage/investigation/.m2 -Pinvestigation -Dtest=FailureCasesTest -Dexperiment.case=06 -Dexperiment.artifactDir=/Users/hadiranjbar/Downloads/java/token.usage/investigation/raw/v2/06/p1/1 -Dexperiment.reportDir=/Users/hadiranjbar/Downloads/java/token.usage/investigation/raw/v2/06/p1/1/reports -Dspring.output.ansi.enabled=never -Dspring.profiles.active=p1 surefire:test,investigation/raw/v2/06/p1/1/reports/com.ai.token.experiment.FailureCasesTest.txt,test-runner report,a903a136a53fc9ccac7e24ac670dfa07d7007a48691d48e66ee59761ad83327c,1015,13,219,tiktoken 0.14.0 o200k_base
06,p1,1,1,True,True,both distinct users must be saved,mvn -o -B -ntp -Dmaven.repo.local=/Users/hadiranjbar/Downloads/java/token.usage/investigation/.m2 -Pinvestigation -Dtest=FailureCasesTest -Dexperiment.case=06 -Dexperiment.artifactDir=/Users/hadiranjbar/Downloads/java/token.usage/investigation/raw/v2/06/p1/1 -Dexperiment.reportDir=/Users/hadiranjbar/Downloads/java/token.usage/investigation/raw/v2/06/p1/1/reports -Dspring.output.ansi.enabled=never -Dspring.profiles.active=p1 surefire:test,investigation/raw/v2/06/p1/1/stderr.log,Maven + forked JVM stderr,e3b0c44298fc1c149afbf4c8996fb92427ae41e4649b934ca495991b7852b855,0,0,0,tiktoken 0.14.0 o200k_base
06,p1,1,1,True,True,both distinct users must be saved,mvn -o -B -ntp -Dmaven.repo.local=/Users/hadiranjbar/Downloads/java/token.usage/investigation/.m2 -Pinvestigation -Dtest=FailureCasesTest -Dexperiment.case=06 -Dexperiment.artifactDir=/Users/hadiranjbar/Downloads/java/token.usage/investigation/raw/v2/06/p1/1 -Dexperiment.reportDir=/Users/hadiranjbar/Downloads/java/token.usage/investigation/raw/v2/06/p1/1/reports -Dspring.output.ansi.enabled=never -Dspring.profiles.active=p1 surefire:test,investigation/raw/v2/06/p1/1/stdout.log,Maven + forked JVM stdout,e24e8b5b131c1ca634765f3a4d1e1fd2cb9d3ebec5533fde458885980103b5bb,31390,275,9145,tiktoken 0.14.0 o200k_base
06,p1,2,1,True,True,both distinct users must be saved,mvn -o -B -ntp -Dmaven.repo.local=/Users/hadiranjbar/Downloads/java/token.usage/investigation/.m2 -Pinvestigation -Dtest=FailureCasesTest -Dexperiment.case=06 -Dexperiment.artifactDir=/Users/hadiranjbar/Downloads/java/token.usage/investigation/raw/v2/06/p1/2 -Dexperiment.reportDir=/Users/hadiranjbar/Downloads/java/token.usage/investigation/raw/v2/06/p1/2/reports -Dspring.output.ansi.enabled=never -Dspring.profiles.active=p1 surefire:test,investigation/raw/v2/06/p1/2/reports/TEST-com.ai.token.experiment.FailureCasesTest.xml,test-runner report,265105087e113dfbadc1790ce5b20138c2407248d70108fa660aef9391fd6050,55393,313,16949,tiktoken 0.14.0 o200k_base
06,p1,2,1,True,True,both distinct users must be saved,mvn -o -B -ntp -Dmaven.repo.local=/Users/hadiranjbar/Downloads/java/token.usage/investigation/.m2 -Pinvestigation -Dtest=FailureCasesTest -Dexperiment.case=06 -Dexperiment.artifactDir=/Users/hadiranjbar/Downloads/java/token.usage/investigation/raw/v2/06/p1/2 -Dexperiment.reportDir=/Users/hadiranjbar/Downloads/java/token.usage/investigation/raw/v2/06/p1/2/reports -Dspring.output.ansi.enabled=never -Dspring.profiles.active=p1 surefire:test,investigation/raw/v2/06/p1/2/reports/com.ai.token.experiment.FailureCasesTest.txt,test-runner report,4f53492f8996f9688244658e4a4944cde3b0384e54d43ae23d8f370fe576b886,1015,13,219,tiktoken 0.14.0 o200k_base
06,p1,2,1,True,True,both distinct users must be saved,mvn -o -B -ntp -Dmaven.repo.local=/Users/hadiranjbar/Downloads/java/token.usage/investigation/.m2 -Pinvestigation -Dtest=FailureCasesTest -Dexperiment.case=06 -Dexperiment.artifactDir=/Users/hadiranjbar/Downloads/java/token.usage/investigation/raw/v2/06/p1/2 -Dexperiment.reportDir=/Users/hadiranjbar/Downloads/java/token.usage/investigation/raw/v2/06/p1/2/reports -Dspring.output.ansi.enabled=never -Dspring.profiles.active=p1 surefire:test,investigation/raw/v2/06/p1/2/stderr.log,Maven + forked JVM stderr,e3b0c44298fc1c149afbf4c8996fb92427ae41e4649b934ca495991b7852b855,0,0,0,tiktoken 0.14.0 o200k_base
06,p1,2,1,True,True,both distinct users must be saved,mvn -o -B -ntp -Dmaven.repo.local=/Users/hadiranjbar/Downloads/java/token.usage/investigation/.m2 -Pinvestigation -Dtest=FailureCasesTest -Dexperiment.case=06 -Dexperiment.artifactDir=/Users/hadiranjbar/Downloads/java/token.usage/investigation/raw/v2/06/p1/2 -Dexperiment.reportDir=/Users/hadiranjbar/Downloads/java/token.usage/investigation/raw/v2/06/p1/2/reports -Dspring.output.ansi.enabled=never -Dspring.profiles.active=p1 surefire:test,investigation/raw/v2/06/p1/2/stdout.log,Maven + forked JVM stdout,a890b73c38db432c3065aa66382710b5df78397bf29cbc190c0497aadcd54ddf,31390,275,9145,tiktoken 0.14.0 o200k_base
06,p1,3,1,True,True,both distinct users must be saved,mvn -o -B -ntp -Dmaven.repo.local=/Users/hadiranjbar/Downloads/java/token.usage/investigation/.m2 -Pinvestigation -Dtest=FailureCasesTest -Dexperiment.case=06 -Dexperiment.artifactDir=/Users/hadiranjbar/Downloads/java/token.usage/investigation/raw/v2/06/p1/3 -Dexperiment.reportDir=/Users/hadiranjbar/Downloads/java/token.usage/investigation/raw/v2/06/p1/3/reports -Dspring.output.ansi.enabled=never -Dspring.profiles.active=p1 surefire:test,investigation/raw/v2/06/p1/3/reports/TEST-com.ai.token.experiment.FailureCasesTest.xml,test-runner report,776e74ac085c3cb72fc739692a56eca724f4d048dc6b46f23b903c19a930d09c,55389,313,16948,tiktoken 0.14.0 o200k_base
06,p1,3,1,True,True,both distinct users must be saved,mvn -o -B -ntp -Dmaven.repo.local=/Users/hadiranjbar/Downloads/java/token.usage/investigation/.m2 -Pinvestigation -Dtest=FailureCasesTest -Dexperiment.case=06 -Dexperiment.artifactDir=/Users/hadiranjbar/Downloads/java/token.usage/investigation/raw/v2/06/p1/3 -Dexperiment.reportDir=/Users/hadiranjbar/Downloads/java/token.usage/investigation/raw/v2/06/p1/3/reports -Dspring.output.ansi.enabled=never -Dspring.profiles.active=p1 surefire:test,investigation/raw/v2/06/p1/3/reports/com.ai.token.experiment.FailureCasesTest.txt,test-runner report,28b861da870821015c1843f621ae7cb2cdcb66ed25a894626e1b4e6d516e77ba,1015,13,219,tiktoken 0.14.0 o200k_base
06,p1,3,1,True,True,both distinct users must be saved,mvn -o -B -ntp -Dmaven.repo.local=/Users/hadiranjbar/Downloads/java/token.usage/investigation/.m2 -Pinvestigation -Dtest=FailureCasesTest -Dexperiment.case=06 -Dexperiment.artifactDir=/Users/hadiranjbar/Downloads/java/token.usage/investigation/raw/v2/06/p1/3 -Dexperiment.reportDir=/Users/hadiranjbar/Downloads/java/token.usage/investigation/raw/v2/06/p1/3/reports -Dspring.output.ansi.enabled=never -Dspring.profiles.active=p1 surefire:test,investigation/raw/v2/06/p1/3/stderr.log,Maven + forked JVM stderr,e3b0c44298fc1c149afbf4c8996fb92427ae41e4649b934ca495991b7852b855,0,0,0,tiktoken 0.14.0 o200k_base
06,p1,3,1,True,True,both distinct users must be saved,mvn -o -B -ntp -Dmaven.repo.local=/Users/hadiranjbar/Downloads/java/token.usage/investigation/.m2 -Pinvestigation -Dtest=FailureCasesTest -Dexperiment.case=06 -Dexperiment.artifactDir=/Users/hadiranjbar/Downloads/java/token.usage/investigation/raw/v2/06/p1/3 -Dexperiment.reportDir=/Users/hadiranjbar/Downloads/java/token.usage/investigation/raw/v2/06/p1/3/reports -Dspring.output.ansi.enabled=never -Dspring.profiles.active=p1 surefire:test,investigation/raw/v2/06/p1/3/stdout.log,Maven + forked JVM stdout,e5ebccd7fc6c0c6e920171224ac81dd124b0b2f46aa10d7f2333ed6d1fffed5f,31390,275,9145,tiktoken 0.14.0 o200k_base
06,p2,1,1,True,True,both distinct users must be saved,mvn -o -B -ntp -Dmaven.repo.local=/Users/hadiranjbar/Downloads/java/token.usage/investigation/.m2 -Pinvestigation -Dtest=FailureCasesTest -Dexperiment.case=06 -Dexperiment.artifactDir=/Users/hadiranjbar/Downloads/java/token.usage/investigation/raw/v2/06/p2/1 -Dexperiment.reportDir=/Users/hadiranjbar/Downloads/java/token.usage/investigation/raw/v2/06/p2/1/reports -Dspring.output.ansi.enabled=never -Dspring.profiles.active=p2 surefire:test,investigation/raw/v2/06/p2/1/reports/TEST-com.ai.token.experiment.FailureCasesTest.xml,test-runner report,0a1ba28ec4ca1e2e2ca8d9af0db83371b7bfe170eab427b4e8b1d6362351c433,33463,161,10732,tiktoken 0.14.0 o200k_base
06,p2,1,1,True,True,both distinct users must be saved,mvn -o -B -ntp -Dmaven.repo.local=/Users/hadiranjbar/Downloads/java/token.usage/investigation/.m2 -Pinvestigation -Dtest=FailureCasesTest -Dexperiment.case=06 -Dexperiment.artifactDir=/Users/hadiranjbar/Downloads/java/token.usage/investigation/raw/v2/06/p2/1 -Dexperiment.reportDir=/Users/hadiranjbar/Downloads/java/token.usage/investigation/raw/v2/06/p2/1/reports -Dspring.output.ansi.enabled=never -Dspring.profiles.active=p2 surefire:test,investigation/raw/v2/06/p2/1/reports/com.ai.token.experiment.FailureCasesTest.txt,test-runner report,148bd3a27e56f6b371aa1636299858e30fae49a8a0448a73e03e6572be381a07,1015,13,219,tiktoken 0.14.0 o200k_base
06,p2,1,1,True,True,both distinct users must be saved,mvn -o -B -ntp -Dmaven.repo.local=/Users/hadiranjbar/Downloads/java/token.usage/investigation/.m2 -Pinvestigation -Dtest=FailureCasesTest -Dexperiment.case=06 -Dexperiment.artifactDir=/Users/hadiranjbar/Downloads/java/token.usage/investigation/raw/v2/06/p2/1 -Dexperiment.reportDir=/Users/hadiranjbar/Downloads/java/token.usage/investigation/raw/v2/06/p2/1/reports -Dspring.output.ansi.enabled=never -Dspring.profiles.active=p2 surefire:test,investigation/raw/v2/06/p2/1/stderr.log,Maven + forked JVM stderr,e3b0c44298fc1c149afbf4c8996fb92427ae41e4649b934ca495991b7852b855,0,0,0,tiktoken 0.14.0 o200k_base
06,p2,1,1,True,True,both distinct users must be saved,mvn -o -B -ntp -Dmaven.repo.local=/Users/hadiranjbar/Downloads/java/token.usage/investigation/.m2 -Pinvestigation -Dtest=FailureCasesTest -Dexperiment.case=06 -Dexperiment.artifactDir=/Users/hadiranjbar/Downloads/java/token.usage/investigation/raw/v2/06/p2/1 -Dexperiment.reportDir=/Users/hadiranjbar/Downloads/java/token.usage/investigation/raw/v2/06/p2/1/reports -Dspring.output.ansi.enabled=never -Dspring.profiles.active=p2 surefire:test,investigation/raw/v2/06/p2/1/stdout.log,Maven + forked JVM stdout,d84352f7794a843bc7b4842fc1bfae33a86ee4b65a9d0e926168b4d032383dcf,9341,123,2883,tiktoken 0.14.0 o200k_base
06,p2,2,1,True,True,both distinct users must be saved,mvn -o -B -ntp -Dmaven.repo.local=/Users/hadiranjbar/Downloads/java/token.usage/investigation/.m2 -Pinvestigation -Dtest=FailureCasesTest -Dexperiment.case=06 -Dexperiment.artifactDir=/Users/hadiranjbar/Downloads/java/token.usage/investigation/raw/v2/06/p2/2 -Dexperiment.reportDir=/Users/hadiranjbar/Downloads/java/token.usage/investigation/raw/v2/06/p2/2/reports -Dspring.output.ansi.enabled=never -Dspring.profiles.active=p2 surefire:test,investigation/raw/v2/06/p2/2/reports/TEST-com.ai.token.experiment.FailureCasesTest.xml,test-runner report,29e5045d52844a1858918a67d0c752c057043eb5ec0d35f5322199722dcaca26,33463,161,10732,tiktoken 0.14.0 o200k_base
06,p2,2,1,True,True,both distinct users must be saved,mvn -o -B -ntp -Dmaven.repo.local=/Users/hadiranjbar/Downloads/java/token.usage/investigation/.m2 -Pinvestigation -Dtest=FailureCasesTest -Dexperiment.case=06 -Dexperiment.artifactDir=/Users/hadiranjbar/Downloads/java/token.usage/investigation/raw/v2/06/p2/2 -Dexperiment.reportDir=/Users/hadiranjbar/Downloads/java/token.usage/investigation/raw/v2/06/p2/2/reports -Dspring.output.ansi.enabled=never -Dspring.profiles.active=p2 surefire:test,investigation/raw/v2/06/p2/2/reports/com.ai.token.experiment.FailureCasesTest.txt,test-runner report,b10290a7f7223032eac77538fbeec361c2ccd03c1a49dd8bfa413dd5cae1bd49,1015,13,219,tiktoken 0.14.0 o200k_base
06,p2,2,1,True,True,both distinct users must be saved,mvn -o -B -ntp -Dmaven.repo.local=/Users/hadiranjbar/Downloads/java/token.usage/investigation/.m2 -Pinvestigation -Dtest=FailureCasesTest -Dexperiment.case=06 -Dexperiment.artifactDir=/Users/hadiranjbar/Downloads/java/token.usage/investigation/raw/v2/06/p2/2 -Dexperiment.reportDir=/Users/hadiranjbar/Downloads/java/token.usage/investigation/raw/v2/06/p2/2/reports -Dspring.output.ansi.enabled=never -Dspring.profiles.active=p2 surefire:test,investigation/raw/v2/06/p2/2/stderr.log,Maven + forked JVM stderr,e3b0c44298fc1c149afbf4c8996fb92427ae41e4649b934ca495991b7852b855,0,0,0,tiktoken 0.14.0 o200k_base
06,p2,2,1,True,True,both distinct users must be saved,mvn -o -B -ntp -Dmaven.repo.local=/Users/hadiranjbar/Downloads/java/token.usage/investigation/.m2 -Pinvestigation -Dtest=FailureCasesTest -Dexperiment.case=06 -Dexperiment.artifactDir=/Users/hadiranjbar/Downloads/java/token.usage/investigation/raw/v2/06/p2/2 -Dexperiment.reportDir=/Users/hadiranjbar/Downloads/java/token.usage/investigation/raw/v2/06/p2/2/reports -Dspring.output.ansi.enabled=never -Dspring.profiles.active=p2 surefire:test,investigation/raw/v2/06/p2/2/stdout.log,Maven + forked JVM stdout,4493a96117bd966578350fd3370c3620f9e18ee6c2f6ffa8309c2a1f08e19a51,9341,123,2883,tiktoken 0.14.0 o200k_base
06,p2,3,1,True,True,both distinct users must be saved,mvn -o -B -ntp -Dmaven.repo.local=/Users/hadiranjbar/Downloads/java/token.usage/investigation/.m2 -Pinvestigation -Dtest=FailureCasesTest -Dexperiment.case=06 -Dexperiment.artifactDir=/Users/hadiranjbar/Downloads/java/token.usage/investigation/raw/v2/06/p2/3 -Dexperiment.reportDir=/Users/hadiranjbar/Downloads/java/token.usage/investigation/raw/v2/06/p2/3/reports -Dspring.output.ansi.enabled=never -Dspring.profiles.active=p2 surefire:test,investigation/raw/v2/06/p2/3/reports/TEST-com.ai.token.experiment.FailureCasesTest.xml,test-runner report,69688ad80e34444c41fc35795e8edb1fbfc5b3486277b9acbc461d6a9a102940,33463,161,10732,tiktoken 0.14.0 o200k_base
06,p2,3,1,True,True,both distinct users must be saved,mvn -o -B -ntp -Dmaven.repo.local=/Users/hadiranjbar/Downloads/java/token.usage/investigation/.m2 -Pinvestigation -Dtest=FailureCasesTest -Dexperiment.case=06 -Dexperiment.artifactDir=/Users/hadiranjbar/Downloads/java/token.usage/investigation/raw/v2/06/p2/3 -Dexperiment.reportDir=/Users/hadiranjbar/Downloads/java/token.usage/investigation/raw/v2/06/p2/3/reports -Dspring.output.ansi.enabled=never -Dspring.profiles.active=p2 surefire:test,investigation/raw/v2/06/p2/3/reports/com.ai.token.experiment.FailureCasesTest.txt,test-runner report,3536e568ab5f2b59254cbb59048bb9f4ec59623f426f2155145407be15087f08,1015,13,219,tiktoken 0.14.0 o200k_base
06,p2,3,1,True,True,both distinct users must be saved,mvn -o -B -ntp -Dmaven.repo.local=/Users/hadiranjbar/Downloads/java/token.usage/investigation/.m2 -Pinvestigation -Dtest=FailureCasesTest -Dexperiment.case=06 -Dexperiment.artifactDir=/Users/hadiranjbar/Downloads/java/token.usage/investigation/raw/v2/06/p2/3 -Dexperiment.reportDir=/Users/hadiranjbar/Downloads/java/token.usage/investigation/raw/v2/06/p2/3/reports -Dspring.output.ansi.enabled=never -Dspring.profiles.active=p2 surefire:test,investigation/raw/v2/06/p2/3/stderr.log,Maven + forked JVM stderr,e3b0c44298fc1c149afbf4c8996fb92427ae41e4649b934ca495991b7852b855,0,0,0,tiktoken 0.14.0 o200k_base
06,p2,3,1,True,True,both distinct users must be saved,mvn -o -B -ntp -Dmaven.repo.local=/Users/hadiranjbar/Downloads/java/token.usage/investigation/.m2 -Pinvestigation -Dtest=FailureCasesTest -Dexperiment.case=06 -Dexperiment.artifactDir=/Users/hadiranjbar/Downloads/java/token.usage/investigation/raw/v2/06/p2/3 -Dexperiment.reportDir=/Users/hadiranjbar/Downloads/java/token.usage/investigation/raw/v2/06/p2/3/reports -Dspring.output.ansi.enabled=never -Dspring.profiles.active=p2 surefire:test,investigation/raw/v2/06/p2/3/stdout.log,Maven + forked JVM stdout,19327ce9f9aea1b6535004aade3bb71e997049351f0be988324c7e97cd780cf7,9341,123,2883,tiktoken 0.14.0 o200k_base
06,p3,1,1,True,True,both distinct users must be saved,mvn -o -B -ntp -Dmaven.repo.local=/Users/hadiranjbar/Downloads/java/token.usage/investigation/.m2 -Pinvestigation -Dtest=FailureCasesTest -Dexperiment.case=06 -Dexperiment.artifactDir=/Users/hadiranjbar/Downloads/java/token.usage/investigation/raw/v2/06/p3/1 -Dexperiment.reportDir=/Users/hadiranjbar/Downloads/java/token.usage/investigation/raw/v2/06/p3/1/reports -Dspring.output.ansi.enabled=never -Dexperiment.deduplicate=true surefire:test,investigation/raw/v2/06/p3/1/reports/TEST-com.ai.token.experiment.FailureCasesTest.xml,test-runner report,1cc8171912f10e7ea1804d54d86ff55bdfcec98a63ac7f3ec1b7b213527dbf4d,41789,208,12963,tiktoken 0.14.0 o200k_base
06,p3,1,1,True,True,both distinct users must be saved,mvn -o -B -ntp -Dmaven.repo.local=/Users/hadiranjbar/Downloads/java/token.usage/investigation/.m2 -Pinvestigation -Dtest=FailureCasesTest -Dexperiment.case=06 -Dexperiment.artifactDir=/Users/hadiranjbar/Downloads/java/token.usage/investigation/raw/v2/06/p3/1 -Dexperiment.reportDir=/Users/hadiranjbar/Downloads/java/token.usage/investigation/raw/v2/06/p3/1/reports -Dspring.output.ansi.enabled=never -Dexperiment.deduplicate=true surefire:test,investigation/raw/v2/06/p3/1/reports/com.ai.token.experiment.FailureCasesTest.txt,test-runner report,edec92da8c437f1f7ab654501e1c48439a1c1d0883a25c40899c818466a3f6e9,1015,13,219,tiktoken 0.14.0 o200k_base
06,p3,1,1,True,True,both distinct users must be saved,mvn -o -B -ntp -Dmaven.repo.local=/Users/hadiranjbar/Downloads/java/token.usage/investigation/.m2 -Pinvestigation -Dtest=FailureCasesTest -Dexperiment.case=06 -Dexperiment.artifactDir=/Users/hadiranjbar/Downloads/java/token.usage/investigation/raw/v2/06/p3/1 -Dexperiment.reportDir=/Users/hadiranjbar/Downloads/java/token.usage/investigation/raw/v2/06/p3/1/reports -Dspring.output.ansi.enabled=never -Dexperiment.deduplicate=true surefire:test,investigation/raw/v2/06/p3/1/stderr.log,Maven + forked JVM stderr,e3b0c44298fc1c149afbf4c8996fb92427ae41e4649b934ca495991b7852b855,0,0,0,tiktoken 0.14.0 o200k_base
06,p3,1,1,True,True,both distinct users must be saved,mvn -o -B -ntp -Dmaven.repo.local=/Users/hadiranjbar/Downloads/java/token.usage/investigation/.m2 -Pinvestigation -Dtest=FailureCasesTest -Dexperiment.case=06 -Dexperiment.artifactDir=/Users/hadiranjbar/Downloads/java/token.usage/investigation/raw/v2/06/p3/1 -Dexperiment.reportDir=/Users/hadiranjbar/Downloads/java/token.usage/investigation/raw/v2/06/p3/1/reports -Dspring.output.ansi.enabled=never -Dexperiment.deduplicate=true surefire:test,investigation/raw/v2/06/p3/1/stdout.log,Maven + forked JVM stdout,26de7a5f049f2522a09ec8edf014335868d6f04524a3a36b73ce3b0366ccf58f,17897,171,5198,tiktoken 0.14.0 o200k_base
06,p3,2,1,True,True,both distinct users must be saved,mvn -o -B -ntp -Dmaven.repo.local=/Users/hadiranjbar/Downloads/java/token.usage/investigation/.m2 -Pinvestigation -Dtest=FailureCasesTest -Dexperiment.case=06 -Dexperiment.artifactDir=/Users/hadiranjbar/Downloads/java/token.usage/investigation/raw/v2/06/p3/2 -Dexperiment.reportDir=/Users/hadiranjbar/Downloads/java/token.usage/investigation/raw/v2/06/p3/2/reports -Dspring.output.ansi.enabled=never -Dexperiment.deduplicate=true surefire:test,investigation/raw/v2/06/p3/2/reports/TEST-com.ai.token.experiment.FailureCasesTest.xml,test-runner report,6bbf5fff1cf353bd435f50e9fe6a18b56c6c265b543f44eeb1439e378b1a515b,41790,208,12963,tiktoken 0.14.0 o200k_base
06,p3,2,1,True,True,both distinct users must be saved,mvn -o -B -ntp -Dmaven.repo.local=/Users/hadiranjbar/Downloads/java/token.usage/investigation/.m2 -Pinvestigation -Dtest=FailureCasesTest -Dexperiment.case=06 -Dexperiment.artifactDir=/Users/hadiranjbar/Downloads/java/token.usage/investigation/raw/v2/06/p3/2 -Dexperiment.reportDir=/Users/hadiranjbar/Downloads/java/token.usage/investigation/raw/v2/06/p3/2/reports -Dspring.output.ansi.enabled=never -Dexperiment.deduplicate=true surefire:test,investigation/raw/v2/06/p3/2/reports/com.ai.token.experiment.FailureCasesTest.txt,test-runner report,ad7581f9e0437247d5ab023a01a10c2c16f882e53bc2487375a3b393870d813d,1015,13,219,tiktoken 0.14.0 o200k_base
06,p3,2,1,True,True,both distinct users must be saved,mvn -o -B -ntp -Dmaven.repo.local=/Users/hadiranjbar/Downloads/java/token.usage/investigation/.m2 -Pinvestigation -Dtest=FailureCasesTest -Dexperiment.case=06 -Dexperiment.artifactDir=/Users/hadiranjbar/Downloads/java/token.usage/investigation/raw/v2/06/p3/2 -Dexperiment.reportDir=/Users/hadiranjbar/Downloads/java/token.usage/investigation/raw/v2/06/p3/2/reports -Dspring.output.ansi.enabled=never -Dexperiment.deduplicate=true surefire:test,investigation/raw/v2/06/p3/2/stderr.log,Maven + forked JVM stderr,e3b0c44298fc1c149afbf4c8996fb92427ae41e4649b934ca495991b7852b855,0,0,0,tiktoken 0.14.0 o200k_base
06,p3,2,1,True,True,both distinct users must be saved,mvn -o -B -ntp -Dmaven.repo.local=/Users/hadiranjbar/Downloads/java/token.usage/investigation/.m2 -Pinvestigation -Dtest=FailureCasesTest -Dexperiment.case=06 -Dexperiment.artifactDir=/Users/hadiranjbar/Downloads/java/token.usage/investigation/raw/v2/06/p3/2 -Dexperiment.reportDir=/Users/hadiranjbar/Downloads/java/token.usage/investigation/raw/v2/06/p3/2/reports -Dspring.output.ansi.enabled=never -Dexperiment.deduplicate=true surefire:test,investigation/raw/v2/06/p3/2/stdout.log,Maven + forked JVM stdout,394f560df33106e979966c00b2de30258616547463de9f0c45ff239c857bf0eb,17898,171,5198,tiktoken 0.14.0 o200k_base
06,p3,3,1,True,True,both distinct users must be saved,mvn -o -B -ntp -Dmaven.repo.local=/Users/hadiranjbar/Downloads/java/token.usage/investigation/.m2 -Pinvestigation -Dtest=FailureCasesTest -Dexperiment.case=06 -Dexperiment.artifactDir=/Users/hadiranjbar/Downloads/java/token.usage/investigation/raw/v2/06/p3/3 -Dexperiment.reportDir=/Users/hadiranjbar/Downloads/java/token.usage/investigation/raw/v2/06/p3/3/reports -Dspring.output.ansi.enabled=never -Dexperiment.deduplicate=true surefire:test,investigation/raw/v2/06/p3/3/reports/TEST-com.ai.token.experiment.FailureCasesTest.xml,test-runner report,688aea4e1a7e7e23b076dbd0a8bf288d9f94ce11fd9e89587cd40386c91aafa8,41790,208,12963,tiktoken 0.14.0 o200k_base
06,p3,3,1,True,True,both distinct users must be saved,mvn -o -B -ntp -Dmaven.repo.local=/Users/hadiranjbar/Downloads/java/token.usage/investigation/.m2 -Pinvestigation -Dtest=FailureCasesTest -Dexperiment.case=06 -Dexperiment.artifactDir=/Users/hadiranjbar/Downloads/java/token.usage/investigation/raw/v2/06/p3/3 -Dexperiment.reportDir=/Users/hadiranjbar/Downloads/java/token.usage/investigation/raw/v2/06/p3/3/reports -Dspring.output.ansi.enabled=never -Dexperiment.deduplicate=true surefire:test,investigation/raw/v2/06/p3/3/reports/com.ai.token.experiment.FailureCasesTest.txt,test-runner report,6e1111dd2f15d4dcfcd8b9492c39aa759b67963bac6009bfeaba60590c0f2ad2,1015,13,219,tiktoken 0.14.0 o200k_base
06,p3,3,1,True,True,both distinct users must be saved,mvn -o -B -ntp -Dmaven.repo.local=/Users/hadiranjbar/Downloads/java/token.usage/investigation/.m2 -Pinvestigation -Dtest=FailureCasesTest -Dexperiment.case=06 -Dexperiment.artifactDir=/Users/hadiranjbar/Downloads/java/token.usage/investigation/raw/v2/06/p3/3 -Dexperiment.reportDir=/Users/hadiranjbar/Downloads/java/token.usage/investigation/raw/v2/06/p3/3/reports -Dspring.output.ansi.enabled=never -Dexperiment.deduplicate=true surefire:test,investigation/raw/v2/06/p3/3/stderr.log,Maven + forked JVM stderr,e3b0c44298fc1c149afbf4c8996fb92427ae41e4649b934ca495991b7852b855,0,0,0,tiktoken 0.14.0 o200k_base
06,p3,3,1,True,True,both distinct users must be saved,mvn -o -B -ntp -Dmaven.repo.local=/Users/hadiranjbar/Downloads/java/token.usage/investigation/.m2 -Pinvestigation -Dtest=FailureCasesTest -Dexperiment.case=06 -Dexperiment.artifactDir=/Users/hadiranjbar/Downloads/java/token.usage/investigation/raw/v2/06/p3/3 -Dexperiment.reportDir=/Users/hadiranjbar/Downloads/java/token.usage/investigation/raw/v2/06/p3/3/reports -Dspring.output.ansi.enabled=never -Dexperiment.deduplicate=true surefire:test,investigation/raw/v2/06/p3/3/stdout.log,Maven + forked JVM stdout,855336825f473b47602889bcb2abc966115421065e5a77eb8efb2cdce91ad677,17898,171,5198,tiktoken 0.14.0 o200k_base
06,p4,1,1,True,True,both distinct users must be saved,"mvn -o -B -ntp -Dmaven.repo.local=/Users/hadiranjbar/Downloads/java/token.usage/investigation/.m2 -Pinvestigation,agent-reports -Dtest=FailureCasesTest -Dexperiment.case=06 -Dexperiment.artifactDir=/Users/hadiranjbar/Downloads/java/token.usage/investigation/raw/v2/06/p4/1 -Dexperiment.reportDir=/Users/hadiranjbar/Downloads/java/token.usage/investigation/raw/v2/06/p4/1/reports -Dspring.output.ansi.enabled=never surefire:test",investigation/raw/v2/06/p4/1/reports/TEST-com.ai.token.experiment.FailureCasesTest.xml,test-runner report,85b6c97c6e322208b8eefd2e90bc99c1726cdf532854b90dcea958b32bc20a94,55110,306,16902,tiktoken 0.14.0 o200k_base
06,p4,1,1,True,True,both distinct users must be saved,"mvn -o -B -ntp -Dmaven.repo.local=/Users/hadiranjbar/Downloads/java/token.usage/investigation/.m2 -Pinvestigation,agent-reports -Dtest=FailureCasesTest -Dexperiment.case=06 -Dexperiment.artifactDir=/Users/hadiranjbar/Downloads/java/token.usage/investigation/raw/v2/06/p4/1 -Dexperiment.reportDir=/Users/hadiranjbar/Downloads/java/token.usage/investigation/raw/v2/06/p4/1/reports -Dspring.output.ansi.enabled=never surefire:test",investigation/raw/v2/06/p4/1/reports/com.ai.token.experiment.FailureCasesTest.txt,test-runner report,1a2caec3481e13cf29830b95cc74f2d03cbe6191cb469b9bf7375eb7c7a647f7,621,8,134,tiktoken 0.14.0 o200k_base
06,p4,1,1,True,True,both distinct users must be saved,"mvn -o -B -ntp -Dmaven.repo.local=/Users/hadiranjbar/Downloads/java/token.usage/investigation/.m2 -Pinvestigation,agent-reports -Dtest=FailureCasesTest -Dexperiment.case=06 -Dexperiment.artifactDir=/Users/hadiranjbar/Downloads/java/token.usage/investigation/raw/v2/06/p4/1 -Dexperiment.reportDir=/Users/hadiranjbar/Downloads/java/token.usage/investigation/raw/v2/06/p4/1/reports -Dspring.output.ansi.enabled=never surefire:test",investigation/raw/v2/06/p4/1/stderr.log,Maven + forked JVM stderr,e3b0c44298fc1c149afbf4c8996fb92427ae41e4649b934ca495991b7852b855,0,0,0,tiktoken 0.14.0 o200k_base
06,p4,1,1,True,True,both distinct users must be saved,"mvn -o -B -ntp -Dmaven.repo.local=/Users/hadiranjbar/Downloads/java/token.usage/investigation/.m2 -Pinvestigation,agent-reports -Dtest=FailureCasesTest -Dexperiment.case=06 -Dexperiment.artifactDir=/Users/hadiranjbar/Downloads/java/token.usage/investigation/raw/v2/06/p4/1 -Dexperiment.reportDir=/Users/hadiranjbar/Downloads/java/token.usage/investigation/raw/v2/06/p4/1/reports -Dspring.output.ansi.enabled=never surefire:test",investigation/raw/v2/06/p4/1/stdout.log,Maven + forked JVM stdout,ba088ded67c2160dd4b4facd58124b4b27b4cab84102b6074e8371b721e061a9,31273,270,9150,tiktoken 0.14.0 o200k_base
06,p4,2,1,True,True,both distinct users must be saved,"mvn -o -B -ntp -Dmaven.repo.local=/Users/hadiranjbar/Downloads/java/token.usage/investigation/.m2 -Pinvestigation,agent-reports -Dtest=FailureCasesTest -Dexperiment.case=06 -Dexperiment.artifactDir=/Users/hadiranjbar/Downloads/java/token.usage/investigation/raw/v2/06/p4/2 -Dexperiment.reportDir=/Users/hadiranjbar/Downloads/java/token.usage/investigation/raw/v2/06/p4/2/reports -Dspring.output.ansi.enabled=never surefire:test",investigation/raw/v2/06/p4/2/reports/TEST-com.ai.token.experiment.FailureCasesTest.xml,test-runner report,547b99ce44ec7f57f6d39acf05e83c02da4a594b1fee2550f13d2aaa527da653,55105,306,16901,tiktoken 0.14.0 o200k_base
06,p4,2,1,True,True,both distinct users must be saved,"mvn -o -B -ntp -Dmaven.repo.local=/Users/hadiranjbar/Downloads/java/token.usage/investigation/.m2 -Pinvestigation,agent-reports -Dtest=FailureCasesTest -Dexperiment.case=06 -Dexperiment.artifactDir=/Users/hadiranjbar/Downloads/java/token.usage/investigation/raw/v2/06/p4/2 -Dexperiment.reportDir=/Users/hadiranjbar/Downloads/java/token.usage/investigation/raw/v2/06/p4/2/reports -Dspring.output.ansi.enabled=never surefire:test",investigation/raw/v2/06/p4/2/reports/com.ai.token.experiment.FailureCasesTest.txt,test-runner report,37e7ec10fee24c95b4dd1cfffa50231b8a70a1a8dbf172eea07b2f7405a394ed,621,8,134,tiktoken 0.14.0 o200k_base
06,p4,2,1,True,True,both distinct users must be saved,"mvn -o -B -ntp -Dmaven.repo.local=/Users/hadiranjbar/Downloads/java/token.usage/investigation/.m2 -Pinvestigation,agent-reports -Dtest=FailureCasesTest -Dexperiment.case=06 -Dexperiment.artifactDir=/Users/hadiranjbar/Downloads/java/token.usage/investigation/raw/v2/06/p4/2 -Dexperiment.reportDir=/Users/hadiranjbar/Downloads/java/token.usage/investigation/raw/v2/06/p4/2/reports -Dspring.output.ansi.enabled=never surefire:test",investigation/raw/v2/06/p4/2/stderr.log,Maven + forked JVM stderr,e3b0c44298fc1c149afbf4c8996fb92427ae41e4649b934ca495991b7852b855,0,0,0,tiktoken 0.14.0 o200k_base
06,p4,2,1,True,True,both distinct users must be saved,"mvn -o -B -ntp -Dmaven.repo.local=/Users/hadiranjbar/Downloads/java/token.usage/investigation/.m2 -Pinvestigation,agent-reports -Dtest=FailureCasesTest -Dexperiment.case=06 -Dexperiment.artifactDir=/Users/hadiranjbar/Downloads/java/token.usage/investigation/raw/v2/06/p4/2 -Dexperiment.reportDir=/Users/hadiranjbar/Downloads/java/token.usage/investigation/raw/v2/06/p4/2/reports -Dspring.output.ansi.enabled=never surefire:test",investigation/raw/v2/06/p4/2/stdout.log,Maven + forked JVM stdout,33302145d20983bb19097e33c3d9bef5807e2f421b180790e0d43eff508f4c50,31273,270,9150,tiktoken 0.14.0 o200k_base
06,p4,3,1,True,True,both distinct users must be saved,"mvn -o -B -ntp -Dmaven.repo.local=/Users/hadiranjbar/Downloads/java/token.usage/investigation/.m2 -Pinvestigation,agent-reports -Dtest=FailureCasesTest -Dexperiment.case=06 -Dexperiment.artifactDir=/Users/hadiranjbar/Downloads/java/token.usage/investigation/raw/v2/06/p4/3 -Dexperiment.reportDir=/Users/hadiranjbar/Downloads/java/token.usage/investigation/raw/v2/06/p4/3/reports -Dspring.output.ansi.enabled=never surefire:test",investigation/raw/v2/06/p4/3/reports/TEST-com.ai.token.experiment.FailureCasesTest.xml,test-runner report,22abfb44e286a4086818bb3fb5ccb9ef040fce5cda98a91ec4070512ae10f124,55106,306,16901,tiktoken 0.14.0 o200k_base
06,p4,3,1,True,True,both distinct users must be saved,"mvn -o -B -ntp -Dmaven.repo.local=/Users/hadiranjbar/Downloads/java/token.usage/investigation/.m2 -Pinvestigation,agent-reports -Dtest=FailureCasesTest -Dexperiment.case=06 -Dexperiment.artifactDir=/Users/hadiranjbar/Downloads/java/token.usage/investigation/raw/v2/06/p4/3 -Dexperiment.reportDir=/Users/hadiranjbar/Downloads/java/token.usage/investigation/raw/v2/06/p4/3/reports -Dspring.output.ansi.enabled=never surefire:test",investigation/raw/v2/06/p4/3/reports/com.ai.token.experiment.FailureCasesTest.txt,test-runner report,d464cb132850b5af60a5e005f468062db0f5ecd9426bf5e2ad88ee75b4e56978,621,8,134,tiktoken 0.14.0 o200k_base
06,p4,3,1,True,True,both distinct users must be saved,"mvn -o -B -ntp -Dmaven.repo.local=/Users/hadiranjbar/Downloads/java/token.usage/investigation/.m2 -Pinvestigation,agent-reports -Dtest=FailureCasesTest -Dexperiment.case=06 -Dexperiment.artifactDir=/Users/hadiranjbar/Downloads/java/token.usage/investigation/raw/v2/06/p4/3 -Dexperiment.reportDir=/Users/hadiranjbar/Downloads/java/token.usage/investigation/raw/v2/06/p4/3/reports -Dspring.output.ansi.enabled=never surefire:test",investigation/raw/v2/06/p4/3/stderr.log,Maven + forked JVM stderr,e3b0c44298fc1c149afbf4c8996fb92427ae41e4649b934ca495991b7852b855,0,0,0,tiktoken 0.14.0 o200k_base
06,p4,3,1,True,True,both distinct users must be saved,"mvn -o -B -ntp -Dmaven.repo.local=/Users/hadiranjbar/Downloads/java/token.usage/investigation/.m2 -Pinvestigation,agent-reports -Dtest=FailureCasesTest -Dexperiment.case=06 -Dexperiment.artifactDir=/Users/hadiranjbar/Downloads/java/token.usage/investigation/raw/v2/06/p4/3 -Dexperiment.reportDir=/Users/hadiranjbar/Downloads/java/token.usage/investigation/raw/v2/06/p4/3/reports -Dspring.output.ansi.enabled=never surefire:test",investigation/raw/v2/06/p4/3/stdout.log,Maven + forked JVM stdout,230c310f43c99b6afd45dc5f2d71ae1613dbc70cd809c7e253af79da95a53cce,31273,270,9150,tiktoken 0.14.0 o200k_base
07,agent,1,1,True,True,404 Not Found,"mvn -o -B -ntp -Dmaven.repo.local=/Users/hadiranjbar/Downloads/java/token.usage/investigation/.m2 -Pinvestigation,agent-reports -Dtest=FailureCasesTest -Dexperiment.case=07 -Dexperiment.artifactDir=/Users/hadiranjbar/Downloads/java/token.usage/investigation/raw/v2/07/agent/1 -Dexperiment.reportDir=/Users/hadiranjbar/Downloads/java/token.usage/investigation/raw/v2/07/agent/1/reports -Dspring.output.ansi.enabled=never -Dspring.profiles.active=agent -Dexperiment.deduplicate=true surefire:test",investigation/raw/v2/07/agent/1/reports/TEST-com.ai.token.experiment.FailureCasesTest.xml,test-runner report,1f2101687240ed2ea79f2fb4dd87d97ec8a6cf007638eda22c6de82bba21ca09,27982,100,8989,tiktoken 0.14.0 o200k_base
07,agent,1,1,True,True,404 Not Found,"mvn -o -B -ntp -Dmaven.repo.local=/Users/hadiranjbar/Downloads/java/token.usage/investigation/.m2 -Pinvestigation,agent-reports -Dtest=FailureCasesTest -Dexperiment.case=07 -Dexperiment.artifactDir=/Users/hadiranjbar/Downloads/java/token.usage/investigation/raw/v2/07/agent/1 -Dexperiment.reportDir=/Users/hadiranjbar/Downloads/java/token.usage/investigation/raw/v2/07/agent/1/reports -Dspring.output.ansi.enabled=never -Dspring.profiles.active=agent -Dexperiment.deduplicate=true surefire:test",investigation/raw/v2/07/agent/1/reports/com.ai.token.experiment.FailureCasesTest.txt,test-runner report,5c3d43af9a47a8d7a8b59cec26995486dcdebd2cc464da12792d680e7f45ea3a,617,8,131,tiktoken 0.14.0 o200k_base
07,agent,1,1,True,True,404 Not Found,"mvn -o -B -ntp -Dmaven.repo.local=/Users/hadiranjbar/Downloads/java/token.usage/investigation/.m2 -Pinvestigation,agent-reports -Dtest=FailureCasesTest -Dexperiment.case=07 -Dexperiment.artifactDir=/Users/hadiranjbar/Downloads/java/token.usage/investigation/raw/v2/07/agent/1 -Dexperiment.reportDir=/Users/hadiranjbar/Downloads/java/token.usage/investigation/raw/v2/07/agent/1/reports -Dspring.output.ansi.enabled=never -Dspring.profiles.active=agent -Dexperiment.deduplicate=true surefire:test",investigation/raw/v2/07/agent/1/stderr.log,Maven + forked JVM stderr,e3b0c44298fc1c149afbf4c8996fb92427ae41e4649b934ca495991b7852b855,0,0,0,tiktoken 0.14.0 o200k_base
07,agent,1,1,True,True,404 Not Found,"mvn -o -B -ntp -Dmaven.repo.local=/Users/hadiranjbar/Downloads/java/token.usage/investigation/.m2 -Pinvestigation,agent-reports -Dtest=FailureCasesTest -Dexperiment.case=07 -Dexperiment.artifactDir=/Users/hadiranjbar/Downloads/java/token.usage/investigation/raw/v2/07/agent/1 -Dexperiment.reportDir=/Users/hadiranjbar/Downloads/java/token.usage/investigation/raw/v2/07/agent/1/reports -Dspring.output.ansi.enabled=never -Dspring.profiles.active=agent -Dexperiment.deduplicate=true surefire:test",investigation/raw/v2/07/agent/1/stdout.log,Maven + forked JVM stdout,7612e42e579982c3637c72c92e1164d1e58b48990cabb8a4c4d4742f47797013,3491,60,1029,tiktoken 0.14.0 o200k_base
07,agent,2,1,True,True,404 Not Found,"mvn -o -B -ntp -Dmaven.repo.local=/Users/hadiranjbar/Downloads/java/token.usage/investigation/.m2 -Pinvestigation,agent-reports -Dtest=FailureCasesTest -Dexperiment.case=07 -Dexperiment.artifactDir=/Users/hadiranjbar/Downloads/java/token.usage/investigation/raw/v2/07/agent/2 -Dexperiment.reportDir=/Users/hadiranjbar/Downloads/java/token.usage/investigation/raw/v2/07/agent/2/reports -Dspring.output.ansi.enabled=never -Dspring.profiles.active=agent -Dexperiment.deduplicate=true surefire:test",investigation/raw/v2/07/agent/2/reports/TEST-com.ai.token.experiment.FailureCasesTest.xml,test-runner report,88ca745fd4bea845951f986298e56b6604ebbb99fbdb126f74099644d04df9be,27983,100,8989,tiktoken 0.14.0 o200k_base
07,agent,2,1,True,True,404 Not Found,"mvn -o -B -ntp -Dmaven.repo.local=/Users/hadiranjbar/Downloads/java/token.usage/investigation/.m2 -Pinvestigation,agent-reports -Dtest=FailureCasesTest -Dexperiment.case=07 -Dexperiment.artifactDir=/Users/hadiranjbar/Downloads/java/token.usage/investigation/raw/v2/07/agent/2 -Dexperiment.reportDir=/Users/hadiranjbar/Downloads/java/token.usage/investigation/raw/v2/07/agent/2/reports -Dspring.output.ansi.enabled=never -Dspring.profiles.active=agent -Dexperiment.deduplicate=true surefire:test",investigation/raw/v2/07/agent/2/reports/com.ai.token.experiment.FailureCasesTest.txt,test-runner report,0f64d02cc12e7110b78c302aa9724223a4b2a635c774aebddd4b98e55f182b23,617,8,131,tiktoken 0.14.0 o200k_base
07,agent,2,1,True,True,404 Not Found,"mvn -o -B -ntp -Dmaven.repo.local=/Users/hadiranjbar/Downloads/java/token.usage/investigation/.m2 -Pinvestigation,agent-reports -Dtest=FailureCasesTest -Dexperiment.case=07 -Dexperiment.artifactDir=/Users/hadiranjbar/Downloads/java/token.usage/investigation/raw/v2/07/agent/2 -Dexperiment.reportDir=/Users/hadiranjbar/Downloads/java/token.usage/investigation/raw/v2/07/agent/2/reports -Dspring.output.ansi.enabled=never -Dspring.profiles.active=agent -Dexperiment.deduplicate=true surefire:test",investigation/raw/v2/07/agent/2/stderr.log,Maven + forked JVM stderr,e3b0c44298fc1c149afbf4c8996fb92427ae41e4649b934ca495991b7852b855,0,0,0,tiktoken 0.14.0 o200k_base
07,agent,2,1,True,True,404 Not Found,"mvn -o -B -ntp -Dmaven.repo.local=/Users/hadiranjbar/Downloads/java/token.usage/investigation/.m2 -Pinvestigation,agent-reports -Dtest=FailureCasesTest -Dexperiment.case=07 -Dexperiment.artifactDir=/Users/hadiranjbar/Downloads/java/token.usage/investigation/raw/v2/07/agent/2 -Dexperiment.reportDir=/Users/hadiranjbar/Downloads/java/token.usage/investigation/raw/v2/07/agent/2/reports -Dspring.output.ansi.enabled=never -Dspring.profiles.active=agent -Dexperiment.deduplicate=true surefire:test",investigation/raw/v2/07/agent/2/stdout.log,Maven + forked JVM stdout,8ec043fb200639c348fb614c3ad1d13b74f339a327ff50b993964cdc67a6fe42,3491,60,1029,tiktoken 0.14.0 o200k_base
07,agent,3,1,True,True,404 Not Found,"mvn -o -B -ntp -Dmaven.repo.local=/Users/hadiranjbar/Downloads/java/token.usage/investigation/.m2 -Pinvestigation,agent-reports -Dtest=FailureCasesTest -Dexperiment.case=07 -Dexperiment.artifactDir=/Users/hadiranjbar/Downloads/java/token.usage/investigation/raw/v2/07/agent/3 -Dexperiment.reportDir=/Users/hadiranjbar/Downloads/java/token.usage/investigation/raw/v2/07/agent/3/reports -Dspring.output.ansi.enabled=never -Dspring.profiles.active=agent -Dexperiment.deduplicate=true surefire:test",investigation/raw/v2/07/agent/3/reports/TEST-com.ai.token.experiment.FailureCasesTest.xml,test-runner report,b728be2c50b8527b96dffc6f0083e4f5756b85e3cfa600474d31e18be5cb1f6e,27983,100,8989,tiktoken 0.14.0 o200k_base
07,agent,3,1,True,True,404 Not Found,"mvn -o -B -ntp -Dmaven.repo.local=/Users/hadiranjbar/Downloads/java/token.usage/investigation/.m2 -Pinvestigation,agent-reports -Dtest=FailureCasesTest -Dexperiment.case=07 -Dexperiment.artifactDir=/Users/hadiranjbar/Downloads/java/token.usage/investigation/raw/v2/07/agent/3 -Dexperiment.reportDir=/Users/hadiranjbar/Downloads/java/token.usage/investigation/raw/v2/07/agent/3/reports -Dspring.output.ansi.enabled=never -Dspring.profiles.active=agent -Dexperiment.deduplicate=true surefire:test",investigation/raw/v2/07/agent/3/reports/com.ai.token.experiment.FailureCasesTest.txt,test-runner report,29c39ed9662ca79d4568e9328ed0b045fcf7dba7059874a339a8b564798f36de,617,8,131,tiktoken 0.14.0 o200k_base
07,agent,3,1,True,True,404 Not Found,"mvn -o -B -ntp -Dmaven.repo.local=/Users/hadiranjbar/Downloads/java/token.usage/investigation/.m2 -Pinvestigation,agent-reports -Dtest=FailureCasesTest -Dexperiment.case=07 -Dexperiment.artifactDir=/Users/hadiranjbar/Downloads/java/token.usage/investigation/raw/v2/07/agent/3 -Dexperiment.reportDir=/Users/hadiranjbar/Downloads/java/token.usage/investigation/raw/v2/07/agent/3/reports -Dspring.output.ansi.enabled=never -Dspring.profiles.active=agent -Dexperiment.deduplicate=true surefire:test",investigation/raw/v2/07/agent/3/stderr.log,Maven + forked JVM stderr,e3b0c44298fc1c149afbf4c8996fb92427ae41e4649b934ca495991b7852b855,0,0,0,tiktoken 0.14.0 o200k_base
07,agent,3,1,True,True,404 Not Found,"mvn -o -B -ntp -Dmaven.repo.local=/Users/hadiranjbar/Downloads/java/token.usage/investigation/.m2 -Pinvestigation,agent-reports -Dtest=FailureCasesTest -Dexperiment.case=07 -Dexperiment.artifactDir=/Users/hadiranjbar/Downloads/java/token.usage/investigation/raw/v2/07/agent/3 -Dexperiment.reportDir=/Users/hadiranjbar/Downloads/java/token.usage/investigation/raw/v2/07/agent/3/reports -Dspring.output.ansi.enabled=never -Dspring.profiles.active=agent -Dexperiment.deduplicate=true surefire:test",investigation/raw/v2/07/agent/3/stdout.log,Maven + forked JVM stdout,688c65ae093b7ca2583e489a889aa1c3be935c00fa104ff31aa1957d41764eb9,3491,60,1029,tiktoken 0.14.0 o200k_base
07,default,1,1,True,True,404 Not Found,mvn -o -B -ntp -Dmaven.repo.local=/Users/hadiranjbar/Downloads/java/token.usage/investigation/.m2 -Pinvestigation -Dtest=FailureCasesTest -Dexperiment.case=07 -Dexperiment.artifactDir=/Users/hadiranjbar/Downloads/java/token.usage/investigation/raw/v2/07/default/1 -Dexperiment.reportDir=/Users/hadiranjbar/Downloads/java/token.usage/investigation/raw/v2/07/default/1/reports -Dspring.output.ansi.enabled=never surefire:test,investigation/raw/v2/07/default/1/reports/TEST-com.ai.token.experiment.FailureCasesTest.xml,test-runner report,bcda4e7eeae90d11eb8fc8a5c557d634f7ceea05aca7e7e05ff3d85956115c94,28797,111,9007,tiktoken 0.14.0 o200k_base
07,default,1,1,True,True,404 Not Found,mvn -o -B -ntp -Dmaven.repo.local=/Users/hadiranjbar/Downloads/java/token.usage/investigation/.m2 -Pinvestigation -Dtest=FailureCasesTest -Dexperiment.case=07 -Dexperiment.artifactDir=/Users/hadiranjbar/Downloads/java/token.usage/investigation/raw/v2/07/default/1 -Dexperiment.reportDir=/Users/hadiranjbar/Downloads/java/token.usage/investigation/raw/v2/07/default/1/reports -Dspring.output.ansi.enabled=never surefire:test,investigation/raw/v2/07/default/1/reports/com.ai.token.experiment.FailureCasesTest.txt,test-runner report,7df3b35e0fe4b7979ef52f233424d1f9269d398981f07e5ee8337919dc7439e5,2186,23,431,tiktoken 0.14.0 o200k_base
07,default,1,1,True,True,404 Not Found,mvn -o -B -ntp -Dmaven.repo.local=/Users/hadiranjbar/Downloads/java/token.usage/investigation/.m2 -Pinvestigation -Dtest=FailureCasesTest -Dexperiment.case=07 -Dexperiment.artifactDir=/Users/hadiranjbar/Downloads/java/token.usage/investigation/raw/v2/07/default/1 -Dexperiment.reportDir=/Users/hadiranjbar/Downloads/java/token.usage/investigation/raw/v2/07/default/1/reports -Dspring.output.ansi.enabled=never surefire:test,investigation/raw/v2/07/default/1/stderr.log,Maven + forked JVM stderr,e3b0c44298fc1c149afbf4c8996fb92427ae41e4649b934ca495991b7852b855,0,0,0,tiktoken 0.14.0 o200k_base
07,default,1,1,True,True,404 Not Found,mvn -o -B -ntp -Dmaven.repo.local=/Users/hadiranjbar/Downloads/java/token.usage/investigation/.m2 -Pinvestigation -Dtest=FailureCasesTest -Dexperiment.case=07 -Dexperiment.artifactDir=/Users/hadiranjbar/Downloads/java/token.usage/investigation/raw/v2/07/default/1 -Dexperiment.reportDir=/Users/hadiranjbar/Downloads/java/token.usage/investigation/raw/v2/07/default/1/reports -Dspring.output.ansi.enabled=never surefire:test,investigation/raw/v2/07/default/1/stdout.log,Maven + forked JVM stdout,c604665d838a71fdfb407f6a959488111eb5a48d0916fd64a50a22e8f86b5e72,4923,75,1260,tiktoken 0.14.0 o200k_base
07,default,2,1,True,True,404 Not Found,mvn -o -B -ntp -Dmaven.repo.local=/Users/hadiranjbar/Downloads/java/token.usage/investigation/.m2 -Pinvestigation -Dtest=FailureCasesTest -Dexperiment.case=07 -Dexperiment.artifactDir=/Users/hadiranjbar/Downloads/java/token.usage/investigation/raw/v2/07/default/2 -Dexperiment.reportDir=/Users/hadiranjbar/Downloads/java/token.usage/investigation/raw/v2/07/default/2/reports -Dspring.output.ansi.enabled=never surefire:test,investigation/raw/v2/07/default/2/reports/TEST-com.ai.token.experiment.FailureCasesTest.xml,test-runner report,56b6f93b436524c1fad5957ae3a8e9dbcc56fe3124c0b3a2693ccd8f460c1218,28797,111,9007,tiktoken 0.14.0 o200k_base
07,default,2,1,True,True,404 Not Found,mvn -o -B -ntp -Dmaven.repo.local=/Users/hadiranjbar/Downloads/java/token.usage/investigation/.m2 -Pinvestigation -Dtest=FailureCasesTest -Dexperiment.case=07 -Dexperiment.artifactDir=/Users/hadiranjbar/Downloads/java/token.usage/investigation/raw/v2/07/default/2 -Dexperiment.reportDir=/Users/hadiranjbar/Downloads/java/token.usage/investigation/raw/v2/07/default/2/reports -Dspring.output.ansi.enabled=never surefire:test,investigation/raw/v2/07/default/2/reports/com.ai.token.experiment.FailureCasesTest.txt,test-runner report,c07864486bd53a3744f821cf14bec6d50b4e3d8abb4e4a13d7d839236bf105f2,2186,23,431,tiktoken 0.14.0 o200k_base
07,default,2,1,True,True,404 Not Found,mvn -o -B -ntp -Dmaven.repo.local=/Users/hadiranjbar/Downloads/java/token.usage/investigation/.m2 -Pinvestigation -Dtest=FailureCasesTest -Dexperiment.case=07 -Dexperiment.artifactDir=/Users/hadiranjbar/Downloads/java/token.usage/investigation/raw/v2/07/default/2 -Dexperiment.reportDir=/Users/hadiranjbar/Downloads/java/token.usage/investigation/raw/v2/07/default/2/reports -Dspring.output.ansi.enabled=never surefire:test,investigation/raw/v2/07/default/2/stderr.log,Maven + forked JVM stderr,e3b0c44298fc1c149afbf4c8996fb92427ae41e4649b934ca495991b7852b855,0,0,0,tiktoken 0.14.0 o200k_base
07,default,2,1,True,True,404 Not Found,mvn -o -B -ntp -Dmaven.repo.local=/Users/hadiranjbar/Downloads/java/token.usage/investigation/.m2 -Pinvestigation -Dtest=FailureCasesTest -Dexperiment.case=07 -Dexperiment.artifactDir=/Users/hadiranjbar/Downloads/java/token.usage/investigation/raw/v2/07/default/2 -Dexperiment.reportDir=/Users/hadiranjbar/Downloads/java/token.usage/investigation/raw/v2/07/default/2/reports -Dspring.output.ansi.enabled=never surefire:test,investigation/raw/v2/07/default/2/stdout.log,Maven + forked JVM stdout,d605b70504946a1112a5ccdb79e99a6d98776535e914042f9c30d2c3857fc499,4923,75,1260,tiktoken 0.14.0 o200k_base
07,default,3,1,True,True,404 Not Found,mvn -o -B -ntp -Dmaven.repo.local=/Users/hadiranjbar/Downloads/java/token.usage/investigation/.m2 -Pinvestigation -Dtest=FailureCasesTest -Dexperiment.case=07 -Dexperiment.artifactDir=/Users/hadiranjbar/Downloads/java/token.usage/investigation/raw/v2/07/default/3 -Dexperiment.reportDir=/Users/hadiranjbar/Downloads/java/token.usage/investigation/raw/v2/07/default/3/reports -Dspring.output.ansi.enabled=never surefire:test,investigation/raw/v2/07/default/3/reports/TEST-com.ai.token.experiment.FailureCasesTest.xml,test-runner report,7528407abd7472832e888d920e8dea211b694c5d7f9613afe702e1adb3077915,28797,111,9007,tiktoken 0.14.0 o200k_base
07,default,3,1,True,True,404 Not Found,mvn -o -B -ntp -Dmaven.repo.local=/Users/hadiranjbar/Downloads/java/token.usage/investigation/.m2 -Pinvestigation -Dtest=FailureCasesTest -Dexperiment.case=07 -Dexperiment.artifactDir=/Users/hadiranjbar/Downloads/java/token.usage/investigation/raw/v2/07/default/3 -Dexperiment.reportDir=/Users/hadiranjbar/Downloads/java/token.usage/investigation/raw/v2/07/default/3/reports -Dspring.output.ansi.enabled=never surefire:test,investigation/raw/v2/07/default/3/reports/com.ai.token.experiment.FailureCasesTest.txt,test-runner report,d6bc9fc083c5389bdf53b6bb5e56bc441a3b2e6107f45d9b22754a7b3b655899,2186,23,431,tiktoken 0.14.0 o200k_base
07,default,3,1,True,True,404 Not Found,mvn -o -B -ntp -Dmaven.repo.local=/Users/hadiranjbar/Downloads/java/token.usage/investigation/.m2 -Pinvestigation -Dtest=FailureCasesTest -Dexperiment.case=07 -Dexperiment.artifactDir=/Users/hadiranjbar/Downloads/java/token.usage/investigation/raw/v2/07/default/3 -Dexperiment.reportDir=/Users/hadiranjbar/Downloads/java/token.usage/investigation/raw/v2/07/default/3/reports -Dspring.output.ansi.enabled=never surefire:test,investigation/raw/v2/07/default/3/stderr.log,Maven + forked JVM stderr,e3b0c44298fc1c149afbf4c8996fb92427ae41e4649b934ca495991b7852b855,0,0,0,tiktoken 0.14.0 o200k_base
07,default,3,1,True,True,404 Not Found,mvn -o -B -ntp -Dmaven.repo.local=/Users/hadiranjbar/Downloads/java/token.usage/investigation/.m2 -Pinvestigation -Dtest=FailureCasesTest -Dexperiment.case=07 -Dexperiment.artifactDir=/Users/hadiranjbar/Downloads/java/token.usage/investigation/raw/v2/07/default/3 -Dexperiment.reportDir=/Users/hadiranjbar/Downloads/java/token.usage/investigation/raw/v2/07/default/3/reports -Dspring.output.ansi.enabled=never surefire:test,investigation/raw/v2/07/default/3/stdout.log,Maven + forked JVM stdout,716a73275f78b15fff5e033abb4f0c1b16e5123c9a35a120962c187c49503e07,4923,75,1260,tiktoken 0.14.0 o200k_base
07,p1,1,1,True,True,404 Not Found,mvn -o -B -ntp -Dmaven.repo.local=/Users/hadiranjbar/Downloads/java/token.usage/investigation/.m2 -Pinvestigation -Dtest=FailureCasesTest -Dexperiment.case=07 -Dexperiment.artifactDir=/Users/hadiranjbar/Downloads/java/token.usage/investigation/raw/v2/07/p1/1 -Dexperiment.reportDir=/Users/hadiranjbar/Downloads/java/token.usage/investigation/raw/v2/07/p1/1/reports -Dspring.output.ansi.enabled=never -Dspring.profiles.active=p1 surefire:test,investigation/raw/v2/07/p1/1/reports/TEST-com.ai.token.experiment.FailureCasesTest.xml,test-runner report,1a14b2c5262de300612fc1359333264b12f6bc33fabfa09fccf419fc4e0bb687,28799,113,9015,tiktoken 0.14.0 o200k_base
07,p1,1,1,True,True,404 Not Found,mvn -o -B -ntp -Dmaven.repo.local=/Users/hadiranjbar/Downloads/java/token.usage/investigation/.m2 -Pinvestigation -Dtest=FailureCasesTest -Dexperiment.case=07 -Dexperiment.artifactDir=/Users/hadiranjbar/Downloads/java/token.usage/investigation/raw/v2/07/p1/1 -Dexperiment.reportDir=/Users/hadiranjbar/Downloads/java/token.usage/investigation/raw/v2/07/p1/1/reports -Dspring.output.ansi.enabled=never -Dspring.profiles.active=p1 surefire:test,investigation/raw/v2/07/p1/1/reports/com.ai.token.experiment.FailureCasesTest.txt,test-runner report,13ce45fbcbdb8eaeded3f896041d3d5efeeb14d158dad40589a1ee6c637470c3,2186,23,431,tiktoken 0.14.0 o200k_base
07,p1,1,1,True,True,404 Not Found,mvn -o -B -ntp -Dmaven.repo.local=/Users/hadiranjbar/Downloads/java/token.usage/investigation/.m2 -Pinvestigation -Dtest=FailureCasesTest -Dexperiment.case=07 -Dexperiment.artifactDir=/Users/hadiranjbar/Downloads/java/token.usage/investigation/raw/v2/07/p1/1 -Dexperiment.reportDir=/Users/hadiranjbar/Downloads/java/token.usage/investigation/raw/v2/07/p1/1/reports -Dspring.output.ansi.enabled=never -Dspring.profiles.active=p1 surefire:test,investigation/raw/v2/07/p1/1/stderr.log,Maven + forked JVM stderr,e3b0c44298fc1c149afbf4c8996fb92427ae41e4649b934ca495991b7852b855,0,0,0,tiktoken 0.14.0 o200k_base
07,p1,1,1,True,True,404 Not Found,mvn -o -B -ntp -Dmaven.repo.local=/Users/hadiranjbar/Downloads/java/token.usage/investigation/.m2 -Pinvestigation -Dtest=FailureCasesTest -Dexperiment.case=07 -Dexperiment.artifactDir=/Users/hadiranjbar/Downloads/java/token.usage/investigation/raw/v2/07/p1/1 -Dexperiment.reportDir=/Users/hadiranjbar/Downloads/java/token.usage/investigation/raw/v2/07/p1/1/reports -Dspring.output.ansi.enabled=never -Dspring.profiles.active=p1 surefire:test,investigation/raw/v2/07/p1/1/stdout.log,Maven + forked JVM stdout,a2d7fbf9954a257fac2fa38a1e00d46d784d3766d694648e510bd85fdb2cbcb5,4764,75,1215,tiktoken 0.14.0 o200k_base
07,p1,2,1,True,True,404 Not Found,mvn -o -B -ntp -Dmaven.repo.local=/Users/hadiranjbar/Downloads/java/token.usage/investigation/.m2 -Pinvestigation -Dtest=FailureCasesTest -Dexperiment.case=07 -Dexperiment.artifactDir=/Users/hadiranjbar/Downloads/java/token.usage/investigation/raw/v2/07/p1/2 -Dexperiment.reportDir=/Users/hadiranjbar/Downloads/java/token.usage/investigation/raw/v2/07/p1/2/reports -Dspring.output.ansi.enabled=never -Dspring.profiles.active=p1 surefire:test,investigation/raw/v2/07/p1/2/reports/TEST-com.ai.token.experiment.FailureCasesTest.xml,test-runner report,fffac0eff999516459e92811c99c1034b3eefc9b9ebab93c5b6f3f861cdc419f,28803,113,9016,tiktoken 0.14.0 o200k_base
07,p1,2,1,True,True,404 Not Found,mvn -o -B -ntp -Dmaven.repo.local=/Users/hadiranjbar/Downloads/java/token.usage/investigation/.m2 -Pinvestigation -Dtest=FailureCasesTest -Dexperiment.case=07 -Dexperiment.artifactDir=/Users/hadiranjbar/Downloads/java/token.usage/investigation/raw/v2/07/p1/2 -Dexperiment.reportDir=/Users/hadiranjbar/Downloads/java/token.usage/investigation/raw/v2/07/p1/2/reports -Dspring.output.ansi.enabled=never -Dspring.profiles.active=p1 surefire:test,investigation/raw/v2/07/p1/2/reports/com.ai.token.experiment.FailureCasesTest.txt,test-runner report,7ce0051eb1d9a390ead7c0bc26471584db05ac3ee4b1f38cdddaf817ee4afb77,2186,23,431,tiktoken 0.14.0 o200k_base
07,p1,2,1,True,True,404 Not Found,mvn -o -B -ntp -Dmaven.repo.local=/Users/hadiranjbar/Downloads/java/token.usage/investigation/.m2 -Pinvestigation -Dtest=FailureCasesTest -Dexperiment.case=07 -Dexperiment.artifactDir=/Users/hadiranjbar/Downloads/java/token.usage/investigation/raw/v2/07/p1/2 -Dexperiment.reportDir=/Users/hadiranjbar/Downloads/java/token.usage/investigation/raw/v2/07/p1/2/reports -Dspring.output.ansi.enabled=never -Dspring.profiles.active=p1 surefire:test,investigation/raw/v2/07/p1/2/stderr.log,Maven + forked JVM stderr,e3b0c44298fc1c149afbf4c8996fb92427ae41e4649b934ca495991b7852b855,0,0,0,tiktoken 0.14.0 o200k_base
07,p1,2,1,True,True,404 Not Found,mvn -o -B -ntp -Dmaven.repo.local=/Users/hadiranjbar/Downloads/java/token.usage/investigation/.m2 -Pinvestigation -Dtest=FailureCasesTest -Dexperiment.case=07 -Dexperiment.artifactDir=/Users/hadiranjbar/Downloads/java/token.usage/investigation/raw/v2/07/p1/2 -Dexperiment.reportDir=/Users/hadiranjbar/Downloads/java/token.usage/investigation/raw/v2/07/p1/2/reports -Dspring.output.ansi.enabled=never -Dspring.profiles.active=p1 surefire:test,investigation/raw/v2/07/p1/2/stdout.log,Maven + forked JVM stdout,840bce0f33586dd6ac0f1a33b2d5df229d1f9cd3ea6428446dd6b63ea1c6c247,4764,75,1215,tiktoken 0.14.0 o200k_base
07,p1,3,1,True,True,404 Not Found,mvn -o -B -ntp -Dmaven.repo.local=/Users/hadiranjbar/Downloads/java/token.usage/investigation/.m2 -Pinvestigation -Dtest=FailureCasesTest -Dexperiment.case=07 -Dexperiment.artifactDir=/Users/hadiranjbar/Downloads/java/token.usage/investigation/raw/v2/07/p1/3 -Dexperiment.reportDir=/Users/hadiranjbar/Downloads/java/token.usage/investigation/raw/v2/07/p1/3/reports -Dspring.output.ansi.enabled=never -Dspring.profiles.active=p1 surefire:test,investigation/raw/v2/07/p1/3/reports/TEST-com.ai.token.experiment.FailureCasesTest.xml,test-runner report,4243de4063b0f917ba67d058f64b0ba6b69e35e957c103727de150b9c1cebccd,28799,113,9015,tiktoken 0.14.0 o200k_base
07,p1,3,1,True,True,404 Not Found,mvn -o -B -ntp -Dmaven.repo.local=/Users/hadiranjbar/Downloads/java/token.usage/investigation/.m2 -Pinvestigation -Dtest=FailureCasesTest -Dexperiment.case=07 -Dexperiment.artifactDir=/Users/hadiranjbar/Downloads/java/token.usage/investigation/raw/v2/07/p1/3 -Dexperiment.reportDir=/Users/hadiranjbar/Downloads/java/token.usage/investigation/raw/v2/07/p1/3/reports -Dspring.output.ansi.enabled=never -Dspring.profiles.active=p1 surefire:test,investigation/raw/v2/07/p1/3/reports/com.ai.token.experiment.FailureCasesTest.txt,test-runner report,da70051902b9229e5df72667ba1e1eb9f26809cce1183cf23da6af09c27352ba,2186,23,431,tiktoken 0.14.0 o200k_base
07,p1,3,1,True,True,404 Not Found,mvn -o -B -ntp -Dmaven.repo.local=/Users/hadiranjbar/Downloads/java/token.usage/investigation/.m2 -Pinvestigation -Dtest=FailureCasesTest -Dexperiment.case=07 -Dexperiment.artifactDir=/Users/hadiranjbar/Downloads/java/token.usage/investigation/raw/v2/07/p1/3 -Dexperiment.reportDir=/Users/hadiranjbar/Downloads/java/token.usage/investigation/raw/v2/07/p1/3/reports -Dspring.output.ansi.enabled=never -Dspring.profiles.active=p1 surefire:test,investigation/raw/v2/07/p1/3/stderr.log,Maven + forked JVM stderr,e3b0c44298fc1c149afbf4c8996fb92427ae41e4649b934ca495991b7852b855,0,0,0,tiktoken 0.14.0 o200k_base
07,p1,3,1,True,True,404 Not Found,mvn -o -B -ntp -Dmaven.repo.local=/Users/hadiranjbar/Downloads/java/token.usage/investigation/.m2 -Pinvestigation -Dtest=FailureCasesTest -Dexperiment.case=07 -Dexperiment.artifactDir=/Users/hadiranjbar/Downloads/java/token.usage/investigation/raw/v2/07/p1/3 -Dexperiment.reportDir=/Users/hadiranjbar/Downloads/java/token.usage/investigation/raw/v2/07/p1/3/reports -Dspring.output.ansi.enabled=never -Dspring.profiles.active=p1 surefire:test,investigation/raw/v2/07/p1/3/stdout.log,Maven + forked JVM stdout,21751b6034adbad7715ada1a66c43dd79d93296ff6006c2860216cdc2456ca21,4765,75,1215,tiktoken 0.14.0 o200k_base
07,p4,1,1,True,True,404 Not Found,"mvn -o -B -ntp -Dmaven.repo.local=/Users/hadiranjbar/Downloads/java/token.usage/investigation/.m2 -Pinvestigation,agent-reports -Dtest=FailureCasesTest -Dexperiment.case=07 -Dexperiment.artifactDir=/Users/hadiranjbar/Downloads/java/token.usage/investigation/raw/v2/07/p4/1 -Dexperiment.reportDir=/Users/hadiranjbar/Downloads/java/token.usage/investigation/raw/v2/07/p4/1/reports -Dspring.output.ansi.enabled=never surefire:test",investigation/raw/v2/07/p4/1/reports/TEST-com.ai.token.experiment.FailureCasesTest.xml,test-runner report,a37a7160f628c13f30278f3746f9b479d8fde7e5077f149ae2c9bf1de7f80769,27218,96,8709,tiktoken 0.14.0 o200k_base
07,p4,1,1,True,True,404 Not Found,"mvn -o -B -ntp -Dmaven.repo.local=/Users/hadiranjbar/Downloads/java/token.usage/investigation/.m2 -Pinvestigation,agent-reports -Dtest=FailureCasesTest -Dexperiment.case=07 -Dexperiment.artifactDir=/Users/hadiranjbar/Downloads/java/token.usage/investigation/raw/v2/07/p4/1 -Dexperiment.reportDir=/Users/hadiranjbar/Downloads/java/token.usage/investigation/raw/v2/07/p4/1/reports -Dspring.output.ansi.enabled=never surefire:test",investigation/raw/v2/07/p4/1/reports/com.ai.token.experiment.FailureCasesTest.txt,test-runner report,be64d00dbce0535f73588fc5e7fc7ab76d1be5338fc9d3ee9c95542e924907ac,617,8,131,tiktoken 0.14.0 o200k_base
07,p4,1,1,True,True,404 Not Found,"mvn -o -B -ntp -Dmaven.repo.local=/Users/hadiranjbar/Downloads/java/token.usage/investigation/.m2 -Pinvestigation,agent-reports -Dtest=FailureCasesTest -Dexperiment.case=07 -Dexperiment.artifactDir=/Users/hadiranjbar/Downloads/java/token.usage/investigation/raw/v2/07/p4/1 -Dexperiment.reportDir=/Users/hadiranjbar/Downloads/java/token.usage/investigation/raw/v2/07/p4/1/reports -Dspring.output.ansi.enabled=never surefire:test",investigation/raw/v2/07/p4/1/stderr.log,Maven + forked JVM stderr,e3b0c44298fc1c149afbf4c8996fb92427ae41e4649b934ca495991b7852b855,0,0,0,tiktoken 0.14.0 o200k_base
07,p4,1,1,True,True,404 Not Found,"mvn -o -B -ntp -Dmaven.repo.local=/Users/hadiranjbar/Downloads/java/token.usage/investigation/.m2 -Pinvestigation,agent-reports -Dtest=FailureCasesTest -Dexperiment.case=07 -Dexperiment.artifactDir=/Users/hadiranjbar/Downloads/java/token.usage/investigation/raw/v2/07/p4/1 -Dexperiment.reportDir=/Users/hadiranjbar/Downloads/java/token.usage/investigation/raw/v2/07/p4/1/reports -Dspring.output.ansi.enabled=never surefire:test",investigation/raw/v2/07/p4/1/stdout.log,Maven + forked JVM stdout,2a740ecdc2997a3d6c77ab7a3fcda28611f513251187d434886b41f865b9d756,3349,60,961,tiktoken 0.14.0 o200k_base
07,p4,2,1,True,True,404 Not Found,"mvn -o -B -ntp -Dmaven.repo.local=/Users/hadiranjbar/Downloads/java/token.usage/investigation/.m2 -Pinvestigation,agent-reports -Dtest=FailureCasesTest -Dexperiment.case=07 -Dexperiment.artifactDir=/Users/hadiranjbar/Downloads/java/token.usage/investigation/raw/v2/07/p4/2 -Dexperiment.reportDir=/Users/hadiranjbar/Downloads/java/token.usage/investigation/raw/v2/07/p4/2/reports -Dspring.output.ansi.enabled=never surefire:test",investigation/raw/v2/07/p4/2/reports/TEST-com.ai.token.experiment.FailureCasesTest.xml,test-runner report,d2d7ece1eb048c35b0f1715d75c0e1048ee10afcf12d3d6555094b255f4b0f99,27218,96,8709,tiktoken 0.14.0 o200k_base
07,p4,2,1,True,True,404 Not Found,"mvn -o -B -ntp -Dmaven.repo.local=/Users/hadiranjbar/Downloads/java/token.usage/investigation/.m2 -Pinvestigation,agent-reports -Dtest=FailureCasesTest -Dexperiment.case=07 -Dexperiment.artifactDir=/Users/hadiranjbar/Downloads/java/token.usage/investigation/raw/v2/07/p4/2 -Dexperiment.reportDir=/Users/hadiranjbar/Downloads/java/token.usage/investigation/raw/v2/07/p4/2/reports -Dspring.output.ansi.enabled=never surefire:test",investigation/raw/v2/07/p4/2/reports/com.ai.token.experiment.FailureCasesTest.txt,test-runner report,4f1663eb76d8d9d9f4659005d8081fc1c91428bc05a160ba5e5930753a0abed8,617,8,131,tiktoken 0.14.0 o200k_base
07,p4,2,1,True,True,404 Not Found,"mvn -o -B -ntp -Dmaven.repo.local=/Users/hadiranjbar/Downloads/java/token.usage/investigation/.m2 -Pinvestigation,agent-reports -Dtest=FailureCasesTest -Dexperiment.case=07 -Dexperiment.artifactDir=/Users/hadiranjbar/Downloads/java/token.usage/investigation/raw/v2/07/p4/2 -Dexperiment.reportDir=/Users/hadiranjbar/Downloads/java/token.usage/investigation/raw/v2/07/p4/2/reports -Dspring.output.ansi.enabled=never surefire:test",investigation/raw/v2/07/p4/2/stderr.log,Maven + forked JVM stderr,e3b0c44298fc1c149afbf4c8996fb92427ae41e4649b934ca495991b7852b855,0,0,0,tiktoken 0.14.0 o200k_base
07,p4,2,1,True,True,404 Not Found,"mvn -o -B -ntp -Dmaven.repo.local=/Users/hadiranjbar/Downloads/java/token.usage/investigation/.m2 -Pinvestigation,agent-reports -Dtest=FailureCasesTest -Dexperiment.case=07 -Dexperiment.artifactDir=/Users/hadiranjbar/Downloads/java/token.usage/investigation/raw/v2/07/p4/2 -Dexperiment.reportDir=/Users/hadiranjbar/Downloads/java/token.usage/investigation/raw/v2/07/p4/2/reports -Dspring.output.ansi.enabled=never surefire:test",investigation/raw/v2/07/p4/2/stdout.log,Maven + forked JVM stdout,4effa1c70813e372871f123c3325d31e3e9306fe0c006c1eeb7f23f649e975ae,3349,60,961,tiktoken 0.14.0 o200k_base
07,p4,3,1,True,True,404 Not Found,"mvn -o -B -ntp -Dmaven.repo.local=/Users/hadiranjbar/Downloads/java/token.usage/investigation/.m2 -Pinvestigation,agent-reports -Dtest=FailureCasesTest -Dexperiment.case=07 -Dexperiment.artifactDir=/Users/hadiranjbar/Downloads/java/token.usage/investigation/raw/v2/07/p4/3 -Dexperiment.reportDir=/Users/hadiranjbar/Downloads/java/token.usage/investigation/raw/v2/07/p4/3/reports -Dspring.output.ansi.enabled=never surefire:test",investigation/raw/v2/07/p4/3/reports/TEST-com.ai.token.experiment.FailureCasesTest.xml,test-runner report,157381855a05a2b07a38fa0932fb81f7eaab48157a510f3f353d77932ee7f4f0,27222,96,8710,tiktoken 0.14.0 o200k_base
07,p4,3,1,True,True,404 Not Found,"mvn -o -B -ntp -Dmaven.repo.local=/Users/hadiranjbar/Downloads/java/token.usage/investigation/.m2 -Pinvestigation,agent-reports -Dtest=FailureCasesTest -Dexperiment.case=07 -Dexperiment.artifactDir=/Users/hadiranjbar/Downloads/java/token.usage/investigation/raw/v2/07/p4/3 -Dexperiment.reportDir=/Users/hadiranjbar/Downloads/java/token.usage/investigation/raw/v2/07/p4/3/reports -Dspring.output.ansi.enabled=never surefire:test",investigation/raw/v2/07/p4/3/reports/com.ai.token.experiment.FailureCasesTest.txt,test-runner report,1cc2811583d07216f99b7ac581b635775eb96b12534768426c0760fa432d3b25,617,8,131,tiktoken 0.14.0 o200k_base
07,p4,3,1,True,True,404 Not Found,"mvn -o -B -ntp -Dmaven.repo.local=/Users/hadiranjbar/Downloads/java/token.usage/investigation/.m2 -Pinvestigation,agent-reports -Dtest=FailureCasesTest -Dexperiment.case=07 -Dexperiment.artifactDir=/Users/hadiranjbar/Downloads/java/token.usage/investigation/raw/v2/07/p4/3 -Dexperiment.reportDir=/Users/hadiranjbar/Downloads/java/token.usage/investigation/raw/v2/07/p4/3/reports -Dspring.output.ansi.enabled=never surefire:test",investigation/raw/v2/07/p4/3/stderr.log,Maven + forked JVM stderr,e3b0c44298fc1c149afbf4c8996fb92427ae41e4649b934ca495991b7852b855,0,0,0,tiktoken 0.14.0 o200k_base
07,p4,3,1,True,True,404 Not Found,"mvn -o -B -ntp -Dmaven.repo.local=/Users/hadiranjbar/Downloads/java/token.usage/investigation/.m2 -Pinvestigation,agent-reports -Dtest=FailureCasesTest -Dexperiment.case=07 -Dexperiment.artifactDir=/Users/hadiranjbar/Downloads/java/token.usage/investigation/raw/v2/07/p4/3 -Dexperiment.reportDir=/Users/hadiranjbar/Downloads/java/token.usage/investigation/raw/v2/07/p4/3/reports -Dspring.output.ansi.enabled=never surefire:test",investigation/raw/v2/07/p4/3/stdout.log,Maven + forked JVM stdout,610c3d357a14cecdcb89f35489a9d79910c0caa519cf0f5ae90d2acb33469072,3349,60,961,tiktoken 0.14.0 o200k_base
08,agent,1,1,True,True,java.util.concurrent.ExecutionException,"mvn -o -B -ntp -Dmaven.repo.local=/Users/hadiranjbar/Downloads/java/token.usage/investigation/.m2 -Pinvestigation,agent-reports -Dtest=FailureCasesTest -Dexperiment.case=08 -Dexperiment.artifactDir=/Users/hadiranjbar/Downloads/java/token.usage/investigation/raw/v2/08/agent/1 -Dexperiment.reportDir=/Users/hadiranjbar/Downloads/java/token.usage/investigation/raw/v2/08/agent/1/reports -Dspring.output.ansi.enabled=never -Dspring.profiles.active=agent -Dexperiment.deduplicate=true surefire:test",investigation/raw/v2/08/agent/1/reports/TEST-com.ai.token.experiment.FailureCasesTest.xml,test-runner report,838a96669c853043f0f6ce6c72e875744ff83d37b55073e8f0dfe42df058e93e,28869,113,9218,tiktoken 0.14.0 o200k_base
08,agent,1,1,True,True,java.util.concurrent.ExecutionException,"mvn -o -B -ntp -Dmaven.repo.local=/Users/hadiranjbar/Downloads/java/token.usage/investigation/.m2 -Pinvestigation,agent-reports -Dtest=FailureCasesTest -Dexperiment.case=08 -Dexperiment.artifactDir=/Users/hadiranjbar/Downloads/java/token.usage/investigation/raw/v2/08/agent/1 -Dexperiment.reportDir=/Users/hadiranjbar/Downloads/java/token.usage/investigation/raw/v2/08/agent/1/reports -Dspring.output.ansi.enabled=never -Dspring.profiles.active=agent -Dexperiment.deduplicate=true surefire:test",investigation/raw/v2/08/agent/1/reports/com.ai.token.experiment.FailureCasesTest.txt,test-runner report,4d363db915d6c547f18eb2e4fdd6fe8e8ef0eff120d0d53dccd0100279306d06,676,9,142,tiktoken 0.14.0 o200k_base
08,agent,1,1,True,True,java.util.concurrent.ExecutionException,"mvn -o -B -ntp -Dmaven.repo.local=/Users/hadiranjbar/Downloads/java/token.usage/investigation/.m2 -Pinvestigation,agent-reports -Dtest=FailureCasesTest -Dexperiment.case=08 -Dexperiment.artifactDir=/Users/hadiranjbar/Downloads/java/token.usage/investigation/raw/v2/08/agent/1 -Dexperiment.reportDir=/Users/hadiranjbar/Downloads/java/token.usage/investigation/raw/v2/08/agent/1/reports -Dspring.output.ansi.enabled=never -Dspring.profiles.active=agent -Dexperiment.deduplicate=true surefire:test",investigation/raw/v2/08/agent/1/stderr.log,Maven + forked JVM stderr,e3b0c44298fc1c149afbf4c8996fb92427ae41e4649b934ca495991b7852b855,0,0,0,tiktoken 0.14.0 o200k_base
08,agent,1,1,True,True,java.util.concurrent.ExecutionException,"mvn -o -B -ntp -Dmaven.repo.local=/Users/hadiranjbar/Downloads/java/token.usage/investigation/.m2 -Pinvestigation,agent-reports -Dtest=FailureCasesTest -Dexperiment.case=08 -Dexperiment.artifactDir=/Users/hadiranjbar/Downloads/java/token.usage/investigation/raw/v2/08/agent/1 -Dexperiment.reportDir=/Users/hadiranjbar/Downloads/java/token.usage/investigation/raw/v2/08/agent/1/reports -Dspring.output.ansi.enabled=never -Dspring.profiles.active=agent -Dexperiment.deduplicate=true surefire:test",investigation/raw/v2/08/agent/1/stdout.log,Maven + forked JVM stdout,e0b3b10621d06ac669e41a71f3534c6ae3d4cce584acff5c121f770b33468408,4400,73,1261,tiktoken 0.14.0 o200k_base
08,agent,2,1,True,True,java.util.concurrent.ExecutionException,"mvn -o -B -ntp -Dmaven.repo.local=/Users/hadiranjbar/Downloads/java/token.usage/investigation/.m2 -Pinvestigation,agent-reports -Dtest=FailureCasesTest -Dexperiment.case=08 -Dexperiment.artifactDir=/Users/hadiranjbar/Downloads/java/token.usage/investigation/raw/v2/08/agent/2 -Dexperiment.reportDir=/Users/hadiranjbar/Downloads/java/token.usage/investigation/raw/v2/08/agent/2/reports -Dspring.output.ansi.enabled=never -Dspring.profiles.active=agent -Dexperiment.deduplicate=true surefire:test",investigation/raw/v2/08/agent/2/reports/TEST-com.ai.token.experiment.FailureCasesTest.xml,test-runner report,f8f442bc8637734f71d837b41273f055640a2f8bef05e2f693b7e2c502c032a0,28866,113,9217,tiktoken 0.14.0 o200k_base
08,agent,2,1,True,True,java.util.concurrent.ExecutionException,"mvn -o -B -ntp -Dmaven.repo.local=/Users/hadiranjbar/Downloads/java/token.usage/investigation/.m2 -Pinvestigation,agent-reports -Dtest=FailureCasesTest -Dexperiment.case=08 -Dexperiment.artifactDir=/Users/hadiranjbar/Downloads/java/token.usage/investigation/raw/v2/08/agent/2 -Dexperiment.reportDir=/Users/hadiranjbar/Downloads/java/token.usage/investigation/raw/v2/08/agent/2/reports -Dspring.output.ansi.enabled=never -Dspring.profiles.active=agent -Dexperiment.deduplicate=true surefire:test",investigation/raw/v2/08/agent/2/reports/com.ai.token.experiment.FailureCasesTest.txt,test-runner report,7fa3fe31807ec2d75f3bfacce1a4f268eef560bef335f699c465ade8f8a32fb6,676,9,142,tiktoken 0.14.0 o200k_base
08,agent,2,1,True,True,java.util.concurrent.ExecutionException,"mvn -o -B -ntp -Dmaven.repo.local=/Users/hadiranjbar/Downloads/java/token.usage/investigation/.m2 -Pinvestigation,agent-reports -Dtest=FailureCasesTest -Dexperiment.case=08 -Dexperiment.artifactDir=/Users/hadiranjbar/Downloads/java/token.usage/investigation/raw/v2/08/agent/2 -Dexperiment.reportDir=/Users/hadiranjbar/Downloads/java/token.usage/investigation/raw/v2/08/agent/2/reports -Dspring.output.ansi.enabled=never -Dspring.profiles.active=agent -Dexperiment.deduplicate=true surefire:test",investigation/raw/v2/08/agent/2/stderr.log,Maven + forked JVM stderr,e3b0c44298fc1c149afbf4c8996fb92427ae41e4649b934ca495991b7852b855,0,0,0,tiktoken 0.14.0 o200k_base
08,agent,2,1,True,True,java.util.concurrent.ExecutionException,"mvn -o -B -ntp -Dmaven.repo.local=/Users/hadiranjbar/Downloads/java/token.usage/investigation/.m2 -Pinvestigation,agent-reports -Dtest=FailureCasesTest -Dexperiment.case=08 -Dexperiment.artifactDir=/Users/hadiranjbar/Downloads/java/token.usage/investigation/raw/v2/08/agent/2 -Dexperiment.reportDir=/Users/hadiranjbar/Downloads/java/token.usage/investigation/raw/v2/08/agent/2/reports -Dspring.output.ansi.enabled=never -Dspring.profiles.active=agent -Dexperiment.deduplicate=true surefire:test",investigation/raw/v2/08/agent/2/stdout.log,Maven + forked JVM stdout,2a631843503511e0506bd9d940ca77e75b550fb51dd4c816b219af5ea6a1bca9,4400,73,1261,tiktoken 0.14.0 o200k_base
08,agent,3,1,True,True,java.util.concurrent.ExecutionException,"mvn -o -B -ntp -Dmaven.repo.local=/Users/hadiranjbar/Downloads/java/token.usage/investigation/.m2 -Pinvestigation,agent-reports -Dtest=FailureCasesTest -Dexperiment.case=08 -Dexperiment.artifactDir=/Users/hadiranjbar/Downloads/java/token.usage/investigation/raw/v2/08/agent/3 -Dexperiment.reportDir=/Users/hadiranjbar/Downloads/java/token.usage/investigation/raw/v2/08/agent/3/reports -Dspring.output.ansi.enabled=never -Dspring.profiles.active=agent -Dexperiment.deduplicate=true surefire:test",investigation/raw/v2/08/agent/3/reports/TEST-com.ai.token.experiment.FailureCasesTest.xml,test-runner report,a0f385e78a0f219812d7690c1f20b9915b77db0084ea3d523e2f3ee271a4f40a,28866,113,9217,tiktoken 0.14.0 o200k_base
08,agent,3,1,True,True,java.util.concurrent.ExecutionException,"mvn -o -B -ntp -Dmaven.repo.local=/Users/hadiranjbar/Downloads/java/token.usage/investigation/.m2 -Pinvestigation,agent-reports -Dtest=FailureCasesTest -Dexperiment.case=08 -Dexperiment.artifactDir=/Users/hadiranjbar/Downloads/java/token.usage/investigation/raw/v2/08/agent/3 -Dexperiment.reportDir=/Users/hadiranjbar/Downloads/java/token.usage/investigation/raw/v2/08/agent/3/reports -Dspring.output.ansi.enabled=never -Dspring.profiles.active=agent -Dexperiment.deduplicate=true surefire:test",investigation/raw/v2/08/agent/3/reports/com.ai.token.experiment.FailureCasesTest.txt,test-runner report,6e5b2951ee4150ad23038f71e9d64b721d9a54bc91083b5df654a57c567fc9d9,676,9,142,tiktoken 0.14.0 o200k_base
08,agent,3,1,True,True,java.util.concurrent.ExecutionException,"mvn -o -B -ntp -Dmaven.repo.local=/Users/hadiranjbar/Downloads/java/token.usage/investigation/.m2 -Pinvestigation,agent-reports -Dtest=FailureCasesTest -Dexperiment.case=08 -Dexperiment.artifactDir=/Users/hadiranjbar/Downloads/java/token.usage/investigation/raw/v2/08/agent/3 -Dexperiment.reportDir=/Users/hadiranjbar/Downloads/java/token.usage/investigation/raw/v2/08/agent/3/reports -Dspring.output.ansi.enabled=never -Dspring.profiles.active=agent -Dexperiment.deduplicate=true surefire:test",investigation/raw/v2/08/agent/3/stderr.log,Maven + forked JVM stderr,e3b0c44298fc1c149afbf4c8996fb92427ae41e4649b934ca495991b7852b855,0,0,0,tiktoken 0.14.0 o200k_base
08,agent,3,1,True,True,java.util.concurrent.ExecutionException,"mvn -o -B -ntp -Dmaven.repo.local=/Users/hadiranjbar/Downloads/java/token.usage/investigation/.m2 -Pinvestigation,agent-reports -Dtest=FailureCasesTest -Dexperiment.case=08 -Dexperiment.artifactDir=/Users/hadiranjbar/Downloads/java/token.usage/investigation/raw/v2/08/agent/3 -Dexperiment.reportDir=/Users/hadiranjbar/Downloads/java/token.usage/investigation/raw/v2/08/agent/3/reports -Dspring.output.ansi.enabled=never -Dspring.profiles.active=agent -Dexperiment.deduplicate=true surefire:test",investigation/raw/v2/08/agent/3/stdout.log,Maven + forked JVM stdout,fbfe2222d88c650330f4a31c61464567f5da8b0a379d642a1ed0cc921b096481,4400,73,1261,tiktoken 0.14.0 o200k_base
08,default,1,1,True,True,java.util.concurrent.ExecutionException,mvn -o -B -ntp -Dmaven.repo.local=/Users/hadiranjbar/Downloads/java/token.usage/investigation/.m2 -Pinvestigation -Dtest=FailureCasesTest -Dexperiment.case=08 -Dexperiment.artifactDir=/Users/hadiranjbar/Downloads/java/token.usage/investigation/raw/v2/08/default/1 -Dexperiment.reportDir=/Users/hadiranjbar/Downloads/java/token.usage/investigation/raw/v2/08/default/1/reports -Dspring.output.ansi.enabled=never surefire:test,investigation/raw/v2/08/default/1/reports/TEST-com.ai.token.experiment.FailureCasesTest.xml,test-runner report,e33ad6fc510b4bdfbc7f1aaf9f3508b955dad153cb36c1aa6619d18d4db70965,28954,120,9136,tiktoken 0.14.0 o200k_base
08,default,1,1,True,True,java.util.concurrent.ExecutionException,mvn -o -B -ntp -Dmaven.repo.local=/Users/hadiranjbar/Downloads/java/token.usage/investigation/.m2 -Pinvestigation -Dtest=FailureCasesTest -Dexperiment.case=08 -Dexperiment.artifactDir=/Users/hadiranjbar/Downloads/java/token.usage/investigation/raw/v2/08/default/1 -Dexperiment.reportDir=/Users/hadiranjbar/Downloads/java/token.usage/investigation/raw/v2/08/default/1/reports -Dspring.output.ansi.enabled=never surefire:test,investigation/raw/v2/08/default/1/reports/com.ai.token.experiment.FailureCasesTest.txt,test-runner report,4068068068c48c4c4c255c1e17ad353e376769c34ac9ac6b402fe427da6fe289,1470,20,321,tiktoken 0.14.0 o200k_base
08,default,1,1,True,True,java.util.concurrent.ExecutionException,mvn -o -B -ntp -Dmaven.repo.local=/Users/hadiranjbar/Downloads/java/token.usage/investigation/.m2 -Pinvestigation -Dtest=FailureCasesTest -Dexperiment.case=08 -Dexperiment.artifactDir=/Users/hadiranjbar/Downloads/java/token.usage/investigation/raw/v2/08/default/1 -Dexperiment.reportDir=/Users/hadiranjbar/Downloads/java/token.usage/investigation/raw/v2/08/default/1/reports -Dspring.output.ansi.enabled=never surefire:test,investigation/raw/v2/08/default/1/stderr.log,Maven + forked JVM stderr,e3b0c44298fc1c149afbf4c8996fb92427ae41e4649b934ca495991b7852b855,0,0,0,tiktoken 0.14.0 o200k_base
08,default,1,1,True,True,java.util.concurrent.ExecutionException,mvn -o -B -ntp -Dmaven.repo.local=/Users/hadiranjbar/Downloads/java/token.usage/investigation/.m2 -Pinvestigation -Dtest=FailureCasesTest -Dexperiment.case=08 -Dexperiment.artifactDir=/Users/hadiranjbar/Downloads/java/token.usage/investigation/raw/v2/08/default/1 -Dexperiment.reportDir=/Users/hadiranjbar/Downloads/java/token.usage/investigation/raw/v2/08/default/1/reports -Dspring.output.ansi.enabled=never surefire:test,investigation/raw/v2/08/default/1/stdout.log,Maven + forked JVM stdout,7e8c9c57f1c2b49c11bd6388bdedc69bfbfd7dfcb6ddb2d492d681d24ab59c1c,5107,84,1393,tiktoken 0.14.0 o200k_base
08,default,2,1,True,True,java.util.concurrent.ExecutionException,mvn -o -B -ntp -Dmaven.repo.local=/Users/hadiranjbar/Downloads/java/token.usage/investigation/.m2 -Pinvestigation -Dtest=FailureCasesTest -Dexperiment.case=08 -Dexperiment.artifactDir=/Users/hadiranjbar/Downloads/java/token.usage/investigation/raw/v2/08/default/2 -Dexperiment.reportDir=/Users/hadiranjbar/Downloads/java/token.usage/investigation/raw/v2/08/default/2/reports -Dspring.output.ansi.enabled=never surefire:test,investigation/raw/v2/08/default/2/reports/TEST-com.ai.token.experiment.FailureCasesTest.xml,test-runner report,13c8dc48dac255205eab07549e8f974e6f725ee906a6e1ca7d9e18175af6b4fd,28954,120,9136,tiktoken 0.14.0 o200k_base
08,default,2,1,True,True,java.util.concurrent.ExecutionException,mvn -o -B -ntp -Dmaven.repo.local=/Users/hadiranjbar/Downloads/java/token.usage/investigation/.m2 -Pinvestigation -Dtest=FailureCasesTest -Dexperiment.case=08 -Dexperiment.artifactDir=/Users/hadiranjbar/Downloads/java/token.usage/investigation/raw/v2/08/default/2 -Dexperiment.reportDir=/Users/hadiranjbar/Downloads/java/token.usage/investigation/raw/v2/08/default/2/reports -Dspring.output.ansi.enabled=never surefire:test,investigation/raw/v2/08/default/2/reports/com.ai.token.experiment.FailureCasesTest.txt,test-runner report,573c43defd0117dbb45df9e8a4ee4f9006216fc99f439dbe43b2a414ca5d8283,1470,20,321,tiktoken 0.14.0 o200k_base
08,default,2,1,True,True,java.util.concurrent.ExecutionException,mvn -o -B -ntp -Dmaven.repo.local=/Users/hadiranjbar/Downloads/java/token.usage/investigation/.m2 -Pinvestigation -Dtest=FailureCasesTest -Dexperiment.case=08 -Dexperiment.artifactDir=/Users/hadiranjbar/Downloads/java/token.usage/investigation/raw/v2/08/default/2 -Dexperiment.reportDir=/Users/hadiranjbar/Downloads/java/token.usage/investigation/raw/v2/08/default/2/reports -Dspring.output.ansi.enabled=never surefire:test,investigation/raw/v2/08/default/2/stderr.log,Maven + forked JVM stderr,e3b0c44298fc1c149afbf4c8996fb92427ae41e4649b934ca495991b7852b855,0,0,0,tiktoken 0.14.0 o200k_base
08,default,2,1,True,True,java.util.concurrent.ExecutionException,mvn -o -B -ntp -Dmaven.repo.local=/Users/hadiranjbar/Downloads/java/token.usage/investigation/.m2 -Pinvestigation -Dtest=FailureCasesTest -Dexperiment.case=08 -Dexperiment.artifactDir=/Users/hadiranjbar/Downloads/java/token.usage/investigation/raw/v2/08/default/2 -Dexperiment.reportDir=/Users/hadiranjbar/Downloads/java/token.usage/investigation/raw/v2/08/default/2/reports -Dspring.output.ansi.enabled=never surefire:test,investigation/raw/v2/08/default/2/stdout.log,Maven + forked JVM stdout,e3d3a827a38856e2bbdf085ccaf2e4227711addfd3ce14163b072659ebeca0b4,5106,84,1393,tiktoken 0.14.0 o200k_base
08,default,3,1,True,True,java.util.concurrent.ExecutionException,mvn -o -B -ntp -Dmaven.repo.local=/Users/hadiranjbar/Downloads/java/token.usage/investigation/.m2 -Pinvestigation -Dtest=FailureCasesTest -Dexperiment.case=08 -Dexperiment.artifactDir=/Users/hadiranjbar/Downloads/java/token.usage/investigation/raw/v2/08/default/3 -Dexperiment.reportDir=/Users/hadiranjbar/Downloads/java/token.usage/investigation/raw/v2/08/default/3/reports -Dspring.output.ansi.enabled=never surefire:test,investigation/raw/v2/08/default/3/reports/TEST-com.ai.token.experiment.FailureCasesTest.xml,test-runner report,ab17121ba2ea9844449e3ac292e4c377c8506ea8d6eb22141cdd290f13d08d0e,28958,120,9137,tiktoken 0.14.0 o200k_base
08,default,3,1,True,True,java.util.concurrent.ExecutionException,mvn -o -B -ntp -Dmaven.repo.local=/Users/hadiranjbar/Downloads/java/token.usage/investigation/.m2 -Pinvestigation -Dtest=FailureCasesTest -Dexperiment.case=08 -Dexperiment.artifactDir=/Users/hadiranjbar/Downloads/java/token.usage/investigation/raw/v2/08/default/3 -Dexperiment.reportDir=/Users/hadiranjbar/Downloads/java/token.usage/investigation/raw/v2/08/default/3/reports -Dspring.output.ansi.enabled=never surefire:test,investigation/raw/v2/08/default/3/reports/com.ai.token.experiment.FailureCasesTest.txt,test-runner report,c987e8092d0ba036ea66cbbf66207edaa4c90797b91ca704be0ad070323cddeb,1470,20,321,tiktoken 0.14.0 o200k_base
08,default,3,1,True,True,java.util.concurrent.ExecutionException,mvn -o -B -ntp -Dmaven.repo.local=/Users/hadiranjbar/Downloads/java/token.usage/investigation/.m2 -Pinvestigation -Dtest=FailureCasesTest -Dexperiment.case=08 -Dexperiment.artifactDir=/Users/hadiranjbar/Downloads/java/token.usage/investigation/raw/v2/08/default/3 -Dexperiment.reportDir=/Users/hadiranjbar/Downloads/java/token.usage/investigation/raw/v2/08/default/3/reports -Dspring.output.ansi.enabled=never surefire:test,investigation/raw/v2/08/default/3/stderr.log,Maven + forked JVM stderr,e3b0c44298fc1c149afbf4c8996fb92427ae41e4649b934ca495991b7852b855,0,0,0,tiktoken 0.14.0 o200k_base
08,default,3,1,True,True,java.util.concurrent.ExecutionException,mvn -o -B -ntp -Dmaven.repo.local=/Users/hadiranjbar/Downloads/java/token.usage/investigation/.m2 -Pinvestigation -Dtest=FailureCasesTest -Dexperiment.case=08 -Dexperiment.artifactDir=/Users/hadiranjbar/Downloads/java/token.usage/investigation/raw/v2/08/default/3 -Dexperiment.reportDir=/Users/hadiranjbar/Downloads/java/token.usage/investigation/raw/v2/08/default/3/reports -Dspring.output.ansi.enabled=never surefire:test,investigation/raw/v2/08/default/3/stdout.log,Maven + forked JVM stdout,b5a6c2fd1f0ab75fb0e46454aa4c1814de912a20ff9aed0ddb5c021e49f8ce86,5106,84,1393,tiktoken 0.14.0 o200k_base
08,p1,1,1,True,True,java.util.concurrent.ExecutionException,mvn -o -B -ntp -Dmaven.repo.local=/Users/hadiranjbar/Downloads/java/token.usage/investigation/.m2 -Pinvestigation -Dtest=FailureCasesTest -Dexperiment.case=08 -Dexperiment.artifactDir=/Users/hadiranjbar/Downloads/java/token.usage/investigation/raw/v2/08/p1/1 -Dexperiment.reportDir=/Users/hadiranjbar/Downloads/java/token.usage/investigation/raw/v2/08/p1/1/reports -Dspring.output.ansi.enabled=never -Dspring.profiles.active=p1 surefire:test,investigation/raw/v2/08/p1/1/reports/TEST-com.ai.token.experiment.FailureCasesTest.xml,test-runner report,456a841c4c60a2a84f2fd92201946851b5fc0672f27835ffed20dc9d3cbec800,28908,122,9122,tiktoken 0.14.0 o200k_base
08,p1,1,1,True,True,java.util.concurrent.ExecutionException,mvn -o -B -ntp -Dmaven.repo.local=/Users/hadiranjbar/Downloads/java/token.usage/investigation/.m2 -Pinvestigation -Dtest=FailureCasesTest -Dexperiment.case=08 -Dexperiment.artifactDir=/Users/hadiranjbar/Downloads/java/token.usage/investigation/raw/v2/08/p1/1 -Dexperiment.reportDir=/Users/hadiranjbar/Downloads/java/token.usage/investigation/raw/v2/08/p1/1/reports -Dspring.output.ansi.enabled=never -Dspring.profiles.active=p1 surefire:test,investigation/raw/v2/08/p1/1/reports/com.ai.token.experiment.FailureCasesTest.txt,test-runner report,7e3f7f3ab0f27feb15491ea34c1c014fca9a81c886ddc5e7c7c949f2db10714e,1470,20,321,tiktoken 0.14.0 o200k_base
08,p1,1,1,True,True,java.util.concurrent.ExecutionException,mvn -o -B -ntp -Dmaven.repo.local=/Users/hadiranjbar/Downloads/java/token.usage/investigation/.m2 -Pinvestigation -Dtest=FailureCasesTest -Dexperiment.case=08 -Dexperiment.artifactDir=/Users/hadiranjbar/Downloads/java/token.usage/investigation/raw/v2/08/p1/1 -Dexperiment.reportDir=/Users/hadiranjbar/Downloads/java/token.usage/investigation/raw/v2/08/p1/1/reports -Dspring.output.ansi.enabled=never -Dspring.profiles.active=p1 surefire:test,investigation/raw/v2/08/p1/1/stderr.log,Maven + forked JVM stderr,e3b0c44298fc1c149afbf4c8996fb92427ae41e4649b934ca495991b7852b855,0,0,0,tiktoken 0.14.0 o200k_base
08,p1,1,1,True,True,java.util.concurrent.ExecutionException,mvn -o -B -ntp -Dmaven.repo.local=/Users/hadiranjbar/Downloads/java/token.usage/investigation/.m2 -Pinvestigation -Dtest=FailureCasesTest -Dexperiment.case=08 -Dexperiment.artifactDir=/Users/hadiranjbar/Downloads/java/token.usage/investigation/raw/v2/08/p1/1 -Dexperiment.reportDir=/Users/hadiranjbar/Downloads/java/token.usage/investigation/raw/v2/08/p1/1/reports -Dspring.output.ansi.enabled=never -Dspring.profiles.active=p1 surefire:test,investigation/raw/v2/08/p1/1/stdout.log,Maven + forked JVM stdout,769faaad5dacb2bda0aa7fb0797b8556a796da4f4fd99362744082b875cc1d68,4899,84,1326,tiktoken 0.14.0 o200k_base
08,p1,2,1,True,True,java.util.concurrent.ExecutionException,mvn -o -B -ntp -Dmaven.repo.local=/Users/hadiranjbar/Downloads/java/token.usage/investigation/.m2 -Pinvestigation -Dtest=FailureCasesTest -Dexperiment.case=08 -Dexperiment.artifactDir=/Users/hadiranjbar/Downloads/java/token.usage/investigation/raw/v2/08/p1/2 -Dexperiment.reportDir=/Users/hadiranjbar/Downloads/java/token.usage/investigation/raw/v2/08/p1/2/reports -Dspring.output.ansi.enabled=never -Dspring.profiles.active=p1 surefire:test,investigation/raw/v2/08/p1/2/reports/TEST-com.ai.token.experiment.FailureCasesTest.xml,test-runner report,681e5c0545174852d225bccfbd0fde3ca0b78df39b41e5d6b15274437d5587a1,28912,122,9123,tiktoken 0.14.0 o200k_base
08,p1,2,1,True,True,java.util.concurrent.ExecutionException,mvn -o -B -ntp -Dmaven.repo.local=/Users/hadiranjbar/Downloads/java/token.usage/investigation/.m2 -Pinvestigation -Dtest=FailureCasesTest -Dexperiment.case=08 -Dexperiment.artifactDir=/Users/hadiranjbar/Downloads/java/token.usage/investigation/raw/v2/08/p1/2 -Dexperiment.reportDir=/Users/hadiranjbar/Downloads/java/token.usage/investigation/raw/v2/08/p1/2/reports -Dspring.output.ansi.enabled=never -Dspring.profiles.active=p1 surefire:test,investigation/raw/v2/08/p1/2/reports/com.ai.token.experiment.FailureCasesTest.txt,test-runner report,8e1492e222ab475b28f3d36ecf3e4ecb3725690c3ba8070aac47c42c26c69df3,1470,20,321,tiktoken 0.14.0 o200k_base
08,p1,2,1,True,True,java.util.concurrent.ExecutionException,mvn -o -B -ntp -Dmaven.repo.local=/Users/hadiranjbar/Downloads/java/token.usage/investigation/.m2 -Pinvestigation -Dtest=FailureCasesTest -Dexperiment.case=08 -Dexperiment.artifactDir=/Users/hadiranjbar/Downloads/java/token.usage/investigation/raw/v2/08/p1/2 -Dexperiment.reportDir=/Users/hadiranjbar/Downloads/java/token.usage/investigation/raw/v2/08/p1/2/reports -Dspring.output.ansi.enabled=never -Dspring.profiles.active=p1 surefire:test,investigation/raw/v2/08/p1/2/stderr.log,Maven + forked JVM stderr,e3b0c44298fc1c149afbf4c8996fb92427ae41e4649b934ca495991b7852b855,0,0,0,tiktoken 0.14.0 o200k_base
08,p1,2,1,True,True,java.util.concurrent.ExecutionException,mvn -o -B -ntp -Dmaven.repo.local=/Users/hadiranjbar/Downloads/java/token.usage/investigation/.m2 -Pinvestigation -Dtest=FailureCasesTest -Dexperiment.case=08 -Dexperiment.artifactDir=/Users/hadiranjbar/Downloads/java/token.usage/investigation/raw/v2/08/p1/2 -Dexperiment.reportDir=/Users/hadiranjbar/Downloads/java/token.usage/investigation/raw/v2/08/p1/2/reports -Dspring.output.ansi.enabled=never -Dspring.profiles.active=p1 surefire:test,investigation/raw/v2/08/p1/2/stdout.log,Maven + forked JVM stdout,dd26df3767bef939fe0b56dc4f4f5f7942efc8f7bd825d2861ff88c6ac0cb744,4899,84,1326,tiktoken 0.14.0 o200k_base
08,p1,3,1,True,True,java.util.concurrent.ExecutionException,mvn -o -B -ntp -Dmaven.repo.local=/Users/hadiranjbar/Downloads/java/token.usage/investigation/.m2 -Pinvestigation -Dtest=FailureCasesTest -Dexperiment.case=08 -Dexperiment.artifactDir=/Users/hadiranjbar/Downloads/java/token.usage/investigation/raw/v2/08/p1/3 -Dexperiment.reportDir=/Users/hadiranjbar/Downloads/java/token.usage/investigation/raw/v2/08/p1/3/reports -Dspring.output.ansi.enabled=never -Dspring.profiles.active=p1 surefire:test,investigation/raw/v2/08/p1/3/reports/TEST-com.ai.token.experiment.FailureCasesTest.xml,test-runner report,650895670a5041361acb6d5039d282a07b4aff836c82712e0646c2d41db97954,28906,122,9122,tiktoken 0.14.0 o200k_base
08,p1,3,1,True,True,java.util.concurrent.ExecutionException,mvn -o -B -ntp -Dmaven.repo.local=/Users/hadiranjbar/Downloads/java/token.usage/investigation/.m2 -Pinvestigation -Dtest=FailureCasesTest -Dexperiment.case=08 -Dexperiment.artifactDir=/Users/hadiranjbar/Downloads/java/token.usage/investigation/raw/v2/08/p1/3 -Dexperiment.reportDir=/Users/hadiranjbar/Downloads/java/token.usage/investigation/raw/v2/08/p1/3/reports -Dspring.output.ansi.enabled=never -Dspring.profiles.active=p1 surefire:test,investigation/raw/v2/08/p1/3/reports/com.ai.token.experiment.FailureCasesTest.txt,test-runner report,77ff1065ebf60f43f191ee947b1eafeb03f1ef8d36641b0045ee04e38a389f8f,1470,20,321,tiktoken 0.14.0 o200k_base
08,p1,3,1,True,True,java.util.concurrent.ExecutionException,mvn -o -B -ntp -Dmaven.repo.local=/Users/hadiranjbar/Downloads/java/token.usage/investigation/.m2 -Pinvestigation -Dtest=FailureCasesTest -Dexperiment.case=08 -Dexperiment.artifactDir=/Users/hadiranjbar/Downloads/java/token.usage/investigation/raw/v2/08/p1/3 -Dexperiment.reportDir=/Users/hadiranjbar/Downloads/java/token.usage/investigation/raw/v2/08/p1/3/reports -Dspring.output.ansi.enabled=never -Dspring.profiles.active=p1 surefire:test,investigation/raw/v2/08/p1/3/stderr.log,Maven + forked JVM stderr,e3b0c44298fc1c149afbf4c8996fb92427ae41e4649b934ca495991b7852b855,0,0,0,tiktoken 0.14.0 o200k_base
08,p1,3,1,True,True,java.util.concurrent.ExecutionException,mvn -o -B -ntp -Dmaven.repo.local=/Users/hadiranjbar/Downloads/java/token.usage/investigation/.m2 -Pinvestigation -Dtest=FailureCasesTest -Dexperiment.case=08 -Dexperiment.artifactDir=/Users/hadiranjbar/Downloads/java/token.usage/investigation/raw/v2/08/p1/3 -Dexperiment.reportDir=/Users/hadiranjbar/Downloads/java/token.usage/investigation/raw/v2/08/p1/3/reports -Dspring.output.ansi.enabled=never -Dspring.profiles.active=p1 surefire:test,investigation/raw/v2/08/p1/3/stdout.log,Maven + forked JVM stdout,d5ddaaf4d69d6cf2656da0cf623b2db4e3adce035ffd4f17397119d0d29bd28f,4898,84,1326,tiktoken 0.14.0 o200k_base
08,p2,1,1,True,True,java.util.concurrent.ExecutionException,mvn -o -B -ntp -Dmaven.repo.local=/Users/hadiranjbar/Downloads/java/token.usage/investigation/.m2 -Pinvestigation -Dtest=FailureCasesTest -Dexperiment.case=08 -Dexperiment.artifactDir=/Users/hadiranjbar/Downloads/java/token.usage/investigation/raw/v2/08/p2/1 -Dexperiment.reportDir=/Users/hadiranjbar/Downloads/java/token.usage/investigation/raw/v2/08/p2/1/reports -Dspring.output.ansi.enabled=never -Dspring.profiles.active=p2 surefire:test,investigation/raw/v2/08/p2/1/reports/TEST-com.ai.token.experiment.FailureCasesTest.xml,test-runner report,66b29ececfae9dd2d96e8a1bb6de588e5b8908c98d4f842b21ebb2e62ebdb0c0,29358,122,9297,tiktoken 0.14.0 o200k_base
08,p2,1,1,True,True,java.util.concurrent.ExecutionException,mvn -o -B -ntp -Dmaven.repo.local=/Users/hadiranjbar/Downloads/java/token.usage/investigation/.m2 -Pinvestigation -Dtest=FailureCasesTest -Dexperiment.case=08 -Dexperiment.artifactDir=/Users/hadiranjbar/Downloads/java/token.usage/investigation/raw/v2/08/p2/1 -Dexperiment.reportDir=/Users/hadiranjbar/Downloads/java/token.usage/investigation/raw/v2/08/p2/1/reports -Dspring.output.ansi.enabled=never -Dspring.profiles.active=p2 surefire:test,investigation/raw/v2/08/p2/1/reports/com.ai.token.experiment.FailureCasesTest.txt,test-runner report,f91c826bfc1da52332965e2b45f066f6912e1999b42a5d8d657e3befca83781f,1470,20,321,tiktoken 0.14.0 o200k_base
08,p2,1,1,True,True,java.util.concurrent.ExecutionException,mvn -o -B -ntp -Dmaven.repo.local=/Users/hadiranjbar/Downloads/java/token.usage/investigation/.m2 -Pinvestigation -Dtest=FailureCasesTest -Dexperiment.case=08 -Dexperiment.artifactDir=/Users/hadiranjbar/Downloads/java/token.usage/investigation/raw/v2/08/p2/1 -Dexperiment.reportDir=/Users/hadiranjbar/Downloads/java/token.usage/investigation/raw/v2/08/p2/1/reports -Dspring.output.ansi.enabled=never -Dspring.profiles.active=p2 surefire:test,investigation/raw/v2/08/p2/1/stderr.log,Maven + forked JVM stderr,e3b0c44298fc1c149afbf4c8996fb92427ae41e4649b934ca495991b7852b855,0,0,0,tiktoken 0.14.0 o200k_base
08,p2,1,1,True,True,java.util.concurrent.ExecutionException,mvn -o -B -ntp -Dmaven.repo.local=/Users/hadiranjbar/Downloads/java/token.usage/investigation/.m2 -Pinvestigation -Dtest=FailureCasesTest -Dexperiment.case=08 -Dexperiment.artifactDir=/Users/hadiranjbar/Downloads/java/token.usage/investigation/raw/v2/08/p2/1 -Dexperiment.reportDir=/Users/hadiranjbar/Downloads/java/token.usage/investigation/raw/v2/08/p2/1/reports -Dspring.output.ansi.enabled=never -Dspring.profiles.active=p2 surefire:test,investigation/raw/v2/08/p2/1/stdout.log,Maven + forked JVM stdout,2937aed8a281576f29f90f8f50a9505c15ef8f72162fb972297aea577ac74099,5222,84,1454,tiktoken 0.14.0 o200k_base
08,p2,2,1,True,True,java.util.concurrent.ExecutionException,mvn -o -B -ntp -Dmaven.repo.local=/Users/hadiranjbar/Downloads/java/token.usage/investigation/.m2 -Pinvestigation -Dtest=FailureCasesTest -Dexperiment.case=08 -Dexperiment.artifactDir=/Users/hadiranjbar/Downloads/java/token.usage/investigation/raw/v2/08/p2/2 -Dexperiment.reportDir=/Users/hadiranjbar/Downloads/java/token.usage/investigation/raw/v2/08/p2/2/reports -Dspring.output.ansi.enabled=never -Dspring.profiles.active=p2 surefire:test,investigation/raw/v2/08/p2/2/reports/TEST-com.ai.token.experiment.FailureCasesTest.xml,test-runner report,c49e0d32cc2f99918495aeffc1aa33c2ce4bc07eadb724abb1f2ead2c54e6a5f,29354,122,9296,tiktoken 0.14.0 o200k_base
08,p2,2,1,True,True,java.util.concurrent.ExecutionException,mvn -o -B -ntp -Dmaven.repo.local=/Users/hadiranjbar/Downloads/java/token.usage/investigation/.m2 -Pinvestigation -Dtest=FailureCasesTest -Dexperiment.case=08 -Dexperiment.artifactDir=/Users/hadiranjbar/Downloads/java/token.usage/investigation/raw/v2/08/p2/2 -Dexperiment.reportDir=/Users/hadiranjbar/Downloads/java/token.usage/investigation/raw/v2/08/p2/2/reports -Dspring.output.ansi.enabled=never -Dspring.profiles.active=p2 surefire:test,investigation/raw/v2/08/p2/2/reports/com.ai.token.experiment.FailureCasesTest.txt,test-runner report,67d7a624717c59ceb40ec1017009047027945f31c9342a5ca699ec155b1cecf9,1470,20,321,tiktoken 0.14.0 o200k_base
08,p2,2,1,True,True,java.util.concurrent.ExecutionException,mvn -o -B -ntp -Dmaven.repo.local=/Users/hadiranjbar/Downloads/java/token.usage/investigation/.m2 -Pinvestigation -Dtest=FailureCasesTest -Dexperiment.case=08 -Dexperiment.artifactDir=/Users/hadiranjbar/Downloads/java/token.usage/investigation/raw/v2/08/p2/2 -Dexperiment.reportDir=/Users/hadiranjbar/Downloads/java/token.usage/investigation/raw/v2/08/p2/2/reports -Dspring.output.ansi.enabled=never -Dspring.profiles.active=p2 surefire:test,investigation/raw/v2/08/p2/2/stderr.log,Maven + forked JVM stderr,e3b0c44298fc1c149afbf4c8996fb92427ae41e4649b934ca495991b7852b855,0,0,0,tiktoken 0.14.0 o200k_base
08,p2,2,1,True,True,java.util.concurrent.ExecutionException,mvn -o -B -ntp -Dmaven.repo.local=/Users/hadiranjbar/Downloads/java/token.usage/investigation/.m2 -Pinvestigation -Dtest=FailureCasesTest -Dexperiment.case=08 -Dexperiment.artifactDir=/Users/hadiranjbar/Downloads/java/token.usage/investigation/raw/v2/08/p2/2 -Dexperiment.reportDir=/Users/hadiranjbar/Downloads/java/token.usage/investigation/raw/v2/08/p2/2/reports -Dspring.output.ansi.enabled=never -Dspring.profiles.active=p2 surefire:test,investigation/raw/v2/08/p2/2/stdout.log,Maven + forked JVM stdout,a3812ee7c1c1635888ed1880143a8e41d633b2799d1a8988087444fc87567729,5222,84,1454,tiktoken 0.14.0 o200k_base
08,p2,3,1,True,True,java.util.concurrent.ExecutionException,mvn -o -B -ntp -Dmaven.repo.local=/Users/hadiranjbar/Downloads/java/token.usage/investigation/.m2 -Pinvestigation -Dtest=FailureCasesTest -Dexperiment.case=08 -Dexperiment.artifactDir=/Users/hadiranjbar/Downloads/java/token.usage/investigation/raw/v2/08/p2/3 -Dexperiment.reportDir=/Users/hadiranjbar/Downloads/java/token.usage/investigation/raw/v2/08/p2/3/reports -Dspring.output.ansi.enabled=never -Dspring.profiles.active=p2 surefire:test,investigation/raw/v2/08/p2/3/reports/TEST-com.ai.token.experiment.FailureCasesTest.xml,test-runner report,5e8b1d9298571a86d7e3cff39beef9a47210bf2fc64474e97f66cf9716ecb95e,29358,122,9297,tiktoken 0.14.0 o200k_base
08,p2,3,1,True,True,java.util.concurrent.ExecutionException,mvn -o -B -ntp -Dmaven.repo.local=/Users/hadiranjbar/Downloads/java/token.usage/investigation/.m2 -Pinvestigation -Dtest=FailureCasesTest -Dexperiment.case=08 -Dexperiment.artifactDir=/Users/hadiranjbar/Downloads/java/token.usage/investigation/raw/v2/08/p2/3 -Dexperiment.reportDir=/Users/hadiranjbar/Downloads/java/token.usage/investigation/raw/v2/08/p2/3/reports -Dspring.output.ansi.enabled=never -Dspring.profiles.active=p2 surefire:test,investigation/raw/v2/08/p2/3/reports/com.ai.token.experiment.FailureCasesTest.txt,test-runner report,19b115ff6f6c982914d1e63709be23335d51fb384335a2d343fe8795eb826c3f,1470,20,321,tiktoken 0.14.0 o200k_base
08,p2,3,1,True,True,java.util.concurrent.ExecutionException,mvn -o -B -ntp -Dmaven.repo.local=/Users/hadiranjbar/Downloads/java/token.usage/investigation/.m2 -Pinvestigation -Dtest=FailureCasesTest -Dexperiment.case=08 -Dexperiment.artifactDir=/Users/hadiranjbar/Downloads/java/token.usage/investigation/raw/v2/08/p2/3 -Dexperiment.reportDir=/Users/hadiranjbar/Downloads/java/token.usage/investigation/raw/v2/08/p2/3/reports -Dspring.output.ansi.enabled=never -Dspring.profiles.active=p2 surefire:test,investigation/raw/v2/08/p2/3/stderr.log,Maven + forked JVM stderr,e3b0c44298fc1c149afbf4c8996fb92427ae41e4649b934ca495991b7852b855,0,0,0,tiktoken 0.14.0 o200k_base
08,p2,3,1,True,True,java.util.concurrent.ExecutionException,mvn -o -B -ntp -Dmaven.repo.local=/Users/hadiranjbar/Downloads/java/token.usage/investigation/.m2 -Pinvestigation -Dtest=FailureCasesTest -Dexperiment.case=08 -Dexperiment.artifactDir=/Users/hadiranjbar/Downloads/java/token.usage/investigation/raw/v2/08/p2/3 -Dexperiment.reportDir=/Users/hadiranjbar/Downloads/java/token.usage/investigation/raw/v2/08/p2/3/reports -Dspring.output.ansi.enabled=never -Dspring.profiles.active=p2 surefire:test,investigation/raw/v2/08/p2/3/stdout.log,Maven + forked JVM stdout,82eb7385aad3759b50b8222195d9e2cb1fe1b8cb0143478ee2230513ebf6fc63,5222,84,1454,tiktoken 0.14.0 o200k_base
08,p4,1,1,True,True,java.util.concurrent.ExecutionException,"mvn -o -B -ntp -Dmaven.repo.local=/Users/hadiranjbar/Downloads/java/token.usage/investigation/.m2 -Pinvestigation,agent-reports -Dtest=FailureCasesTest -Dexperiment.case=08 -Dexperiment.artifactDir=/Users/hadiranjbar/Downloads/java/token.usage/investigation/raw/v2/08/p4/1 -Dexperiment.reportDir=/Users/hadiranjbar/Downloads/java/token.usage/investigation/raw/v2/08/p4/1/reports -Dspring.output.ansi.enabled=never surefire:test",investigation/raw/v2/08/p4/1/reports/TEST-com.ai.token.experiment.FailureCasesTest.xml,test-runner report,836689a1cc28817e50bb8b8b3b13c0e38255765e87bfcfb41c611f9f27e1efbd,28151,109,8959,tiktoken 0.14.0 o200k_base
08,p4,1,1,True,True,java.util.concurrent.ExecutionException,"mvn -o -B -ntp -Dmaven.repo.local=/Users/hadiranjbar/Downloads/java/token.usage/investigation/.m2 -Pinvestigation,agent-reports -Dtest=FailureCasesTest -Dexperiment.case=08 -Dexperiment.artifactDir=/Users/hadiranjbar/Downloads/java/token.usage/investigation/raw/v2/08/p4/1 -Dexperiment.reportDir=/Users/hadiranjbar/Downloads/java/token.usage/investigation/raw/v2/08/p4/1/reports -Dspring.output.ansi.enabled=never surefire:test",investigation/raw/v2/08/p4/1/reports/com.ai.token.experiment.FailureCasesTest.txt,test-runner report,870437c1308114b2ea81740d9e37a0482ee52a4de74e607f60fc5e7d5b7a4061,676,9,142,tiktoken 0.14.0 o200k_base
08,p4,1,1,True,True,java.util.concurrent.ExecutionException,"mvn -o -B -ntp -Dmaven.repo.local=/Users/hadiranjbar/Downloads/java/token.usage/investigation/.m2 -Pinvestigation,agent-reports -Dtest=FailureCasesTest -Dexperiment.case=08 -Dexperiment.artifactDir=/Users/hadiranjbar/Downloads/java/token.usage/investigation/raw/v2/08/p4/1 -Dexperiment.reportDir=/Users/hadiranjbar/Downloads/java/token.usage/investigation/raw/v2/08/p4/1/reports -Dspring.output.ansi.enabled=never surefire:test",investigation/raw/v2/08/p4/1/stderr.log,Maven + forked JVM stderr,e3b0c44298fc1c149afbf4c8996fb92427ae41e4649b934ca495991b7852b855,0,0,0,tiktoken 0.14.0 o200k_base
08,p4,1,1,True,True,java.util.concurrent.ExecutionException,"mvn -o -B -ntp -Dmaven.repo.local=/Users/hadiranjbar/Downloads/java/token.usage/investigation/.m2 -Pinvestigation,agent-reports -Dtest=FailureCasesTest -Dexperiment.case=08 -Dexperiment.artifactDir=/Users/hadiranjbar/Downloads/java/token.usage/investigation/raw/v2/08/p4/1 -Dexperiment.reportDir=/Users/hadiranjbar/Downloads/java/token.usage/investigation/raw/v2/08/p4/1/reports -Dspring.output.ansi.enabled=never surefire:test",investigation/raw/v2/08/p4/1/stdout.log,Maven + forked JVM stdout,9f9de131e94f03763aea3c77ee63205d9926be5585a9bf47a6b934db55d2aead,4308,73,1215,tiktoken 0.14.0 o200k_base
08,p4,2,1,True,True,java.util.concurrent.ExecutionException,"mvn -o -B -ntp -Dmaven.repo.local=/Users/hadiranjbar/Downloads/java/token.usage/investigation/.m2 -Pinvestigation,agent-reports -Dtest=FailureCasesTest -Dexperiment.case=08 -Dexperiment.artifactDir=/Users/hadiranjbar/Downloads/java/token.usage/investigation/raw/v2/08/p4/2 -Dexperiment.reportDir=/Users/hadiranjbar/Downloads/java/token.usage/investigation/raw/v2/08/p4/2/reports -Dspring.output.ansi.enabled=never surefire:test",investigation/raw/v2/08/p4/2/reports/TEST-com.ai.token.experiment.FailureCasesTest.xml,test-runner report,b2c80afd3a9bbd8e47c949519beac7855a4db8d3f33f43c06c5fffc8fc50248e,28149,109,8959,tiktoken 0.14.0 o200k_base
08,p4,2,1,True,True,java.util.concurrent.ExecutionException,"mvn -o -B -ntp -Dmaven.repo.local=/Users/hadiranjbar/Downloads/java/token.usage/investigation/.m2 -Pinvestigation,agent-reports -Dtest=FailureCasesTest -Dexperiment.case=08 -Dexperiment.artifactDir=/Users/hadiranjbar/Downloads/java/token.usage/investigation/raw/v2/08/p4/2 -Dexperiment.reportDir=/Users/hadiranjbar/Downloads/java/token.usage/investigation/raw/v2/08/p4/2/reports -Dspring.output.ansi.enabled=never surefire:test",investigation/raw/v2/08/p4/2/reports/com.ai.token.experiment.FailureCasesTest.txt,test-runner report,3e1f6884f630538c75a0cb6d272dfb9461c9945cffa702d176c30a0c6f6b9ecc,676,9,142,tiktoken 0.14.0 o200k_base
08,p4,2,1,True,True,java.util.concurrent.ExecutionException,"mvn -o -B -ntp -Dmaven.repo.local=/Users/hadiranjbar/Downloads/java/token.usage/investigation/.m2 -Pinvestigation,agent-reports -Dtest=FailureCasesTest -Dexperiment.case=08 -Dexperiment.artifactDir=/Users/hadiranjbar/Downloads/java/token.usage/investigation/raw/v2/08/p4/2 -Dexperiment.reportDir=/Users/hadiranjbar/Downloads/java/token.usage/investigation/raw/v2/08/p4/2/reports -Dspring.output.ansi.enabled=never surefire:test",investigation/raw/v2/08/p4/2/stderr.log,Maven + forked JVM stderr,e3b0c44298fc1c149afbf4c8996fb92427ae41e4649b934ca495991b7852b855,0,0,0,tiktoken 0.14.0 o200k_base
08,p4,2,1,True,True,java.util.concurrent.ExecutionException,"mvn -o -B -ntp -Dmaven.repo.local=/Users/hadiranjbar/Downloads/java/token.usage/investigation/.m2 -Pinvestigation,agent-reports -Dtest=FailureCasesTest -Dexperiment.case=08 -Dexperiment.artifactDir=/Users/hadiranjbar/Downloads/java/token.usage/investigation/raw/v2/08/p4/2 -Dexperiment.reportDir=/Users/hadiranjbar/Downloads/java/token.usage/investigation/raw/v2/08/p4/2/reports -Dspring.output.ansi.enabled=never surefire:test",investigation/raw/v2/08/p4/2/stdout.log,Maven + forked JVM stdout,0aee3a2845ac2525300d45b63767ce7ba5db59c3f0c38a271187297a25feb8d3,4306,73,1215,tiktoken 0.14.0 o200k_base
08,p4,3,1,True,True,java.util.concurrent.ExecutionException,"mvn -o -B -ntp -Dmaven.repo.local=/Users/hadiranjbar/Downloads/java/token.usage/investigation/.m2 -Pinvestigation,agent-reports -Dtest=FailureCasesTest -Dexperiment.case=08 -Dexperiment.artifactDir=/Users/hadiranjbar/Downloads/java/token.usage/investigation/raw/v2/08/p4/3 -Dexperiment.reportDir=/Users/hadiranjbar/Downloads/java/token.usage/investigation/raw/v2/08/p4/3/reports -Dspring.output.ansi.enabled=never surefire:test",investigation/raw/v2/08/p4/3/reports/TEST-com.ai.token.experiment.FailureCasesTest.xml,test-runner report,feb153c9c8b32b05149719a34802627da4b254a1c610118ab1200ea2cdcd512f,28155,109,8960,tiktoken 0.14.0 o200k_base
08,p4,3,1,True,True,java.util.concurrent.ExecutionException,"mvn -o -B -ntp -Dmaven.repo.local=/Users/hadiranjbar/Downloads/java/token.usage/investigation/.m2 -Pinvestigation,agent-reports -Dtest=FailureCasesTest -Dexperiment.case=08 -Dexperiment.artifactDir=/Users/hadiranjbar/Downloads/java/token.usage/investigation/raw/v2/08/p4/3 -Dexperiment.reportDir=/Users/hadiranjbar/Downloads/java/token.usage/investigation/raw/v2/08/p4/3/reports -Dspring.output.ansi.enabled=never surefire:test",investigation/raw/v2/08/p4/3/reports/com.ai.token.experiment.FailureCasesTest.txt,test-runner report,54055b42ad2a4b462993269f48ca8ea3469b19d3f7d1f2e77f77570c12cebca7,676,9,142,tiktoken 0.14.0 o200k_base
08,p4,3,1,True,True,java.util.concurrent.ExecutionException,"mvn -o -B -ntp -Dmaven.repo.local=/Users/hadiranjbar/Downloads/java/token.usage/investigation/.m2 -Pinvestigation,agent-reports -Dtest=FailureCasesTest -Dexperiment.case=08 -Dexperiment.artifactDir=/Users/hadiranjbar/Downloads/java/token.usage/investigation/raw/v2/08/p4/3 -Dexperiment.reportDir=/Users/hadiranjbar/Downloads/java/token.usage/investigation/raw/v2/08/p4/3/reports -Dspring.output.ansi.enabled=never surefire:test",investigation/raw/v2/08/p4/3/stderr.log,Maven + forked JVM stderr,e3b0c44298fc1c149afbf4c8996fb92427ae41e4649b934ca495991b7852b855,0,0,0,tiktoken 0.14.0 o200k_base
08,p4,3,1,True,True,java.util.concurrent.ExecutionException,"mvn -o -B -ntp -Dmaven.repo.local=/Users/hadiranjbar/Downloads/java/token.usage/investigation/.m2 -Pinvestigation,agent-reports -Dtest=FailureCasesTest -Dexperiment.case=08 -Dexperiment.artifactDir=/Users/hadiranjbar/Downloads/java/token.usage/investigation/raw/v2/08/p4/3 -Dexperiment.reportDir=/Users/hadiranjbar/Downloads/java/token.usage/investigation/raw/v2/08/p4/3/reports -Dspring.output.ansi.enabled=never surefire:test",investigation/raw/v2/08/p4/3/stdout.log,Maven + forked JVM stdout,59d673d7fc3e898adc63c139ac92d9e56d68a26df0a72fd622f67aff92848384,4308,73,1215,tiktoken 0.14.0 o200k_base
