case,config,run,exit,profile_verified,identity_verified,failure_identity,command_shell,method,source,path,producer,command,matches,facts_present,facts_required,all_facts,facts,bytes,lines,tokens,tokenizer,within_source_bytes
01,agent,1,1,True,True,expected: <30> but was: <13>,"mvn -o -B -ntp -Dmaven.repo.local=/Users/hadiranjbar/Downloads/java/token.usage/investigation/.m2 -Pinvestigation,agent-reports -Dtest=FailureCasesTest -Dexperiment.case=01 -Dexperiment.artifactDir=/Users/hadiranjbar/Downloads/java/token.usage/investigation/raw/v2/01/agent/1 -Dexperiment.reportDir=/Users/hadiranjbar/Downloads/java/token.usage/investigation/raw/v2/01/agent/1/reports -Dspring.output.ansi.enabled=never -Dspring.profiles.active=agent -Dexperiment.deduplicate=true surefire:test",complete,investigation/raw/v2/01/agent/1,investigation/extracted/v2/01/agent/1/complete.txt,deterministic console extraction (not automatically agent input),python investigation/scripts/analyze.py --batch v2,2,2,2,True,"{""expected_actual"": true, ""location"": true}",2373,46,620,tiktoken 0.14.0 o200k_base,True
01,agent,1,1,True,True,expected: <30> but was: <13>,"mvn -o -B -ntp -Dmaven.repo.local=/Users/hadiranjbar/Downloads/java/token.usage/investigation/.m2 -Pinvestigation,agent-reports -Dtest=FailureCasesTest -Dexperiment.case=01 -Dexperiment.artifactDir=/Users/hadiranjbar/Downloads/java/token.usage/investigation/raw/v2/01/agent/1 -Dexperiment.reportDir=/Users/hadiranjbar/Downloads/java/token.usage/investigation/raw/v2/01/agent/1/reports -Dspring.output.ansi.enabled=never -Dspring.profiles.active=agent -Dexperiment.deduplicate=true surefire:test",window20,investigation/raw/v2/01/agent/1,investigation/extracted/v2/01/agent/1/window20.txt,deterministic console extraction (not automatically agent input),python investigation/scripts/analyze.py --batch v2,2,2,2,True,"{""expected_actual"": true, ""location"": true}",1094,20,295,tiktoken 0.14.0 o200k_base,True
01,agent,1,1,True,True,expected: <30> but was: <13>,"mvn -o -B -ntp -Dmaven.repo.local=/Users/hadiranjbar/Downloads/java/token.usage/investigation/.m2 -Pinvestigation,agent-reports -Dtest=FailureCasesTest -Dexperiment.case=01 -Dexperiment.artifactDir=/Users/hadiranjbar/Downloads/java/token.usage/investigation/raw/v2/01/agent/1 -Dexperiment.reportDir=/Users/hadiranjbar/Downloads/java/token.usage/investigation/raw/v2/01/agent/1/reports -Dspring.output.ansi.enabled=never -Dspring.profiles.active=agent -Dexperiment.deduplicate=true surefire:test",filtered40,investigation/raw/v2/01/agent/1,investigation/extracted/v2/01/agent/1/filtered40.txt,deterministic console extraction (not automatically agent input),python investigation/scripts/analyze.py --batch v2,2,2,2,True,"{""expected_actual"": true, ""location"": true}",1716,30,467,tiktoken 0.14.0 o200k_base,True
01,agent,1,1,True,True,expected: <30> but was: <13>,"mvn -o -B -ntp -Dmaven.repo.local=/Users/hadiranjbar/Downloads/java/token.usage/investigation/.m2 -Pinvestigation,agent-reports -Dtest=FailureCasesTest -Dexperiment.case=01 -Dexperiment.artifactDir=/Users/hadiranjbar/Downloads/java/token.usage/investigation/raw/v2/01/agent/1 -Dexperiment.reportDir=/Users/hadiranjbar/Downloads/java/token.usage/investigation/raw/v2/01/agent/1/reports -Dspring.output.ansi.enabled=never -Dspring.profiles.active=agent -Dexperiment.deduplicate=true surefire:test",boundary,investigation/raw/v2/01/agent/1,investigation/extracted/v2/01/agent/1/boundary.txt,deterministic console extraction (not automatically agent input),python investigation/scripts/analyze.py --batch v2,2,2,2,True,"{""expected_actual"": true, ""location"": true}",399,5,119,tiktoken 0.14.0 o200k_base,True
01,agent,1,1,True,True,expected: <30> but was: <13>,"mvn -o -B -ntp -Dmaven.repo.local=/Users/hadiranjbar/Downloads/java/token.usage/investigation/.m2 -Pinvestigation,agent-reports -Dtest=FailureCasesTest -Dexperiment.case=01 -Dexperiment.artifactDir=/Users/hadiranjbar/Downloads/java/token.usage/investigation/raw/v2/01/agent/1 -Dexperiment.reportDir=/Users/hadiranjbar/Downloads/java/token.usage/investigation/raw/v2/01/agent/1/reports -Dspring.output.ansi.enabled=never -Dspring.profiles.active=agent -Dexperiment.deduplicate=true surefire:test",dedup,investigation/raw/v2/01/agent/1,investigation/extracted/v2/01/agent/1/dedup.txt,deterministic console extraction (not automatically agent input),python investigation/scripts/analyze.py --batch v2,2,2,2,True,"{""expected_actual"": true, ""location"": true}",399,5,119,tiktoken 0.14.0 o200k_base,True
01,agent,2,1,True,True,expected: <30> but was: <13>,"mvn -o -B -ntp -Dmaven.repo.local=/Users/hadiranjbar/Downloads/java/token.usage/investigation/.m2 -Pinvestigation,agent-reports -Dtest=FailureCasesTest -Dexperiment.case=01 -Dexperiment.artifactDir=/Users/hadiranjbar/Downloads/java/token.usage/investigation/raw/v2/01/agent/2 -Dexperiment.reportDir=/Users/hadiranjbar/Downloads/java/token.usage/investigation/raw/v2/01/agent/2/reports -Dspring.output.ansi.enabled=never -Dspring.profiles.active=agent -Dexperiment.deduplicate=true surefire:test",complete,investigation/raw/v2/01/agent/2,investigation/extracted/v2/01/agent/2/complete.txt,deterministic console extraction (not automatically agent input),python investigation/scripts/analyze.py --batch v2,2,2,2,True,"{""expected_actual"": true, ""location"": true}",2373,46,620,tiktoken 0.14.0 o200k_base,True
01,agent,2,1,True,True,expected: <30> but was: <13>,"mvn -o -B -ntp -Dmaven.repo.local=/Users/hadiranjbar/Downloads/java/token.usage/investigation/.m2 -Pinvestigation,agent-reports -Dtest=FailureCasesTest -Dexperiment.case=01 -Dexperiment.artifactDir=/Users/hadiranjbar/Downloads/java/token.usage/investigation/raw/v2/01/agent/2 -Dexperiment.reportDir=/Users/hadiranjbar/Downloads/java/token.usage/investigation/raw/v2/01/agent/2/reports -Dspring.output.ansi.enabled=never -Dspring.profiles.active=agent -Dexperiment.deduplicate=true surefire:test",window20,investigation/raw/v2/01/agent/2,investigation/extracted/v2/01/agent/2/window20.txt,deterministic console extraction (not automatically agent input),python investigation/scripts/analyze.py --batch v2,2,2,2,True,"{""expected_actual"": true, ""location"": true}",1094,20,295,tiktoken 0.14.0 o200k_base,True
01,agent,2,1,True,True,expected: <30> but was: <13>,"mvn -o -B -ntp -Dmaven.repo.local=/Users/hadiranjbar/Downloads/java/token.usage/investigation/.m2 -Pinvestigation,agent-reports -Dtest=FailureCasesTest -Dexperiment.case=01 -Dexperiment.artifactDir=/Users/hadiranjbar/Downloads/java/token.usage/investigation/raw/v2/01/agent/2 -Dexperiment.reportDir=/Users/hadiranjbar/Downloads/java/token.usage/investigation/raw/v2/01/agent/2/reports -Dspring.output.ansi.enabled=never -Dspring.profiles.active=agent -Dexperiment.deduplicate=true surefire:test",filtered40,investigation/raw/v2/01/agent/2,investigation/extracted/v2/01/agent/2/filtered40.txt,deterministic console extraction (not automatically agent input),python investigation/scripts/analyze.py --batch v2,2,2,2,True,"{""expected_actual"": true, ""location"": true}",1716,30,467,tiktoken 0.14.0 o200k_base,True
01,agent,2,1,True,True,expected: <30> but was: <13>,"mvn -o -B -ntp -Dmaven.repo.local=/Users/hadiranjbar/Downloads/java/token.usage/investigation/.m2 -Pinvestigation,agent-reports -Dtest=FailureCasesTest -Dexperiment.case=01 -Dexperiment.artifactDir=/Users/hadiranjbar/Downloads/java/token.usage/investigation/raw/v2/01/agent/2 -Dexperiment.reportDir=/Users/hadiranjbar/Downloads/java/token.usage/investigation/raw/v2/01/agent/2/reports -Dspring.output.ansi.enabled=never -Dspring.profiles.active=agent -Dexperiment.deduplicate=true surefire:test",boundary,investigation/raw/v2/01/agent/2,investigation/extracted/v2/01/agent/2/boundary.txt,deterministic console extraction (not automatically agent input),python investigation/scripts/analyze.py --batch v2,2,2,2,True,"{""expected_actual"": true, ""location"": true}",399,5,119,tiktoken 0.14.0 o200k_base,True
01,agent,2,1,True,True,expected: <30> but was: <13>,"mvn -o -B -ntp -Dmaven.repo.local=/Users/hadiranjbar/Downloads/java/token.usage/investigation/.m2 -Pinvestigation,agent-reports -Dtest=FailureCasesTest -Dexperiment.case=01 -Dexperiment.artifactDir=/Users/hadiranjbar/Downloads/java/token.usage/investigation/raw/v2/01/agent/2 -Dexperiment.reportDir=/Users/hadiranjbar/Downloads/java/token.usage/investigation/raw/v2/01/agent/2/reports -Dspring.output.ansi.enabled=never -Dspring.profiles.active=agent -Dexperiment.deduplicate=true surefire:test",dedup,investigation/raw/v2/01/agent/2,investigation/extracted/v2/01/agent/2/dedup.txt,deterministic console extraction (not automatically agent input),python investigation/scripts/analyze.py --batch v2,2,2,2,True,"{""expected_actual"": true, ""location"": true}",399,5,119,tiktoken 0.14.0 o200k_base,True
01,agent,3,1,True,True,expected: <30> but was: <13>,"mvn -o -B -ntp -Dmaven.repo.local=/Users/hadiranjbar/Downloads/java/token.usage/investigation/.m2 -Pinvestigation,agent-reports -Dtest=FailureCasesTest -Dexperiment.case=01 -Dexperiment.artifactDir=/Users/hadiranjbar/Downloads/java/token.usage/investigation/raw/v2/01/agent/3 -Dexperiment.reportDir=/Users/hadiranjbar/Downloads/java/token.usage/investigation/raw/v2/01/agent/3/reports -Dspring.output.ansi.enabled=never -Dspring.profiles.active=agent -Dexperiment.deduplicate=true surefire:test",complete,investigation/raw/v2/01/agent/3,investigation/extracted/v2/01/agent/3/complete.txt,deterministic console extraction (not automatically agent input),python investigation/scripts/analyze.py --batch v2,2,2,2,True,"{""expected_actual"": true, ""location"": true}",2373,46,620,tiktoken 0.14.0 o200k_base,True
01,agent,3,1,True,True,expected: <30> but was: <13>,"mvn -o -B -ntp -Dmaven.repo.local=/Users/hadiranjbar/Downloads/java/token.usage/investigation/.m2 -Pinvestigation,agent-reports -Dtest=FailureCasesTest -Dexperiment.case=01 -Dexperiment.artifactDir=/Users/hadiranjbar/Downloads/java/token.usage/investigation/raw/v2/01/agent/3 -Dexperiment.reportDir=/Users/hadiranjbar/Downloads/java/token.usage/investigation/raw/v2/01/agent/3/reports -Dspring.output.ansi.enabled=never -Dspring.profiles.active=agent -Dexperiment.deduplicate=true surefire:test",window20,investigation/raw/v2/01/agent/3,investigation/extracted/v2/01/agent/3/window20.txt,deterministic console extraction (not automatically agent input),python investigation/scripts/analyze.py --batch v2,2,2,2,True,"{""expected_actual"": true, ""location"": true}",1094,20,295,tiktoken 0.14.0 o200k_base,True
01,agent,3,1,True,True,expected: <30> but was: <13>,"mvn -o -B -ntp -Dmaven.repo.local=/Users/hadiranjbar/Downloads/java/token.usage/investigation/.m2 -Pinvestigation,agent-reports -Dtest=FailureCasesTest -Dexperiment.case=01 -Dexperiment.artifactDir=/Users/hadiranjbar/Downloads/java/token.usage/investigation/raw/v2/01/agent/3 -Dexperiment.reportDir=/Users/hadiranjbar/Downloads/java/token.usage/investigation/raw/v2/01/agent/3/reports -Dspring.output.ansi.enabled=never -Dspring.profiles.active=agent -Dexperiment.deduplicate=true surefire:test",filtered40,investigation/raw/v2/01/agent/3,investigation/extracted/v2/01/agent/3/filtered40.txt,deterministic console extraction (not automatically agent input),python investigation/scripts/analyze.py --batch v2,2,2,2,True,"{""expected_actual"": true, ""location"": true}",1716,30,467,tiktoken 0.14.0 o200k_base,True
01,agent,3,1,True,True,expected: <30> but was: <13>,"mvn -o -B -ntp -Dmaven.repo.local=/Users/hadiranjbar/Downloads/java/token.usage/investigation/.m2 -Pinvestigation,agent-reports -Dtest=FailureCasesTest -Dexperiment.case=01 -Dexperiment.artifactDir=/Users/hadiranjbar/Downloads/java/token.usage/investigation/raw/v2/01/agent/3 -Dexperiment.reportDir=/Users/hadiranjbar/Downloads/java/token.usage/investigation/raw/v2/01/agent/3/reports -Dspring.output.ansi.enabled=never -Dspring.profiles.active=agent -Dexperiment.deduplicate=true surefire:test",boundary,investigation/raw/v2/01/agent/3,investigation/extracted/v2/01/agent/3/boundary.txt,deterministic console extraction (not automatically agent input),python investigation/scripts/analyze.py --batch v2,2,2,2,True,"{""expected_actual"": true, ""location"": true}",399,5,119,tiktoken 0.14.0 o200k_base,True
01,agent,3,1,True,True,expected: <30> but was: <13>,"mvn -o -B -ntp -Dmaven.repo.local=/Users/hadiranjbar/Downloads/java/token.usage/investigation/.m2 -Pinvestigation,agent-reports -Dtest=FailureCasesTest -Dexperiment.case=01 -Dexperiment.artifactDir=/Users/hadiranjbar/Downloads/java/token.usage/investigation/raw/v2/01/agent/3 -Dexperiment.reportDir=/Users/hadiranjbar/Downloads/java/token.usage/investigation/raw/v2/01/agent/3/reports -Dspring.output.ansi.enabled=never -Dspring.profiles.active=agent -Dexperiment.deduplicate=true surefire:test",dedup,investigation/raw/v2/01/agent/3,investigation/extracted/v2/01/agent/3/dedup.txt,deterministic console extraction (not automatically agent input),python investigation/scripts/analyze.py --batch v2,2,2,2,True,"{""expected_actual"": true, ""location"": true}",399,5,119,tiktoken 0.14.0 o200k_base,True
01,default,1,1,True,True,expected: <30> but was: <13>,mvn -o -B -ntp -Dmaven.repo.local=/Users/hadiranjbar/Downloads/java/token.usage/investigation/.m2 -Pinvestigation -Dtest=FailureCasesTest -Dexperiment.case=01 -Dexperiment.artifactDir=/Users/hadiranjbar/Downloads/java/token.usage/investigation/raw/v2/01/default/1 -Dexperiment.reportDir=/Users/hadiranjbar/Downloads/java/token.usage/investigation/raw/v2/01/default/1/reports -Dspring.output.ansi.enabled=never surefire:test,complete,investigation/raw/v2/01/default/1,investigation/extracted/v2/01/default/1/complete.txt,deterministic console extraction (not automatically agent input),python investigation/scripts/analyze.py --batch v2,2,2,2,True,"{""expected_actual"": true, ""location"": true}",2784,51,704,tiktoken 0.14.0 o200k_base,True
01,default,1,1,True,True,expected: <30> but was: <13>,mvn -o -B -ntp -Dmaven.repo.local=/Users/hadiranjbar/Downloads/java/token.usage/investigation/.m2 -Pinvestigation -Dtest=FailureCasesTest -Dexperiment.case=01 -Dexperiment.artifactDir=/Users/hadiranjbar/Downloads/java/token.usage/investigation/raw/v2/01/default/1 -Dexperiment.reportDir=/Users/hadiranjbar/Downloads/java/token.usage/investigation/raw/v2/01/default/1/reports -Dspring.output.ansi.enabled=never surefire:test,window20,investigation/raw/v2/01/default/1,investigation/extracted/v2/01/default/1/window20.txt,deterministic console extraction (not automatically agent input),python investigation/scripts/analyze.py --batch v2,2,2,2,True,"{""expected_actual"": true, ""location"": true}",1117,20,294,tiktoken 0.14.0 o200k_base,True
01,default,1,1,True,True,expected: <30> but was: <13>,mvn -o -B -ntp -Dmaven.repo.local=/Users/hadiranjbar/Downloads/java/token.usage/investigation/.m2 -Pinvestigation -Dtest=FailureCasesTest -Dexperiment.case=01 -Dexperiment.artifactDir=/Users/hadiranjbar/Downloads/java/token.usage/investigation/raw/v2/01/default/1 -Dexperiment.reportDir=/Users/hadiranjbar/Downloads/java/token.usage/investigation/raw/v2/01/default/1/reports -Dspring.output.ansi.enabled=never surefire:test,filtered40,investigation/raw/v2/01/default/1,investigation/extracted/v2/01/default/1/filtered40.txt,deterministic console extraction (not automatically agent input),python investigation/scripts/analyze.py --batch v2,2,2,2,True,"{""expected_actual"": true, ""location"": true}",1718,30,466,tiktoken 0.14.0 o200k_base,True
01,default,1,1,True,True,expected: <30> but was: <13>,mvn -o -B -ntp -Dmaven.repo.local=/Users/hadiranjbar/Downloads/java/token.usage/investigation/.m2 -Pinvestigation -Dtest=FailureCasesTest -Dexperiment.case=01 -Dexperiment.artifactDir=/Users/hadiranjbar/Downloads/java/token.usage/investigation/raw/v2/01/default/1 -Dexperiment.reportDir=/Users/hadiranjbar/Downloads/java/token.usage/investigation/raw/v2/01/default/1/reports -Dspring.output.ansi.enabled=never surefire:test,boundary,investigation/raw/v2/01/default/1,investigation/extracted/v2/01/default/1/boundary.txt,deterministic console extraction (not automatically agent input),python investigation/scripts/analyze.py --batch v2,2,2,2,True,"{""expected_actual"": true, ""location"": true}",808,10,204,tiktoken 0.14.0 o200k_base,True
01,default,1,1,True,True,expected: <30> but was: <13>,mvn -o -B -ntp -Dmaven.repo.local=/Users/hadiranjbar/Downloads/java/token.usage/investigation/.m2 -Pinvestigation -Dtest=FailureCasesTest -Dexperiment.case=01 -Dexperiment.artifactDir=/Users/hadiranjbar/Downloads/java/token.usage/investigation/raw/v2/01/default/1 -Dexperiment.reportDir=/Users/hadiranjbar/Downloads/java/token.usage/investigation/raw/v2/01/default/1/reports -Dspring.output.ansi.enabled=never surefire:test,dedup,investigation/raw/v2/01/default/1,investigation/extracted/v2/01/default/1/dedup.txt,deterministic console extraction (not automatically agent input),python investigation/scripts/analyze.py --batch v2,2,2,2,True,"{""expected_actual"": true, ""location"": true}",808,10,204,tiktoken 0.14.0 o200k_base,True
01,default,2,1,True,True,expected: <30> but was: <13>,mvn -o -B -ntp -Dmaven.repo.local=/Users/hadiranjbar/Downloads/java/token.usage/investigation/.m2 -Pinvestigation -Dtest=FailureCasesTest -Dexperiment.case=01 -Dexperiment.artifactDir=/Users/hadiranjbar/Downloads/java/token.usage/investigation/raw/v2/01/default/2 -Dexperiment.reportDir=/Users/hadiranjbar/Downloads/java/token.usage/investigation/raw/v2/01/default/2/reports -Dspring.output.ansi.enabled=never surefire:test,complete,investigation/raw/v2/01/default/2,investigation/extracted/v2/01/default/2/complete.txt,deterministic console extraction (not automatically agent input),python investigation/scripts/analyze.py --batch v2,2,2,2,True,"{""expected_actual"": true, ""location"": true}",2784,51,704,tiktoken 0.14.0 o200k_base,True
01,default,2,1,True,True,expected: <30> but was: <13>,mvn -o -B -ntp -Dmaven.repo.local=/Users/hadiranjbar/Downloads/java/token.usage/investigation/.m2 -Pinvestigation -Dtest=FailureCasesTest -Dexperiment.case=01 -Dexperiment.artifactDir=/Users/hadiranjbar/Downloads/java/token.usage/investigation/raw/v2/01/default/2 -Dexperiment.reportDir=/Users/hadiranjbar/Downloads/java/token.usage/investigation/raw/v2/01/default/2/reports -Dspring.output.ansi.enabled=never surefire:test,window20,investigation/raw/v2/01/default/2,investigation/extracted/v2/01/default/2/window20.txt,deterministic console extraction (not automatically agent input),python investigation/scripts/analyze.py --batch v2,2,2,2,True,"{""expected_actual"": true, ""location"": true}",1117,20,294,tiktoken 0.14.0 o200k_base,True
01,default,2,1,True,True,expected: <30> but was: <13>,mvn -o -B -ntp -Dmaven.repo.local=/Users/hadiranjbar/Downloads/java/token.usage/investigation/.m2 -Pinvestigation -Dtest=FailureCasesTest -Dexperiment.case=01 -Dexperiment.artifactDir=/Users/hadiranjbar/Downloads/java/token.usage/investigation/raw/v2/01/default/2 -Dexperiment.reportDir=/Users/hadiranjbar/Downloads/java/token.usage/investigation/raw/v2/01/default/2/reports -Dspring.output.ansi.enabled=never surefire:test,filtered40,investigation/raw/v2/01/default/2,investigation/extracted/v2/01/default/2/filtered40.txt,deterministic console extraction (not automatically agent input),python investigation/scripts/analyze.py --batch v2,2,2,2,True,"{""expected_actual"": true, ""location"": true}",1718,30,466,tiktoken 0.14.0 o200k_base,True
01,default,2,1,True,True,expected: <30> but was: <13>,mvn -o -B -ntp -Dmaven.repo.local=/Users/hadiranjbar/Downloads/java/token.usage/investigation/.m2 -Pinvestigation -Dtest=FailureCasesTest -Dexperiment.case=01 -Dexperiment.artifactDir=/Users/hadiranjbar/Downloads/java/token.usage/investigation/raw/v2/01/default/2 -Dexperiment.reportDir=/Users/hadiranjbar/Downloads/java/token.usage/investigation/raw/v2/01/default/2/reports -Dspring.output.ansi.enabled=never surefire:test,boundary,investigation/raw/v2/01/default/2,investigation/extracted/v2/01/default/2/boundary.txt,deterministic console extraction (not automatically agent input),python investigation/scripts/analyze.py --batch v2,2,2,2,True,"{""expected_actual"": true, ""location"": true}",808,10,204,tiktoken 0.14.0 o200k_base,True
01,default,2,1,True,True,expected: <30> but was: <13>,mvn -o -B -ntp -Dmaven.repo.local=/Users/hadiranjbar/Downloads/java/token.usage/investigation/.m2 -Pinvestigation -Dtest=FailureCasesTest -Dexperiment.case=01 -Dexperiment.artifactDir=/Users/hadiranjbar/Downloads/java/token.usage/investigation/raw/v2/01/default/2 -Dexperiment.reportDir=/Users/hadiranjbar/Downloads/java/token.usage/investigation/raw/v2/01/default/2/reports -Dspring.output.ansi.enabled=never surefire:test,dedup,investigation/raw/v2/01/default/2,investigation/extracted/v2/01/default/2/dedup.txt,deterministic console extraction (not automatically agent input),python investigation/scripts/analyze.py --batch v2,2,2,2,True,"{""expected_actual"": true, ""location"": true}",808,10,204,tiktoken 0.14.0 o200k_base,True
01,default,3,1,True,True,expected: <30> but was: <13>,mvn -o -B -ntp -Dmaven.repo.local=/Users/hadiranjbar/Downloads/java/token.usage/investigation/.m2 -Pinvestigation -Dtest=FailureCasesTest -Dexperiment.case=01 -Dexperiment.artifactDir=/Users/hadiranjbar/Downloads/java/token.usage/investigation/raw/v2/01/default/3 -Dexperiment.reportDir=/Users/hadiranjbar/Downloads/java/token.usage/investigation/raw/v2/01/default/3/reports -Dspring.output.ansi.enabled=never surefire:test,complete,investigation/raw/v2/01/default/3,investigation/extracted/v2/01/default/3/complete.txt,deterministic console extraction (not automatically agent input),python investigation/scripts/analyze.py --batch v2,2,2,2,True,"{""expected_actual"": true, ""location"": true}",2784,51,704,tiktoken 0.14.0 o200k_base,True
01,default,3,1,True,True,expected: <30> but was: <13>,mvn -o -B -ntp -Dmaven.repo.local=/Users/hadiranjbar/Downloads/java/token.usage/investigation/.m2 -Pinvestigation -Dtest=FailureCasesTest -Dexperiment.case=01 -Dexperiment.artifactDir=/Users/hadiranjbar/Downloads/java/token.usage/investigation/raw/v2/01/default/3 -Dexperiment.reportDir=/Users/hadiranjbar/Downloads/java/token.usage/investigation/raw/v2/01/default/3/reports -Dspring.output.ansi.enabled=never surefire:test,window20,investigation/raw/v2/01/default/3,investigation/extracted/v2/01/default/3/window20.txt,deterministic console extraction (not automatically agent input),python investigation/scripts/analyze.py --batch v2,2,2,2,True,"{""expected_actual"": true, ""location"": true}",1117,20,294,tiktoken 0.14.0 o200k_base,True
01,default,3,1,True,True,expected: <30> but was: <13>,mvn -o -B -ntp -Dmaven.repo.local=/Users/hadiranjbar/Downloads/java/token.usage/investigation/.m2 -Pinvestigation -Dtest=FailureCasesTest -Dexperiment.case=01 -Dexperiment.artifactDir=/Users/hadiranjbar/Downloads/java/token.usage/investigation/raw/v2/01/default/3 -Dexperiment.reportDir=/Users/hadiranjbar/Downloads/java/token.usage/investigation/raw/v2/01/default/3/reports -Dspring.output.ansi.enabled=never surefire:test,filtered40,investigation/raw/v2/01/default/3,investigation/extracted/v2/01/default/3/filtered40.txt,deterministic console extraction (not automatically agent input),python investigation/scripts/analyze.py --batch v2,2,2,2,True,"{""expected_actual"": true, ""location"": true}",1718,30,466,tiktoken 0.14.0 o200k_base,True
01,default,3,1,True,True,expected: <30> but was: <13>,mvn -o -B -ntp -Dmaven.repo.local=/Users/hadiranjbar/Downloads/java/token.usage/investigation/.m2 -Pinvestigation -Dtest=FailureCasesTest -Dexperiment.case=01 -Dexperiment.artifactDir=/Users/hadiranjbar/Downloads/java/token.usage/investigation/raw/v2/01/default/3 -Dexperiment.reportDir=/Users/hadiranjbar/Downloads/java/token.usage/investigation/raw/v2/01/default/3/reports -Dspring.output.ansi.enabled=never surefire:test,boundary,investigation/raw/v2/01/default/3,investigation/extracted/v2/01/default/3/boundary.txt,deterministic console extraction (not automatically agent input),python investigation/scripts/analyze.py --batch v2,2,2,2,True,"{""expected_actual"": true, ""location"": true}",808,10,204,tiktoken 0.14.0 o200k_base,True
01,default,3,1,True,True,expected: <30> but was: <13>,mvn -o -B -ntp -Dmaven.repo.local=/Users/hadiranjbar/Downloads/java/token.usage/investigation/.m2 -Pinvestigation -Dtest=FailureCasesTest -Dexperiment.case=01 -Dexperiment.artifactDir=/Users/hadiranjbar/Downloads/java/token.usage/investigation/raw/v2/01/default/3 -Dexperiment.reportDir=/Users/hadiranjbar/Downloads/java/token.usage/investigation/raw/v2/01/default/3/reports -Dspring.output.ansi.enabled=never surefire:test,dedup,investigation/raw/v2/01/default/3,investigation/extracted/v2/01/default/3/dedup.txt,deterministic console extraction (not automatically agent input),python investigation/scripts/analyze.py --batch v2,2,2,2,True,"{""expected_actual"": true, ""location"": true}",808,10,204,tiktoken 0.14.0 o200k_base,True
01,p1,1,1,True,True,expected: <30> but was: <13>,mvn -o -B -ntp -Dmaven.repo.local=/Users/hadiranjbar/Downloads/java/token.usage/investigation/.m2 -Pinvestigation -Dtest=FailureCasesTest -Dexperiment.case=01 -Dexperiment.artifactDir=/Users/hadiranjbar/Downloads/java/token.usage/investigation/raw/v2/01/p1/1 -Dexperiment.reportDir=/Users/hadiranjbar/Downloads/java/token.usage/investigation/raw/v2/01/p1/1/reports -Dspring.output.ansi.enabled=never -Dspring.profiles.active=p1 surefire:test,complete,investigation/raw/v2/01/p1/1,investigation/extracted/v2/01/p1/1/complete.txt,deterministic console extraction (not automatically agent input),python investigation/scripts/analyze.py --batch v2,2,2,2,True,"{""expected_actual"": true, ""location"": true}",2779,51,705,tiktoken 0.14.0 o200k_base,True
01,p1,1,1,True,True,expected: <30> but was: <13>,mvn -o -B -ntp -Dmaven.repo.local=/Users/hadiranjbar/Downloads/java/token.usage/investigation/.m2 -Pinvestigation -Dtest=FailureCasesTest -Dexperiment.case=01 -Dexperiment.artifactDir=/Users/hadiranjbar/Downloads/java/token.usage/investigation/raw/v2/01/p1/1 -Dexperiment.reportDir=/Users/hadiranjbar/Downloads/java/token.usage/investigation/raw/v2/01/p1/1/reports -Dspring.output.ansi.enabled=never -Dspring.profiles.active=p1 surefire:test,window20,investigation/raw/v2/01/p1/1,investigation/extracted/v2/01/p1/1/window20.txt,deterministic console extraction (not automatically agent input),python investigation/scripts/analyze.py --batch v2,2,2,2,True,"{""expected_actual"": true, ""location"": true}",1117,20,294,tiktoken 0.14.0 o200k_base,True
01,p1,1,1,True,True,expected: <30> but was: <13>,mvn -o -B -ntp -Dmaven.repo.local=/Users/hadiranjbar/Downloads/java/token.usage/investigation/.m2 -Pinvestigation -Dtest=FailureCasesTest -Dexperiment.case=01 -Dexperiment.artifactDir=/Users/hadiranjbar/Downloads/java/token.usage/investigation/raw/v2/01/p1/1 -Dexperiment.reportDir=/Users/hadiranjbar/Downloads/java/token.usage/investigation/raw/v2/01/p1/1/reports -Dspring.output.ansi.enabled=never -Dspring.profiles.active=p1 surefire:test,filtered40,investigation/raw/v2/01/p1/1,investigation/extracted/v2/01/p1/1/filtered40.txt,deterministic console extraction (not automatically agent input),python investigation/scripts/analyze.py --batch v2,2,2,2,True,"{""expected_actual"": true, ""location"": true}",1713,30,467,tiktoken 0.14.0 o200k_base,True
01,p1,1,1,True,True,expected: <30> but was: <13>,mvn -o -B -ntp -Dmaven.repo.local=/Users/hadiranjbar/Downloads/java/token.usage/investigation/.m2 -Pinvestigation -Dtest=FailureCasesTest -Dexperiment.case=01 -Dexperiment.artifactDir=/Users/hadiranjbar/Downloads/java/token.usage/investigation/raw/v2/01/p1/1 -Dexperiment.reportDir=/Users/hadiranjbar/Downloads/java/token.usage/investigation/raw/v2/01/p1/1/reports -Dspring.output.ansi.enabled=never -Dspring.profiles.active=p1 surefire:test,boundary,investigation/raw/v2/01/p1/1,investigation/extracted/v2/01/p1/1/boundary.txt,deterministic console extraction (not automatically agent input),python investigation/scripts/analyze.py --batch v2,2,2,2,True,"{""expected_actual"": true, ""location"": true}",808,10,204,tiktoken 0.14.0 o200k_base,True
01,p1,1,1,True,True,expected: <30> but was: <13>,mvn -o -B -ntp -Dmaven.repo.local=/Users/hadiranjbar/Downloads/java/token.usage/investigation/.m2 -Pinvestigation -Dtest=FailureCasesTest -Dexperiment.case=01 -Dexperiment.artifactDir=/Users/hadiranjbar/Downloads/java/token.usage/investigation/raw/v2/01/p1/1 -Dexperiment.reportDir=/Users/hadiranjbar/Downloads/java/token.usage/investigation/raw/v2/01/p1/1/reports -Dspring.output.ansi.enabled=never -Dspring.profiles.active=p1 surefire:test,dedup,investigation/raw/v2/01/p1/1,investigation/extracted/v2/01/p1/1/dedup.txt,deterministic console extraction (not automatically agent input),python investigation/scripts/analyze.py --batch v2,2,2,2,True,"{""expected_actual"": true, ""location"": true}",808,10,204,tiktoken 0.14.0 o200k_base,True
01,p1,2,1,True,True,expected: <30> but was: <13>,mvn -o -B -ntp -Dmaven.repo.local=/Users/hadiranjbar/Downloads/java/token.usage/investigation/.m2 -Pinvestigation -Dtest=FailureCasesTest -Dexperiment.case=01 -Dexperiment.artifactDir=/Users/hadiranjbar/Downloads/java/token.usage/investigation/raw/v2/01/p1/2 -Dexperiment.reportDir=/Users/hadiranjbar/Downloads/java/token.usage/investigation/raw/v2/01/p1/2/reports -Dspring.output.ansi.enabled=never -Dspring.profiles.active=p1 surefire:test,complete,investigation/raw/v2/01/p1/2,investigation/extracted/v2/01/p1/2/complete.txt,deterministic console extraction (not automatically agent input),python investigation/scripts/analyze.py --batch v2,2,2,2,True,"{""expected_actual"": true, ""location"": true}",2779,51,705,tiktoken 0.14.0 o200k_base,True
01,p1,2,1,True,True,expected: <30> but was: <13>,mvn -o -B -ntp -Dmaven.repo.local=/Users/hadiranjbar/Downloads/java/token.usage/investigation/.m2 -Pinvestigation -Dtest=FailureCasesTest -Dexperiment.case=01 -Dexperiment.artifactDir=/Users/hadiranjbar/Downloads/java/token.usage/investigation/raw/v2/01/p1/2 -Dexperiment.reportDir=/Users/hadiranjbar/Downloads/java/token.usage/investigation/raw/v2/01/p1/2/reports -Dspring.output.ansi.enabled=never -Dspring.profiles.active=p1 surefire:test,window20,investigation/raw/v2/01/p1/2,investigation/extracted/v2/01/p1/2/window20.txt,deterministic console extraction (not automatically agent input),python investigation/scripts/analyze.py --batch v2,2,2,2,True,"{""expected_actual"": true, ""location"": true}",1117,20,294,tiktoken 0.14.0 o200k_base,True
01,p1,2,1,True,True,expected: <30> but was: <13>,mvn -o -B -ntp -Dmaven.repo.local=/Users/hadiranjbar/Downloads/java/token.usage/investigation/.m2 -Pinvestigation -Dtest=FailureCasesTest -Dexperiment.case=01 -Dexperiment.artifactDir=/Users/hadiranjbar/Downloads/java/token.usage/investigation/raw/v2/01/p1/2 -Dexperiment.reportDir=/Users/hadiranjbar/Downloads/java/token.usage/investigation/raw/v2/01/p1/2/reports -Dspring.output.ansi.enabled=never -Dspring.profiles.active=p1 surefire:test,filtered40,investigation/raw/v2/01/p1/2,investigation/extracted/v2/01/p1/2/filtered40.txt,deterministic console extraction (not automatically agent input),python investigation/scripts/analyze.py --batch v2,2,2,2,True,"{""expected_actual"": true, ""location"": true}",1713,30,467,tiktoken 0.14.0 o200k_base,True
01,p1,2,1,True,True,expected: <30> but was: <13>,mvn -o -B -ntp -Dmaven.repo.local=/Users/hadiranjbar/Downloads/java/token.usage/investigation/.m2 -Pinvestigation -Dtest=FailureCasesTest -Dexperiment.case=01 -Dexperiment.artifactDir=/Users/hadiranjbar/Downloads/java/token.usage/investigation/raw/v2/01/p1/2 -Dexperiment.reportDir=/Users/hadiranjbar/Downloads/java/token.usage/investigation/raw/v2/01/p1/2/reports -Dspring.output.ansi.enabled=never -Dspring.profiles.active=p1 surefire:test,boundary,investigation/raw/v2/01/p1/2,investigation/extracted/v2/01/p1/2/boundary.txt,deterministic console extraction (not automatically agent input),python investigation/scripts/analyze.py --batch v2,2,2,2,True,"{""expected_actual"": true, ""location"": true}",808,10,204,tiktoken 0.14.0 o200k_base,True
01,p1,2,1,True,True,expected: <30> but was: <13>,mvn -o -B -ntp -Dmaven.repo.local=/Users/hadiranjbar/Downloads/java/token.usage/investigation/.m2 -Pinvestigation -Dtest=FailureCasesTest -Dexperiment.case=01 -Dexperiment.artifactDir=/Users/hadiranjbar/Downloads/java/token.usage/investigation/raw/v2/01/p1/2 -Dexperiment.reportDir=/Users/hadiranjbar/Downloads/java/token.usage/investigation/raw/v2/01/p1/2/reports -Dspring.output.ansi.enabled=never -Dspring.profiles.active=p1 surefire:test,dedup,investigation/raw/v2/01/p1/2,investigation/extracted/v2/01/p1/2/dedup.txt,deterministic console extraction (not automatically agent input),python investigation/scripts/analyze.py --batch v2,2,2,2,True,"{""expected_actual"": true, ""location"": true}",808,10,204,tiktoken 0.14.0 o200k_base,True
01,p1,3,1,True,True,expected: <30> but was: <13>,mvn -o -B -ntp -Dmaven.repo.local=/Users/hadiranjbar/Downloads/java/token.usage/investigation/.m2 -Pinvestigation -Dtest=FailureCasesTest -Dexperiment.case=01 -Dexperiment.artifactDir=/Users/hadiranjbar/Downloads/java/token.usage/investigation/raw/v2/01/p1/3 -Dexperiment.reportDir=/Users/hadiranjbar/Downloads/java/token.usage/investigation/raw/v2/01/p1/3/reports -Dspring.output.ansi.enabled=never -Dspring.profiles.active=p1 surefire:test,complete,investigation/raw/v2/01/p1/3,investigation/extracted/v2/01/p1/3/complete.txt,deterministic console extraction (not automatically agent input),python investigation/scripts/analyze.py --batch v2,2,2,2,True,"{""expected_actual"": true, ""location"": true}",2779,51,705,tiktoken 0.14.0 o200k_base,True
01,p1,3,1,True,True,expected: <30> but was: <13>,mvn -o -B -ntp -Dmaven.repo.local=/Users/hadiranjbar/Downloads/java/token.usage/investigation/.m2 -Pinvestigation -Dtest=FailureCasesTest -Dexperiment.case=01 -Dexperiment.artifactDir=/Users/hadiranjbar/Downloads/java/token.usage/investigation/raw/v2/01/p1/3 -Dexperiment.reportDir=/Users/hadiranjbar/Downloads/java/token.usage/investigation/raw/v2/01/p1/3/reports -Dspring.output.ansi.enabled=never -Dspring.profiles.active=p1 surefire:test,window20,investigation/raw/v2/01/p1/3,investigation/extracted/v2/01/p1/3/window20.txt,deterministic console extraction (not automatically agent input),python investigation/scripts/analyze.py --batch v2,2,2,2,True,"{""expected_actual"": true, ""location"": true}",1117,20,294,tiktoken 0.14.0 o200k_base,True
01,p1,3,1,True,True,expected: <30> but was: <13>,mvn -o -B -ntp -Dmaven.repo.local=/Users/hadiranjbar/Downloads/java/token.usage/investigation/.m2 -Pinvestigation -Dtest=FailureCasesTest -Dexperiment.case=01 -Dexperiment.artifactDir=/Users/hadiranjbar/Downloads/java/token.usage/investigation/raw/v2/01/p1/3 -Dexperiment.reportDir=/Users/hadiranjbar/Downloads/java/token.usage/investigation/raw/v2/01/p1/3/reports -Dspring.output.ansi.enabled=never -Dspring.profiles.active=p1 surefire:test,filtered40,investigation/raw/v2/01/p1/3,investigation/extracted/v2/01/p1/3/filtered40.txt,deterministic console extraction (not automatically agent input),python investigation/scripts/analyze.py --batch v2,2,2,2,True,"{""expected_actual"": true, ""location"": true}",1713,30,467,tiktoken 0.14.0 o200k_base,True
01,p1,3,1,True,True,expected: <30> but was: <13>,mvn -o -B -ntp -Dmaven.repo.local=/Users/hadiranjbar/Downloads/java/token.usage/investigation/.m2 -Pinvestigation -Dtest=FailureCasesTest -Dexperiment.case=01 -Dexperiment.artifactDir=/Users/hadiranjbar/Downloads/java/token.usage/investigation/raw/v2/01/p1/3 -Dexperiment.reportDir=/Users/hadiranjbar/Downloads/java/token.usage/investigation/raw/v2/01/p1/3/reports -Dspring.output.ansi.enabled=never -Dspring.profiles.active=p1 surefire:test,boundary,investigation/raw/v2/01/p1/3,investigation/extracted/v2/01/p1/3/boundary.txt,deterministic console extraction (not automatically agent input),python investigation/scripts/analyze.py --batch v2,2,2,2,True,"{""expected_actual"": true, ""location"": true}",808,10,204,tiktoken 0.14.0 o200k_base,True
01,p1,3,1,True,True,expected: <30> but was: <13>,mvn -o -B -ntp -Dmaven.repo.local=/Users/hadiranjbar/Downloads/java/token.usage/investigation/.m2 -Pinvestigation -Dtest=FailureCasesTest -Dexperiment.case=01 -Dexperiment.artifactDir=/Users/hadiranjbar/Downloads/java/token.usage/investigation/raw/v2/01/p1/3 -Dexperiment.reportDir=/Users/hadiranjbar/Downloads/java/token.usage/investigation/raw/v2/01/p1/3/reports -Dspring.output.ansi.enabled=never -Dspring.profiles.active=p1 surefire:test,dedup,investigation/raw/v2/01/p1/3,investigation/extracted/v2/01/p1/3/dedup.txt,deterministic console extraction (not automatically agent input),python investigation/scripts/analyze.py --batch v2,2,2,2,True,"{""expected_actual"": true, ""location"": true}",808,10,204,tiktoken 0.14.0 o200k_base,True
01,p4,1,1,True,True,expected: <30> but was: <13>,"mvn -o -B -ntp -Dmaven.repo.local=/Users/hadiranjbar/Downloads/java/token.usage/investigation/.m2 -Pinvestigation,agent-reports -Dtest=FailureCasesTest -Dexperiment.case=01 -Dexperiment.artifactDir=/Users/hadiranjbar/Downloads/java/token.usage/investigation/raw/v2/01/p4/1 -Dexperiment.reportDir=/Users/hadiranjbar/Downloads/java/token.usage/investigation/raw/v2/01/p4/1/reports -Dspring.output.ansi.enabled=never surefire:test",complete,investigation/raw/v2/01/p4/1,investigation/extracted/v2/01/p4/1/complete.txt,deterministic console extraction (not automatically agent input),python investigation/scripts/analyze.py --batch v2,2,2,2,True,"{""expected_actual"": true, ""location"": true}",2370,46,620,tiktoken 0.14.0 o200k_base,True
01,p4,1,1,True,True,expected: <30> but was: <13>,"mvn -o -B -ntp -Dmaven.repo.local=/Users/hadiranjbar/Downloads/java/token.usage/investigation/.m2 -Pinvestigation,agent-reports -Dtest=FailureCasesTest -Dexperiment.case=01 -Dexperiment.artifactDir=/Users/hadiranjbar/Downloads/java/token.usage/investigation/raw/v2/01/p4/1 -Dexperiment.reportDir=/Users/hadiranjbar/Downloads/java/token.usage/investigation/raw/v2/01/p4/1/reports -Dspring.output.ansi.enabled=never surefire:test",window20,investigation/raw/v2/01/p4/1,investigation/extracted/v2/01/p4/1/window20.txt,deterministic console extraction (not automatically agent input),python investigation/scripts/analyze.py --batch v2,2,2,2,True,"{""expected_actual"": true, ""location"": true}",1094,20,295,tiktoken 0.14.0 o200k_base,True
01,p4,1,1,True,True,expected: <30> but was: <13>,"mvn -o -B -ntp -Dmaven.repo.local=/Users/hadiranjbar/Downloads/java/token.usage/investigation/.m2 -Pinvestigation,agent-reports -Dtest=FailureCasesTest -Dexperiment.case=01 -Dexperiment.artifactDir=/Users/hadiranjbar/Downloads/java/token.usage/investigation/raw/v2/01/p4/1 -Dexperiment.reportDir=/Users/hadiranjbar/Downloads/java/token.usage/investigation/raw/v2/01/p4/1/reports -Dspring.output.ansi.enabled=never surefire:test",filtered40,investigation/raw/v2/01/p4/1,investigation/extracted/v2/01/p4/1/filtered40.txt,deterministic console extraction (not automatically agent input),python investigation/scripts/analyze.py --batch v2,2,2,2,True,"{""expected_actual"": true, ""location"": true}",1713,30,467,tiktoken 0.14.0 o200k_base,True
01,p4,1,1,True,True,expected: <30> but was: <13>,"mvn -o -B -ntp -Dmaven.repo.local=/Users/hadiranjbar/Downloads/java/token.usage/investigation/.m2 -Pinvestigation,agent-reports -Dtest=FailureCasesTest -Dexperiment.case=01 -Dexperiment.artifactDir=/Users/hadiranjbar/Downloads/java/token.usage/investigation/raw/v2/01/p4/1 -Dexperiment.reportDir=/Users/hadiranjbar/Downloads/java/token.usage/investigation/raw/v2/01/p4/1/reports -Dspring.output.ansi.enabled=never surefire:test",boundary,investigation/raw/v2/01/p4/1,investigation/extracted/v2/01/p4/1/boundary.txt,deterministic console extraction (not automatically agent input),python investigation/scripts/analyze.py --batch v2,2,2,2,True,"{""expected_actual"": true, ""location"": true}",399,5,119,tiktoken 0.14.0 o200k_base,True
01,p4,1,1,True,True,expected: <30> but was: <13>,"mvn -o -B -ntp -Dmaven.repo.local=/Users/hadiranjbar/Downloads/java/token.usage/investigation/.m2 -Pinvestigation,agent-reports -Dtest=FailureCasesTest -Dexperiment.case=01 -Dexperiment.artifactDir=/Users/hadiranjbar/Downloads/java/token.usage/investigation/raw/v2/01/p4/1 -Dexperiment.reportDir=/Users/hadiranjbar/Downloads/java/token.usage/investigation/raw/v2/01/p4/1/reports -Dspring.output.ansi.enabled=never surefire:test",dedup,investigation/raw/v2/01/p4/1,investigation/extracted/v2/01/p4/1/dedup.txt,deterministic console extraction (not automatically agent input),python investigation/scripts/analyze.py --batch v2,2,2,2,True,"{""expected_actual"": true, ""location"": true}",399,5,119,tiktoken 0.14.0 o200k_base,True
01,p4,2,1,True,True,expected: <30> but was: <13>,"mvn -o -B -ntp -Dmaven.repo.local=/Users/hadiranjbar/Downloads/java/token.usage/investigation/.m2 -Pinvestigation,agent-reports -Dtest=FailureCasesTest -Dexperiment.case=01 -Dexperiment.artifactDir=/Users/hadiranjbar/Downloads/java/token.usage/investigation/raw/v2/01/p4/2 -Dexperiment.reportDir=/Users/hadiranjbar/Downloads/java/token.usage/investigation/raw/v2/01/p4/2/reports -Dspring.output.ansi.enabled=never surefire:test",complete,investigation/raw/v2/01/p4/2,investigation/extracted/v2/01/p4/2/complete.txt,deterministic console extraction (not automatically agent input),python investigation/scripts/analyze.py --batch v2,2,2,2,True,"{""expected_actual"": true, ""location"": true}",2370,46,620,tiktoken 0.14.0 o200k_base,True
01,p4,2,1,True,True,expected: <30> but was: <13>,"mvn -o -B -ntp -Dmaven.repo.local=/Users/hadiranjbar/Downloads/java/token.usage/investigation/.m2 -Pinvestigation,agent-reports -Dtest=FailureCasesTest -Dexperiment.case=01 -Dexperiment.artifactDir=/Users/hadiranjbar/Downloads/java/token.usage/investigation/raw/v2/01/p4/2 -Dexperiment.reportDir=/Users/hadiranjbar/Downloads/java/token.usage/investigation/raw/v2/01/p4/2/reports -Dspring.output.ansi.enabled=never surefire:test",window20,investigation/raw/v2/01/p4/2,investigation/extracted/v2/01/p4/2/window20.txt,deterministic console extraction (not automatically agent input),python investigation/scripts/analyze.py --batch v2,2,2,2,True,"{""expected_actual"": true, ""location"": true}",1094,20,295,tiktoken 0.14.0 o200k_base,True
01,p4,2,1,True,True,expected: <30> but was: <13>,"mvn -o -B -ntp -Dmaven.repo.local=/Users/hadiranjbar/Downloads/java/token.usage/investigation/.m2 -Pinvestigation,agent-reports -Dtest=FailureCasesTest -Dexperiment.case=01 -Dexperiment.artifactDir=/Users/hadiranjbar/Downloads/java/token.usage/investigation/raw/v2/01/p4/2 -Dexperiment.reportDir=/Users/hadiranjbar/Downloads/java/token.usage/investigation/raw/v2/01/p4/2/reports -Dspring.output.ansi.enabled=never surefire:test",filtered40,investigation/raw/v2/01/p4/2,investigation/extracted/v2/01/p4/2/filtered40.txt,deterministic console extraction (not automatically agent input),python investigation/scripts/analyze.py --batch v2,2,2,2,True,"{""expected_actual"": true, ""location"": true}",1713,30,467,tiktoken 0.14.0 o200k_base,True
01,p4,2,1,True,True,expected: <30> but was: <13>,"mvn -o -B -ntp -Dmaven.repo.local=/Users/hadiranjbar/Downloads/java/token.usage/investigation/.m2 -Pinvestigation,agent-reports -Dtest=FailureCasesTest -Dexperiment.case=01 -Dexperiment.artifactDir=/Users/hadiranjbar/Downloads/java/token.usage/investigation/raw/v2/01/p4/2 -Dexperiment.reportDir=/Users/hadiranjbar/Downloads/java/token.usage/investigation/raw/v2/01/p4/2/reports -Dspring.output.ansi.enabled=never surefire:test",boundary,investigation/raw/v2/01/p4/2,investigation/extracted/v2/01/p4/2/boundary.txt,deterministic console extraction (not automatically agent input),python investigation/scripts/analyze.py --batch v2,2,2,2,True,"{""expected_actual"": true, ""location"": true}",399,5,119,tiktoken 0.14.0 o200k_base,True
01,p4,2,1,True,True,expected: <30> but was: <13>,"mvn -o -B -ntp -Dmaven.repo.local=/Users/hadiranjbar/Downloads/java/token.usage/investigation/.m2 -Pinvestigation,agent-reports -Dtest=FailureCasesTest -Dexperiment.case=01 -Dexperiment.artifactDir=/Users/hadiranjbar/Downloads/java/token.usage/investigation/raw/v2/01/p4/2 -Dexperiment.reportDir=/Users/hadiranjbar/Downloads/java/token.usage/investigation/raw/v2/01/p4/2/reports -Dspring.output.ansi.enabled=never surefire:test",dedup,investigation/raw/v2/01/p4/2,investigation/extracted/v2/01/p4/2/dedup.txt,deterministic console extraction (not automatically agent input),python investigation/scripts/analyze.py --batch v2,2,2,2,True,"{""expected_actual"": true, ""location"": true}",399,5,119,tiktoken 0.14.0 o200k_base,True
01,p4,3,1,True,True,expected: <30> but was: <13>,"mvn -o -B -ntp -Dmaven.repo.local=/Users/hadiranjbar/Downloads/java/token.usage/investigation/.m2 -Pinvestigation,agent-reports -Dtest=FailureCasesTest -Dexperiment.case=01 -Dexperiment.artifactDir=/Users/hadiranjbar/Downloads/java/token.usage/investigation/raw/v2/01/p4/3 -Dexperiment.reportDir=/Users/hadiranjbar/Downloads/java/token.usage/investigation/raw/v2/01/p4/3/reports -Dspring.output.ansi.enabled=never surefire:test",complete,investigation/raw/v2/01/p4/3,investigation/extracted/v2/01/p4/3/complete.txt,deterministic console extraction (not automatically agent input),python investigation/scripts/analyze.py --batch v2,2,2,2,True,"{""expected_actual"": true, ""location"": true}",2370,46,620,tiktoken 0.14.0 o200k_base,True
01,p4,3,1,True,True,expected: <30> but was: <13>,"mvn -o -B -ntp -Dmaven.repo.local=/Users/hadiranjbar/Downloads/java/token.usage/investigation/.m2 -Pinvestigation,agent-reports -Dtest=FailureCasesTest -Dexperiment.case=01 -Dexperiment.artifactDir=/Users/hadiranjbar/Downloads/java/token.usage/investigation/raw/v2/01/p4/3 -Dexperiment.reportDir=/Users/hadiranjbar/Downloads/java/token.usage/investigation/raw/v2/01/p4/3/reports -Dspring.output.ansi.enabled=never surefire:test",window20,investigation/raw/v2/01/p4/3,investigation/extracted/v2/01/p4/3/window20.txt,deterministic console extraction (not automatically agent input),python investigation/scripts/analyze.py --batch v2,2,2,2,True,"{""expected_actual"": true, ""location"": true}",1094,20,295,tiktoken 0.14.0 o200k_base,True
01,p4,3,1,True,True,expected: <30> but was: <13>,"mvn -o -B -ntp -Dmaven.repo.local=/Users/hadiranjbar/Downloads/java/token.usage/investigation/.m2 -Pinvestigation,agent-reports -Dtest=FailureCasesTest -Dexperiment.case=01 -Dexperiment.artifactDir=/Users/hadiranjbar/Downloads/java/token.usage/investigation/raw/v2/01/p4/3 -Dexperiment.reportDir=/Users/hadiranjbar/Downloads/java/token.usage/investigation/raw/v2/01/p4/3/reports -Dspring.output.ansi.enabled=never surefire:test",filtered40,investigation/raw/v2/01/p4/3,investigation/extracted/v2/01/p4/3/filtered40.txt,deterministic console extraction (not automatically agent input),python investigation/scripts/analyze.py --batch v2,2,2,2,True,"{""expected_actual"": true, ""location"": true}",1713,30,467,tiktoken 0.14.0 o200k_base,True
01,p4,3,1,True,True,expected: <30> but was: <13>,"mvn -o -B -ntp -Dmaven.repo.local=/Users/hadiranjbar/Downloads/java/token.usage/investigation/.m2 -Pinvestigation,agent-reports -Dtest=FailureCasesTest -Dexperiment.case=01 -Dexperiment.artifactDir=/Users/hadiranjbar/Downloads/java/token.usage/investigation/raw/v2/01/p4/3 -Dexperiment.reportDir=/Users/hadiranjbar/Downloads/java/token.usage/investigation/raw/v2/01/p4/3/reports -Dspring.output.ansi.enabled=never surefire:test",boundary,investigation/raw/v2/01/p4/3,investigation/extracted/v2/01/p4/3/boundary.txt,deterministic console extraction (not automatically agent input),python investigation/scripts/analyze.py --batch v2,2,2,2,True,"{""expected_actual"": true, ""location"": true}",399,5,119,tiktoken 0.14.0 o200k_base,True
01,p4,3,1,True,True,expected: <30> but was: <13>,"mvn -o -B -ntp -Dmaven.repo.local=/Users/hadiranjbar/Downloads/java/token.usage/investigation/.m2 -Pinvestigation,agent-reports -Dtest=FailureCasesTest -Dexperiment.case=01 -Dexperiment.artifactDir=/Users/hadiranjbar/Downloads/java/token.usage/investigation/raw/v2/01/p4/3 -Dexperiment.reportDir=/Users/hadiranjbar/Downloads/java/token.usage/investigation/raw/v2/01/p4/3/reports -Dspring.output.ansi.enabled=never surefire:test",dedup,investigation/raw/v2/01/p4/3,investigation/extracted/v2/01/p4/3/dedup.txt,deterministic console extraction (not automatically agent input),python investigation/scripts/analyze.py --batch v2,2,2,2,True,"{""expected_actual"": true, ""location"": true}",399,5,119,tiktoken 0.14.0 o200k_base,True
02,agent,1,1,True,True,cannot initialize client,"mvn -o -B -ntp -Dmaven.repo.local=/Users/hadiranjbar/Downloads/java/token.usage/investigation/.m2 -Pinvestigation,agent-reports -Dtest=FailureCasesTest -Dexperiment.case=02 -Dexperiment.artifactDir=/Users/hadiranjbar/Downloads/java/token.usage/investigation/raw/v2/02/agent/1 -Dexperiment.reportDir=/Users/hadiranjbar/Downloads/java/token.usage/investigation/raw/v2/02/agent/1/reports -Dspring.output.ansi.enabled=never -Dspring.profiles.active=agent -Dexperiment.deduplicate=true surefire:test",complete,investigation/raw/v2/02/agent/1,investigation/extracted/v2/02/agent/1/complete.txt,deterministic console extraction (not automatically agent input),python investigation/scripts/analyze.py --batch v2,3,5,5,True,"{""cause"": true, ""location"": true, ""outer"": true, ""root"": true, ""suppressed"": true}",5389,89,1523,tiktoken 0.14.0 o200k_base,True
02,agent,1,1,True,True,cannot initialize client,"mvn -o -B -ntp -Dmaven.repo.local=/Users/hadiranjbar/Downloads/java/token.usage/investigation/.m2 -Pinvestigation,agent-reports -Dtest=FailureCasesTest -Dexperiment.case=02 -Dexperiment.artifactDir=/Users/hadiranjbar/Downloads/java/token.usage/investigation/raw/v2/02/agent/1 -Dexperiment.reportDir=/Users/hadiranjbar/Downloads/java/token.usage/investigation/raw/v2/02/agent/1/reports -Dspring.output.ansi.enabled=never -Dspring.profiles.active=agent -Dexperiment.deduplicate=true surefire:test",window20,investigation/raw/v2/02/agent/1,investigation/extracted/v2/02/agent/1/window20.txt,deterministic console extraction (not automatically agent input),python investigation/scripts/analyze.py --batch v2,3,5,5,True,"{""cause"": true, ""location"": true, ""outer"": true, ""root"": true, ""suppressed"": true}",1411,20,372,tiktoken 0.14.0 o200k_base,True
02,agent,1,1,True,True,cannot initialize client,"mvn -o -B -ntp -Dmaven.repo.local=/Users/hadiranjbar/Downloads/java/token.usage/investigation/.m2 -Pinvestigation,agent-reports -Dtest=FailureCasesTest -Dexperiment.case=02 -Dexperiment.artifactDir=/Users/hadiranjbar/Downloads/java/token.usage/investigation/raw/v2/02/agent/1 -Dexperiment.reportDir=/Users/hadiranjbar/Downloads/java/token.usage/investigation/raw/v2/02/agent/1/reports -Dspring.output.ansi.enabled=never -Dspring.profiles.active=agent -Dexperiment.deduplicate=true surefire:test",filtered40,investigation/raw/v2/02/agent/1,investigation/extracted/v2/02/agent/1/filtered40.txt,deterministic console extraction (not automatically agent input),python investigation/scripts/analyze.py --batch v2,3,5,5,True,"{""cause"": true, ""location"": true, ""outer"": true, ""root"": true, ""suppressed"": true}",1718,31,467,tiktoken 0.14.0 o200k_base,True
02,agent,1,1,True,True,cannot initialize client,"mvn -o -B -ntp -Dmaven.repo.local=/Users/hadiranjbar/Downloads/java/token.usage/investigation/.m2 -Pinvestigation,agent-reports -Dtest=FailureCasesTest -Dexperiment.case=02 -Dexperiment.artifactDir=/Users/hadiranjbar/Downloads/java/token.usage/investigation/raw/v2/02/agent/1 -Dexperiment.reportDir=/Users/hadiranjbar/Downloads/java/token.usage/investigation/raw/v2/02/agent/1/reports -Dspring.output.ansi.enabled=never -Dspring.profiles.active=agent -Dexperiment.deduplicate=true surefire:test",boundary,investigation/raw/v2/02/agent/1,investigation/extracted/v2/02/agent/1/boundary.txt,deterministic console extraction (not automatically agent input),python investigation/scripts/analyze.py --batch v2,3,5,5,True,"{""cause"": true, ""location"": true, ""outer"": true, ""root"": true, ""suppressed"": true}",2344,35,628,tiktoken 0.14.0 o200k_base,True
02,agent,1,1,True,True,cannot initialize client,"mvn -o -B -ntp -Dmaven.repo.local=/Users/hadiranjbar/Downloads/java/token.usage/investigation/.m2 -Pinvestigation,agent-reports -Dtest=FailureCasesTest -Dexperiment.case=02 -Dexperiment.artifactDir=/Users/hadiranjbar/Downloads/java/token.usage/investigation/raw/v2/02/agent/1 -Dexperiment.reportDir=/Users/hadiranjbar/Downloads/java/token.usage/investigation/raw/v2/02/agent/1/reports -Dspring.output.ansi.enabled=never -Dspring.profiles.active=agent -Dexperiment.deduplicate=true surefire:test",dedup,investigation/raw/v2/02/agent/1,investigation/extracted/v2/02/agent/1/dedup.txt,deterministic console extraction (not automatically agent input),python investigation/scripts/analyze.py --batch v2,3,5,5,True,"{""cause"": true, ""location"": true, ""outer"": true, ""root"": true, ""suppressed"": true}",2344,35,628,tiktoken 0.14.0 o200k_base,True
02,agent,2,1,True,True,cannot initialize client,"mvn -o -B -ntp -Dmaven.repo.local=/Users/hadiranjbar/Downloads/java/token.usage/investigation/.m2 -Pinvestigation,agent-reports -Dtest=FailureCasesTest -Dexperiment.case=02 -Dexperiment.artifactDir=/Users/hadiranjbar/Downloads/java/token.usage/investigation/raw/v2/02/agent/2 -Dexperiment.reportDir=/Users/hadiranjbar/Downloads/java/token.usage/investigation/raw/v2/02/agent/2/reports -Dspring.output.ansi.enabled=never -Dspring.profiles.active=agent -Dexperiment.deduplicate=true surefire:test",complete,investigation/raw/v2/02/agent/2,investigation/extracted/v2/02/agent/2/complete.txt,deterministic console extraction (not automatically agent input),python investigation/scripts/analyze.py --batch v2,3,5,5,True,"{""cause"": true, ""location"": true, ""outer"": true, ""root"": true, ""suppressed"": true}",5389,89,1523,tiktoken 0.14.0 o200k_base,True
02,agent,2,1,True,True,cannot initialize client,"mvn -o -B -ntp -Dmaven.repo.local=/Users/hadiranjbar/Downloads/java/token.usage/investigation/.m2 -Pinvestigation,agent-reports -Dtest=FailureCasesTest -Dexperiment.case=02 -Dexperiment.artifactDir=/Users/hadiranjbar/Downloads/java/token.usage/investigation/raw/v2/02/agent/2 -Dexperiment.reportDir=/Users/hadiranjbar/Downloads/java/token.usage/investigation/raw/v2/02/agent/2/reports -Dspring.output.ansi.enabled=never -Dspring.profiles.active=agent -Dexperiment.deduplicate=true surefire:test",window20,investigation/raw/v2/02/agent/2,investigation/extracted/v2/02/agent/2/window20.txt,deterministic console extraction (not automatically agent input),python investigation/scripts/analyze.py --batch v2,3,5,5,True,"{""cause"": true, ""location"": true, ""outer"": true, ""root"": true, ""suppressed"": true}",1411,20,372,tiktoken 0.14.0 o200k_base,True
02,agent,2,1,True,True,cannot initialize client,"mvn -o -B -ntp -Dmaven.repo.local=/Users/hadiranjbar/Downloads/java/token.usage/investigation/.m2 -Pinvestigation,agent-reports -Dtest=FailureCasesTest -Dexperiment.case=02 -Dexperiment.artifactDir=/Users/hadiranjbar/Downloads/java/token.usage/investigation/raw/v2/02/agent/2 -Dexperiment.reportDir=/Users/hadiranjbar/Downloads/java/token.usage/investigation/raw/v2/02/agent/2/reports -Dspring.output.ansi.enabled=never -Dspring.profiles.active=agent -Dexperiment.deduplicate=true surefire:test",filtered40,investigation/raw/v2/02/agent/2,investigation/extracted/v2/02/agent/2/filtered40.txt,deterministic console extraction (not automatically agent input),python investigation/scripts/analyze.py --batch v2,3,5,5,True,"{""cause"": true, ""location"": true, ""outer"": true, ""root"": true, ""suppressed"": true}",1718,31,467,tiktoken 0.14.0 o200k_base,True
02,agent,2,1,True,True,cannot initialize client,"mvn -o -B -ntp -Dmaven.repo.local=/Users/hadiranjbar/Downloads/java/token.usage/investigation/.m2 -Pinvestigation,agent-reports -Dtest=FailureCasesTest -Dexperiment.case=02 -Dexperiment.artifactDir=/Users/hadiranjbar/Downloads/java/token.usage/investigation/raw/v2/02/agent/2 -Dexperiment.reportDir=/Users/hadiranjbar/Downloads/java/token.usage/investigation/raw/v2/02/agent/2/reports -Dspring.output.ansi.enabled=never -Dspring.profiles.active=agent -Dexperiment.deduplicate=true surefire:test",boundary,investigation/raw/v2/02/agent/2,investigation/extracted/v2/02/agent/2/boundary.txt,deterministic console extraction (not automatically agent input),python investigation/scripts/analyze.py --batch v2,3,5,5,True,"{""cause"": true, ""location"": true, ""outer"": true, ""root"": true, ""suppressed"": true}",2344,35,628,tiktoken 0.14.0 o200k_base,True
02,agent,2,1,True,True,cannot initialize client,"mvn -o -B -ntp -Dmaven.repo.local=/Users/hadiranjbar/Downloads/java/token.usage/investigation/.m2 -Pinvestigation,agent-reports -Dtest=FailureCasesTest -Dexperiment.case=02 -Dexperiment.artifactDir=/Users/hadiranjbar/Downloads/java/token.usage/investigation/raw/v2/02/agent/2 -Dexperiment.reportDir=/Users/hadiranjbar/Downloads/java/token.usage/investigation/raw/v2/02/agent/2/reports -Dspring.output.ansi.enabled=never -Dspring.profiles.active=agent -Dexperiment.deduplicate=true surefire:test",dedup,investigation/raw/v2/02/agent/2,investigation/extracted/v2/02/agent/2/dedup.txt,deterministic console extraction (not automatically agent input),python investigation/scripts/analyze.py --batch v2,3,5,5,True,"{""cause"": true, ""location"": true, ""outer"": true, ""root"": true, ""suppressed"": true}",2344,35,628,tiktoken 0.14.0 o200k_base,True
02,agent,3,1,True,True,cannot initialize client,"mvn -o -B -ntp -Dmaven.repo.local=/Users/hadiranjbar/Downloads/java/token.usage/investigation/.m2 -Pinvestigation,agent-reports -Dtest=FailureCasesTest -Dexperiment.case=02 -Dexperiment.artifactDir=/Users/hadiranjbar/Downloads/java/token.usage/investigation/raw/v2/02/agent/3 -Dexperiment.reportDir=/Users/hadiranjbar/Downloads/java/token.usage/investigation/raw/v2/02/agent/3/reports -Dspring.output.ansi.enabled=never -Dspring.profiles.active=agent -Dexperiment.deduplicate=true surefire:test",complete,investigation/raw/v2/02/agent/3,investigation/extracted/v2/02/agent/3/complete.txt,deterministic console extraction (not automatically agent input),python investigation/scripts/analyze.py --batch v2,3,5,5,True,"{""cause"": true, ""location"": true, ""outer"": true, ""root"": true, ""suppressed"": true}",5389,89,1523,tiktoken 0.14.0 o200k_base,True
02,agent,3,1,True,True,cannot initialize client,"mvn -o -B -ntp -Dmaven.repo.local=/Users/hadiranjbar/Downloads/java/token.usage/investigation/.m2 -Pinvestigation,agent-reports -Dtest=FailureCasesTest -Dexperiment.case=02 -Dexperiment.artifactDir=/Users/hadiranjbar/Downloads/java/token.usage/investigation/raw/v2/02/agent/3 -Dexperiment.reportDir=/Users/hadiranjbar/Downloads/java/token.usage/investigation/raw/v2/02/agent/3/reports -Dspring.output.ansi.enabled=never -Dspring.profiles.active=agent -Dexperiment.deduplicate=true surefire:test",window20,investigation/raw/v2/02/agent/3,investigation/extracted/v2/02/agent/3/window20.txt,deterministic console extraction (not automatically agent input),python investigation/scripts/analyze.py --batch v2,3,5,5,True,"{""cause"": true, ""location"": true, ""outer"": true, ""root"": true, ""suppressed"": true}",1411,20,372,tiktoken 0.14.0 o200k_base,True
02,agent,3,1,True,True,cannot initialize client,"mvn -o -B -ntp -Dmaven.repo.local=/Users/hadiranjbar/Downloads/java/token.usage/investigation/.m2 -Pinvestigation,agent-reports -Dtest=FailureCasesTest -Dexperiment.case=02 -Dexperiment.artifactDir=/Users/hadiranjbar/Downloads/java/token.usage/investigation/raw/v2/02/agent/3 -Dexperiment.reportDir=/Users/hadiranjbar/Downloads/java/token.usage/investigation/raw/v2/02/agent/3/reports -Dspring.output.ansi.enabled=never -Dspring.profiles.active=agent -Dexperiment.deduplicate=true surefire:test",filtered40,investigation/raw/v2/02/agent/3,investigation/extracted/v2/02/agent/3/filtered40.txt,deterministic console extraction (not automatically agent input),python investigation/scripts/analyze.py --batch v2,3,5,5,True,"{""cause"": true, ""location"": true, ""outer"": true, ""root"": true, ""suppressed"": true}",1718,31,467,tiktoken 0.14.0 o200k_base,True
02,agent,3,1,True,True,cannot initialize client,"mvn -o -B -ntp -Dmaven.repo.local=/Users/hadiranjbar/Downloads/java/token.usage/investigation/.m2 -Pinvestigation,agent-reports -Dtest=FailureCasesTest -Dexperiment.case=02 -Dexperiment.artifactDir=/Users/hadiranjbar/Downloads/java/token.usage/investigation/raw/v2/02/agent/3 -Dexperiment.reportDir=/Users/hadiranjbar/Downloads/java/token.usage/investigation/raw/v2/02/agent/3/reports -Dspring.output.ansi.enabled=never -Dspring.profiles.active=agent -Dexperiment.deduplicate=true surefire:test",boundary,investigation/raw/v2/02/agent/3,investigation/extracted/v2/02/agent/3/boundary.txt,deterministic console extraction (not automatically agent input),python investigation/scripts/analyze.py --batch v2,3,5,5,True,"{""cause"": true, ""location"": true, ""outer"": true, ""root"": true, ""suppressed"": true}",2344,35,628,tiktoken 0.14.0 o200k_base,True
02,agent,3,1,True,True,cannot initialize client,"mvn -o -B -ntp -Dmaven.repo.local=/Users/hadiranjbar/Downloads/java/token.usage/investigation/.m2 -Pinvestigation,agent-reports -Dtest=FailureCasesTest -Dexperiment.case=02 -Dexperiment.artifactDir=/Users/hadiranjbar/Downloads/java/token.usage/investigation/raw/v2/02/agent/3 -Dexperiment.reportDir=/Users/hadiranjbar/Downloads/java/token.usage/investigation/raw/v2/02/agent/3/reports -Dspring.output.ansi.enabled=never -Dspring.profiles.active=agent -Dexperiment.deduplicate=true surefire:test",dedup,investigation/raw/v2/02/agent/3,investigation/extracted/v2/02/agent/3/dedup.txt,deterministic console extraction (not automatically agent input),python investigation/scripts/analyze.py --batch v2,3,5,5,True,"{""cause"": true, ""location"": true, ""outer"": true, ""root"": true, ""suppressed"": true}",2344,35,628,tiktoken 0.14.0 o200k_base,True
02,default,1,1,True,True,cannot initialize client,mvn -o -B -ntp -Dmaven.repo.local=/Users/hadiranjbar/Downloads/java/token.usage/investigation/.m2 -Pinvestigation -Dtest=FailureCasesTest -Dexperiment.case=02 -Dexperiment.artifactDir=/Users/hadiranjbar/Downloads/java/token.usage/investigation/raw/v2/02/default/1 -Dexperiment.reportDir=/Users/hadiranjbar/Downloads/java/token.usage/investigation/raw/v2/02/default/1/reports -Dspring.output.ansi.enabled=never surefire:test,complete,investigation/raw/v2/02/default/1,investigation/extracted/v2/02/default/1/complete.txt,deterministic console extraction (not automatically agent input),python investigation/scripts/analyze.py --batch v2,3,5,5,True,"{""cause"": true, ""location"": true, ""outer"": true, ""root"": true, ""suppressed"": true}",16987,174,4799,tiktoken 0.14.0 o200k_base,True
02,default,1,1,True,True,cannot initialize client,mvn -o -B -ntp -Dmaven.repo.local=/Users/hadiranjbar/Downloads/java/token.usage/investigation/.m2 -Pinvestigation -Dtest=FailureCasesTest -Dexperiment.case=02 -Dexperiment.artifactDir=/Users/hadiranjbar/Downloads/java/token.usage/investigation/raw/v2/02/default/1 -Dexperiment.reportDir=/Users/hadiranjbar/Downloads/java/token.usage/investigation/raw/v2/02/default/1/reports -Dspring.output.ansi.enabled=never surefire:test,window20,investigation/raw/v2/02/default/1,investigation/extracted/v2/02/default/1/window20.txt,deterministic console extraction (not automatically agent input),python investigation/scripts/analyze.py --batch v2,3,2,5,False,"{""cause"": false, ""location"": true, ""outer"": true, ""root"": false, ""suppressed"": false}",2543,20,691,tiktoken 0.14.0 o200k_base,True
02,default,1,1,True,True,cannot initialize client,mvn -o -B -ntp -Dmaven.repo.local=/Users/hadiranjbar/Downloads/java/token.usage/investigation/.m2 -Pinvestigation -Dtest=FailureCasesTest -Dexperiment.case=02 -Dexperiment.artifactDir=/Users/hadiranjbar/Downloads/java/token.usage/investigation/raw/v2/02/default/1 -Dexperiment.reportDir=/Users/hadiranjbar/Downloads/java/token.usage/investigation/raw/v2/02/default/1/reports -Dspring.output.ansi.enabled=never surefire:test,filtered40,investigation/raw/v2/02/default/1,investigation/extracted/v2/02/default/1/filtered40.txt,deterministic console extraction (not automatically agent input),python investigation/scripts/analyze.py --batch v2,3,2,5,False,"{""cause"": false, ""location"": true, ""outer"": true, ""root"": false, ""suppressed"": false}",381,5,107,tiktoken 0.14.0 o200k_base,True
02,default,1,1,True,True,cannot initialize client,mvn -o -B -ntp -Dmaven.repo.local=/Users/hadiranjbar/Downloads/java/token.usage/investigation/.m2 -Pinvestigation -Dtest=FailureCasesTest -Dexperiment.case=02 -Dexperiment.artifactDir=/Users/hadiranjbar/Downloads/java/token.usage/investigation/raw/v2/02/default/1 -Dexperiment.reportDir=/Users/hadiranjbar/Downloads/java/token.usage/investigation/raw/v2/02/default/1/reports -Dspring.output.ansi.enabled=never surefire:test,boundary,investigation/raw/v2/02/default/1,investigation/extracted/v2/02/default/1/boundary.txt,deterministic console extraction (not automatically agent input),python investigation/scripts/analyze.py --batch v2,3,5,5,True,"{""cause"": true, ""location"": true, ""outer"": true, ""root"": true, ""suppressed"": true}",14079,120,3973,tiktoken 0.14.0 o200k_base,True
02,default,1,1,True,True,cannot initialize client,mvn -o -B -ntp -Dmaven.repo.local=/Users/hadiranjbar/Downloads/java/token.usage/investigation/.m2 -Pinvestigation -Dtest=FailureCasesTest -Dexperiment.case=02 -Dexperiment.artifactDir=/Users/hadiranjbar/Downloads/java/token.usage/investigation/raw/v2/02/default/1 -Dexperiment.reportDir=/Users/hadiranjbar/Downloads/java/token.usage/investigation/raw/v2/02/default/1/reports -Dspring.output.ansi.enabled=never surefire:test,dedup,investigation/raw/v2/02/default/1,investigation/extracted/v2/02/default/1/dedup.txt,deterministic console extraction (not automatically agent input),python investigation/scripts/analyze.py --batch v2,3,5,5,True,"{""cause"": true, ""location"": true, ""outer"": true, ""root"": true, ""suppressed"": true}",14079,120,3973,tiktoken 0.14.0 o200k_base,True
02,default,2,1,True,True,cannot initialize client,mvn -o -B -ntp -Dmaven.repo.local=/Users/hadiranjbar/Downloads/java/token.usage/investigation/.m2 -Pinvestigation -Dtest=FailureCasesTest -Dexperiment.case=02 -Dexperiment.artifactDir=/Users/hadiranjbar/Downloads/java/token.usage/investigation/raw/v2/02/default/2 -Dexperiment.reportDir=/Users/hadiranjbar/Downloads/java/token.usage/investigation/raw/v2/02/default/2/reports -Dspring.output.ansi.enabled=never surefire:test,complete,investigation/raw/v2/02/default/2,investigation/extracted/v2/02/default/2/complete.txt,deterministic console extraction (not automatically agent input),python investigation/scripts/analyze.py --batch v2,3,5,5,True,"{""cause"": true, ""location"": true, ""outer"": true, ""root"": true, ""suppressed"": true}",16987,174,4799,tiktoken 0.14.0 o200k_base,True
02,default,2,1,True,True,cannot initialize client,mvn -o -B -ntp -Dmaven.repo.local=/Users/hadiranjbar/Downloads/java/token.usage/investigation/.m2 -Pinvestigation -Dtest=FailureCasesTest -Dexperiment.case=02 -Dexperiment.artifactDir=/Users/hadiranjbar/Downloads/java/token.usage/investigation/raw/v2/02/default/2 -Dexperiment.reportDir=/Users/hadiranjbar/Downloads/java/token.usage/investigation/raw/v2/02/default/2/reports -Dspring.output.ansi.enabled=never surefire:test,window20,investigation/raw/v2/02/default/2,investigation/extracted/v2/02/default/2/window20.txt,deterministic console extraction (not automatically agent input),python investigation/scripts/analyze.py --batch v2,3,2,5,False,"{""cause"": false, ""location"": true, ""outer"": true, ""root"": false, ""suppressed"": false}",2543,20,691,tiktoken 0.14.0 o200k_base,True
02,default,2,1,True,True,cannot initialize client,mvn -o -B -ntp -Dmaven.repo.local=/Users/hadiranjbar/Downloads/java/token.usage/investigation/.m2 -Pinvestigation -Dtest=FailureCasesTest -Dexperiment.case=02 -Dexperiment.artifactDir=/Users/hadiranjbar/Downloads/java/token.usage/investigation/raw/v2/02/default/2 -Dexperiment.reportDir=/Users/hadiranjbar/Downloads/java/token.usage/investigation/raw/v2/02/default/2/reports -Dspring.output.ansi.enabled=never surefire:test,filtered40,investigation/raw/v2/02/default/2,investigation/extracted/v2/02/default/2/filtered40.txt,deterministic console extraction (not automatically agent input),python investigation/scripts/analyze.py --batch v2,3,2,5,False,"{""cause"": false, ""location"": true, ""outer"": true, ""root"": false, ""suppressed"": false}",381,5,107,tiktoken 0.14.0 o200k_base,True
02,default,2,1,True,True,cannot initialize client,mvn -o -B -ntp -Dmaven.repo.local=/Users/hadiranjbar/Downloads/java/token.usage/investigation/.m2 -Pinvestigation -Dtest=FailureCasesTest -Dexperiment.case=02 -Dexperiment.artifactDir=/Users/hadiranjbar/Downloads/java/token.usage/investigation/raw/v2/02/default/2 -Dexperiment.reportDir=/Users/hadiranjbar/Downloads/java/token.usage/investigation/raw/v2/02/default/2/reports -Dspring.output.ansi.enabled=never surefire:test,boundary,investigation/raw/v2/02/default/2,investigation/extracted/v2/02/default/2/boundary.txt,deterministic console extraction (not automatically agent input),python investigation/scripts/analyze.py --batch v2,3,5,5,True,"{""cause"": true, ""location"": true, ""outer"": true, ""root"": true, ""suppressed"": true}",14079,120,3973,tiktoken 0.14.0 o200k_base,True
02,default,2,1,True,True,cannot initialize client,mvn -o -B -ntp -Dmaven.repo.local=/Users/hadiranjbar/Downloads/java/token.usage/investigation/.m2 -Pinvestigation -Dtest=FailureCasesTest -Dexperiment.case=02 -Dexperiment.artifactDir=/Users/hadiranjbar/Downloads/java/token.usage/investigation/raw/v2/02/default/2 -Dexperiment.reportDir=/Users/hadiranjbar/Downloads/java/token.usage/investigation/raw/v2/02/default/2/reports -Dspring.output.ansi.enabled=never surefire:test,dedup,investigation/raw/v2/02/default/2,investigation/extracted/v2/02/default/2/dedup.txt,deterministic console extraction (not automatically agent input),python investigation/scripts/analyze.py --batch v2,3,5,5,True,"{""cause"": true, ""location"": true, ""outer"": true, ""root"": true, ""suppressed"": true}",14079,120,3973,tiktoken 0.14.0 o200k_base,True
02,default,3,1,True,True,cannot initialize client,mvn -o -B -ntp -Dmaven.repo.local=/Users/hadiranjbar/Downloads/java/token.usage/investigation/.m2 -Pinvestigation -Dtest=FailureCasesTest -Dexperiment.case=02 -Dexperiment.artifactDir=/Users/hadiranjbar/Downloads/java/token.usage/investigation/raw/v2/02/default/3 -Dexperiment.reportDir=/Users/hadiranjbar/Downloads/java/token.usage/investigation/raw/v2/02/default/3/reports -Dspring.output.ansi.enabled=never surefire:test,complete,investigation/raw/v2/02/default/3,investigation/extracted/v2/02/default/3/complete.txt,deterministic console extraction (not automatically agent input),python investigation/scripts/analyze.py --batch v2,3,5,5,True,"{""cause"": true, ""location"": true, ""outer"": true, ""root"": true, ""suppressed"": true}",16987,174,4799,tiktoken 0.14.0 o200k_base,True
02,default,3,1,True,True,cannot initialize client,mvn -o -B -ntp -Dmaven.repo.local=/Users/hadiranjbar/Downloads/java/token.usage/investigation/.m2 -Pinvestigation -Dtest=FailureCasesTest -Dexperiment.case=02 -Dexperiment.artifactDir=/Users/hadiranjbar/Downloads/java/token.usage/investigation/raw/v2/02/default/3 -Dexperiment.reportDir=/Users/hadiranjbar/Downloads/java/token.usage/investigation/raw/v2/02/default/3/reports -Dspring.output.ansi.enabled=never surefire:test,window20,investigation/raw/v2/02/default/3,investigation/extracted/v2/02/default/3/window20.txt,deterministic console extraction (not automatically agent input),python investigation/scripts/analyze.py --batch v2,3,2,5,False,"{""cause"": false, ""location"": true, ""outer"": true, ""root"": false, ""suppressed"": false}",2543,20,691,tiktoken 0.14.0 o200k_base,True
02,default,3,1,True,True,cannot initialize client,mvn -o -B -ntp -Dmaven.repo.local=/Users/hadiranjbar/Downloads/java/token.usage/investigation/.m2 -Pinvestigation -Dtest=FailureCasesTest -Dexperiment.case=02 -Dexperiment.artifactDir=/Users/hadiranjbar/Downloads/java/token.usage/investigation/raw/v2/02/default/3 -Dexperiment.reportDir=/Users/hadiranjbar/Downloads/java/token.usage/investigation/raw/v2/02/default/3/reports -Dspring.output.ansi.enabled=never surefire:test,filtered40,investigation/raw/v2/02/default/3,investigation/extracted/v2/02/default/3/filtered40.txt,deterministic console extraction (not automatically agent input),python investigation/scripts/analyze.py --batch v2,3,2,5,False,"{""cause"": false, ""location"": true, ""outer"": true, ""root"": false, ""suppressed"": false}",381,5,107,tiktoken 0.14.0 o200k_base,True
02,default,3,1,True,True,cannot initialize client,mvn -o -B -ntp -Dmaven.repo.local=/Users/hadiranjbar/Downloads/java/token.usage/investigation/.m2 -Pinvestigation -Dtest=FailureCasesTest -Dexperiment.case=02 -Dexperiment.artifactDir=/Users/hadiranjbar/Downloads/java/token.usage/investigation/raw/v2/02/default/3 -Dexperiment.reportDir=/Users/hadiranjbar/Downloads/java/token.usage/investigation/raw/v2/02/default/3/reports -Dspring.output.ansi.enabled=never surefire:test,boundary,investigation/raw/v2/02/default/3,investigation/extracted/v2/02/default/3/boundary.txt,deterministic console extraction (not automatically agent input),python investigation/scripts/analyze.py --batch v2,3,5,5,True,"{""cause"": true, ""location"": true, ""outer"": true, ""root"": true, ""suppressed"": true}",14079,120,3973,tiktoken 0.14.0 o200k_base,True
02,default,3,1,True,True,cannot initialize client,mvn -o -B -ntp -Dmaven.repo.local=/Users/hadiranjbar/Downloads/java/token.usage/investigation/.m2 -Pinvestigation -Dtest=FailureCasesTest -Dexperiment.case=02 -Dexperiment.artifactDir=/Users/hadiranjbar/Downloads/java/token.usage/investigation/raw/v2/02/default/3 -Dexperiment.reportDir=/Users/hadiranjbar/Downloads/java/token.usage/investigation/raw/v2/02/default/3/reports -Dspring.output.ansi.enabled=never surefire:test,dedup,investigation/raw/v2/02/default/3,investigation/extracted/v2/02/default/3/dedup.txt,deterministic console extraction (not automatically agent input),python investigation/scripts/analyze.py --batch v2,3,5,5,True,"{""cause"": true, ""location"": true, ""outer"": true, ""root"": true, ""suppressed"": true}",14079,120,3973,tiktoken 0.14.0 o200k_base,True
02,p1,1,1,True,True,cannot initialize client,mvn -o -B -ntp -Dmaven.repo.local=/Users/hadiranjbar/Downloads/java/token.usage/investigation/.m2 -Pinvestigation -Dtest=FailureCasesTest -Dexperiment.case=02 -Dexperiment.artifactDir=/Users/hadiranjbar/Downloads/java/token.usage/investigation/raw/v2/02/p1/1 -Dexperiment.reportDir=/Users/hadiranjbar/Downloads/java/token.usage/investigation/raw/v2/02/p1/1/reports -Dspring.output.ansi.enabled=never -Dspring.profiles.active=p1 surefire:test,complete,investigation/raw/v2/02/p1/1,investigation/extracted/v2/02/p1/1/complete.txt,deterministic console extraction (not automatically agent input),python investigation/scripts/analyze.py --batch v2,3,5,5,True,"{""cause"": true, ""location"": true, ""outer"": true, ""root"": true, ""suppressed"": true}",16767,174,4732,tiktoken 0.14.0 o200k_base,True
02,p1,1,1,True,True,cannot initialize client,mvn -o -B -ntp -Dmaven.repo.local=/Users/hadiranjbar/Downloads/java/token.usage/investigation/.m2 -Pinvestigation -Dtest=FailureCasesTest -Dexperiment.case=02 -Dexperiment.artifactDir=/Users/hadiranjbar/Downloads/java/token.usage/investigation/raw/v2/02/p1/1 -Dexperiment.reportDir=/Users/hadiranjbar/Downloads/java/token.usage/investigation/raw/v2/02/p1/1/reports -Dspring.output.ansi.enabled=never -Dspring.profiles.active=p1 surefire:test,window20,investigation/raw/v2/02/p1/1,investigation/extracted/v2/02/p1/1/window20.txt,deterministic console extraction (not automatically agent input),python investigation/scripts/analyze.py --batch v2,3,2,5,False,"{""cause"": false, ""location"": true, ""outer"": true, ""root"": false, ""suppressed"": false}",2481,20,669,tiktoken 0.14.0 o200k_base,True
02,p1,1,1,True,True,cannot initialize client,mvn -o -B -ntp -Dmaven.repo.local=/Users/hadiranjbar/Downloads/java/token.usage/investigation/.m2 -Pinvestigation -Dtest=FailureCasesTest -Dexperiment.case=02 -Dexperiment.artifactDir=/Users/hadiranjbar/Downloads/java/token.usage/investigation/raw/v2/02/p1/1 -Dexperiment.reportDir=/Users/hadiranjbar/Downloads/java/token.usage/investigation/raw/v2/02/p1/1/reports -Dspring.output.ansi.enabled=never -Dspring.profiles.active=p1 surefire:test,filtered40,investigation/raw/v2/02/p1/1,investigation/extracted/v2/02/p1/1/filtered40.txt,deterministic console extraction (not automatically agent input),python investigation/scripts/analyze.py --batch v2,3,2,5,False,"{""cause"": false, ""location"": true, ""outer"": true, ""root"": false, ""suppressed"": false}",319,5,85,tiktoken 0.14.0 o200k_base,True
02,p1,1,1,True,True,cannot initialize client,mvn -o -B -ntp -Dmaven.repo.local=/Users/hadiranjbar/Downloads/java/token.usage/investigation/.m2 -Pinvestigation -Dtest=FailureCasesTest -Dexperiment.case=02 -Dexperiment.artifactDir=/Users/hadiranjbar/Downloads/java/token.usage/investigation/raw/v2/02/p1/1 -Dexperiment.reportDir=/Users/hadiranjbar/Downloads/java/token.usage/investigation/raw/v2/02/p1/1/reports -Dspring.output.ansi.enabled=never -Dspring.profiles.active=p1 surefire:test,boundary,investigation/raw/v2/02/p1/1,investigation/extracted/v2/02/p1/1/boundary.txt,deterministic console extraction (not automatically agent input),python investigation/scripts/analyze.py --batch v2,3,5,5,True,"{""cause"": true, ""location"": true, ""outer"": true, ""root"": true, ""suppressed"": true}",14017,120,3951,tiktoken 0.14.0 o200k_base,True
02,p1,1,1,True,True,cannot initialize client,mvn -o -B -ntp -Dmaven.repo.local=/Users/hadiranjbar/Downloads/java/token.usage/investigation/.m2 -Pinvestigation -Dtest=FailureCasesTest -Dexperiment.case=02 -Dexperiment.artifactDir=/Users/hadiranjbar/Downloads/java/token.usage/investigation/raw/v2/02/p1/1 -Dexperiment.reportDir=/Users/hadiranjbar/Downloads/java/token.usage/investigation/raw/v2/02/p1/1/reports -Dspring.output.ansi.enabled=never -Dspring.profiles.active=p1 surefire:test,dedup,investigation/raw/v2/02/p1/1,investigation/extracted/v2/02/p1/1/dedup.txt,deterministic console extraction (not automatically agent input),python investigation/scripts/analyze.py --batch v2,3,5,5,True,"{""cause"": true, ""location"": true, ""outer"": true, ""root"": true, ""suppressed"": true}",14017,120,3951,tiktoken 0.14.0 o200k_base,True
02,p1,2,1,True,True,cannot initialize client,mvn -o -B -ntp -Dmaven.repo.local=/Users/hadiranjbar/Downloads/java/token.usage/investigation/.m2 -Pinvestigation -Dtest=FailureCasesTest -Dexperiment.case=02 -Dexperiment.artifactDir=/Users/hadiranjbar/Downloads/java/token.usage/investigation/raw/v2/02/p1/2 -Dexperiment.reportDir=/Users/hadiranjbar/Downloads/java/token.usage/investigation/raw/v2/02/p1/2/reports -Dspring.output.ansi.enabled=never -Dspring.profiles.active=p1 surefire:test,complete,investigation/raw/v2/02/p1/2,investigation/extracted/v2/02/p1/2/complete.txt,deterministic console extraction (not automatically agent input),python investigation/scripts/analyze.py --batch v2,3,5,5,True,"{""cause"": true, ""location"": true, ""outer"": true, ""root"": true, ""suppressed"": true}",16767,174,4732,tiktoken 0.14.0 o200k_base,True
02,p1,2,1,True,True,cannot initialize client,mvn -o -B -ntp -Dmaven.repo.local=/Users/hadiranjbar/Downloads/java/token.usage/investigation/.m2 -Pinvestigation -Dtest=FailureCasesTest -Dexperiment.case=02 -Dexperiment.artifactDir=/Users/hadiranjbar/Downloads/java/token.usage/investigation/raw/v2/02/p1/2 -Dexperiment.reportDir=/Users/hadiranjbar/Downloads/java/token.usage/investigation/raw/v2/02/p1/2/reports -Dspring.output.ansi.enabled=never -Dspring.profiles.active=p1 surefire:test,window20,investigation/raw/v2/02/p1/2,investigation/extracted/v2/02/p1/2/window20.txt,deterministic console extraction (not automatically agent input),python investigation/scripts/analyze.py --batch v2,3,2,5,False,"{""cause"": false, ""location"": true, ""outer"": true, ""root"": false, ""suppressed"": false}",2481,20,669,tiktoken 0.14.0 o200k_base,True
02,p1,2,1,True,True,cannot initialize client,mvn -o -B -ntp -Dmaven.repo.local=/Users/hadiranjbar/Downloads/java/token.usage/investigation/.m2 -Pinvestigation -Dtest=FailureCasesTest -Dexperiment.case=02 -Dexperiment.artifactDir=/Users/hadiranjbar/Downloads/java/token.usage/investigation/raw/v2/02/p1/2 -Dexperiment.reportDir=/Users/hadiranjbar/Downloads/java/token.usage/investigation/raw/v2/02/p1/2/reports -Dspring.output.ansi.enabled=never -Dspring.profiles.active=p1 surefire:test,filtered40,investigation/raw/v2/02/p1/2,investigation/extracted/v2/02/p1/2/filtered40.txt,deterministic console extraction (not automatically agent input),python investigation/scripts/analyze.py --batch v2,3,2,5,False,"{""cause"": false, ""location"": true, ""outer"": true, ""root"": false, ""suppressed"": false}",319,5,85,tiktoken 0.14.0 o200k_base,True
02,p1,2,1,True,True,cannot initialize client,mvn -o -B -ntp -Dmaven.repo.local=/Users/hadiranjbar/Downloads/java/token.usage/investigation/.m2 -Pinvestigation -Dtest=FailureCasesTest -Dexperiment.case=02 -Dexperiment.artifactDir=/Users/hadiranjbar/Downloads/java/token.usage/investigation/raw/v2/02/p1/2 -Dexperiment.reportDir=/Users/hadiranjbar/Downloads/java/token.usage/investigation/raw/v2/02/p1/2/reports -Dspring.output.ansi.enabled=never -Dspring.profiles.active=p1 surefire:test,boundary,investigation/raw/v2/02/p1/2,investigation/extracted/v2/02/p1/2/boundary.txt,deterministic console extraction (not automatically agent input),python investigation/scripts/analyze.py --batch v2,3,5,5,True,"{""cause"": true, ""location"": true, ""outer"": true, ""root"": true, ""suppressed"": true}",14017,120,3951,tiktoken 0.14.0 o200k_base,True
02,p1,2,1,True,True,cannot initialize client,mvn -o -B -ntp -Dmaven.repo.local=/Users/hadiranjbar/Downloads/java/token.usage/investigation/.m2 -Pinvestigation -Dtest=FailureCasesTest -Dexperiment.case=02 -Dexperiment.artifactDir=/Users/hadiranjbar/Downloads/java/token.usage/investigation/raw/v2/02/p1/2 -Dexperiment.reportDir=/Users/hadiranjbar/Downloads/java/token.usage/investigation/raw/v2/02/p1/2/reports -Dspring.output.ansi.enabled=never -Dspring.profiles.active=p1 surefire:test,dedup,investigation/raw/v2/02/p1/2,investigation/extracted/v2/02/p1/2/dedup.txt,deterministic console extraction (not automatically agent input),python investigation/scripts/analyze.py --batch v2,3,5,5,True,"{""cause"": true, ""location"": true, ""outer"": true, ""root"": true, ""suppressed"": true}",14017,120,3951,tiktoken 0.14.0 o200k_base,True
02,p1,3,1,True,True,cannot initialize client,mvn -o -B -ntp -Dmaven.repo.local=/Users/hadiranjbar/Downloads/java/token.usage/investigation/.m2 -Pinvestigation -Dtest=FailureCasesTest -Dexperiment.case=02 -Dexperiment.artifactDir=/Users/hadiranjbar/Downloads/java/token.usage/investigation/raw/v2/02/p1/3 -Dexperiment.reportDir=/Users/hadiranjbar/Downloads/java/token.usage/investigation/raw/v2/02/p1/3/reports -Dspring.output.ansi.enabled=never -Dspring.profiles.active=p1 surefire:test,complete,investigation/raw/v2/02/p1/3,investigation/extracted/v2/02/p1/3/complete.txt,deterministic console extraction (not automatically agent input),python investigation/scripts/analyze.py --batch v2,3,5,5,True,"{""cause"": true, ""location"": true, ""outer"": true, ""root"": true, ""suppressed"": true}",16767,174,4732,tiktoken 0.14.0 o200k_base,True
02,p1,3,1,True,True,cannot initialize client,mvn -o -B -ntp -Dmaven.repo.local=/Users/hadiranjbar/Downloads/java/token.usage/investigation/.m2 -Pinvestigation -Dtest=FailureCasesTest -Dexperiment.case=02 -Dexperiment.artifactDir=/Users/hadiranjbar/Downloads/java/token.usage/investigation/raw/v2/02/p1/3 -Dexperiment.reportDir=/Users/hadiranjbar/Downloads/java/token.usage/investigation/raw/v2/02/p1/3/reports -Dspring.output.ansi.enabled=never -Dspring.profiles.active=p1 surefire:test,window20,investigation/raw/v2/02/p1/3,investigation/extracted/v2/02/p1/3/window20.txt,deterministic console extraction (not automatically agent input),python investigation/scripts/analyze.py --batch v2,3,2,5,False,"{""cause"": false, ""location"": true, ""outer"": true, ""root"": false, ""suppressed"": false}",2481,20,669,tiktoken 0.14.0 o200k_base,True
02,p1,3,1,True,True,cannot initialize client,mvn -o -B -ntp -Dmaven.repo.local=/Users/hadiranjbar/Downloads/java/token.usage/investigation/.m2 -Pinvestigation -Dtest=FailureCasesTest -Dexperiment.case=02 -Dexperiment.artifactDir=/Users/hadiranjbar/Downloads/java/token.usage/investigation/raw/v2/02/p1/3 -Dexperiment.reportDir=/Users/hadiranjbar/Downloads/java/token.usage/investigation/raw/v2/02/p1/3/reports -Dspring.output.ansi.enabled=never -Dspring.profiles.active=p1 surefire:test,filtered40,investigation/raw/v2/02/p1/3,investigation/extracted/v2/02/p1/3/filtered40.txt,deterministic console extraction (not automatically agent input),python investigation/scripts/analyze.py --batch v2,3,2,5,False,"{""cause"": false, ""location"": true, ""outer"": true, ""root"": false, ""suppressed"": false}",319,5,85,tiktoken 0.14.0 o200k_base,True
02,p1,3,1,True,True,cannot initialize client,mvn -o -B -ntp -Dmaven.repo.local=/Users/hadiranjbar/Downloads/java/token.usage/investigation/.m2 -Pinvestigation -Dtest=FailureCasesTest -Dexperiment.case=02 -Dexperiment.artifactDir=/Users/hadiranjbar/Downloads/java/token.usage/investigation/raw/v2/02/p1/3 -Dexperiment.reportDir=/Users/hadiranjbar/Downloads/java/token.usage/investigation/raw/v2/02/p1/3/reports -Dspring.output.ansi.enabled=never -Dspring.profiles.active=p1 surefire:test,boundary,investigation/raw/v2/02/p1/3,investigation/extracted/v2/02/p1/3/boundary.txt,deterministic console extraction (not automatically agent input),python investigation/scripts/analyze.py --batch v2,3,5,5,True,"{""cause"": true, ""location"": true, ""outer"": true, ""root"": true, ""suppressed"": true}",14017,120,3951,tiktoken 0.14.0 o200k_base,True
02,p1,3,1,True,True,cannot initialize client,mvn -o -B -ntp -Dmaven.repo.local=/Users/hadiranjbar/Downloads/java/token.usage/investigation/.m2 -Pinvestigation -Dtest=FailureCasesTest -Dexperiment.case=02 -Dexperiment.artifactDir=/Users/hadiranjbar/Downloads/java/token.usage/investigation/raw/v2/02/p1/3 -Dexperiment.reportDir=/Users/hadiranjbar/Downloads/java/token.usage/investigation/raw/v2/02/p1/3/reports -Dspring.output.ansi.enabled=never -Dspring.profiles.active=p1 surefire:test,dedup,investigation/raw/v2/02/p1/3,investigation/extracted/v2/02/p1/3/dedup.txt,deterministic console extraction (not automatically agent input),python investigation/scripts/analyze.py --batch v2,3,5,5,True,"{""cause"": true, ""location"": true, ""outer"": true, ""root"": true, ""suppressed"": true}",14017,120,3951,tiktoken 0.14.0 o200k_base,True
02,p2,1,1,True,True,cannot initialize client,mvn -o -B -ntp -Dmaven.repo.local=/Users/hadiranjbar/Downloads/java/token.usage/investigation/.m2 -Pinvestigation -Dtest=FailureCasesTest -Dexperiment.case=02 -Dexperiment.artifactDir=/Users/hadiranjbar/Downloads/java/token.usage/investigation/raw/v2/02/p2/1 -Dexperiment.reportDir=/Users/hadiranjbar/Downloads/java/token.usage/investigation/raw/v2/02/p2/1/reports -Dspring.output.ansi.enabled=never -Dspring.profiles.active=p2 surefire:test,complete,investigation/raw/v2/02/p2/1,investigation/extracted/v2/02/p2/1/complete.txt,deterministic console extraction (not automatically agent input),python investigation/scripts/analyze.py --batch v2,3,5,5,True,"{""cause"": true, ""location"": true, ""outer"": true, ""root"": true, ""suppressed"": true}",5880,99,1654,tiktoken 0.14.0 o200k_base,True
02,p2,1,1,True,True,cannot initialize client,mvn -o -B -ntp -Dmaven.repo.local=/Users/hadiranjbar/Downloads/java/token.usage/investigation/.m2 -Pinvestigation -Dtest=FailureCasesTest -Dexperiment.case=02 -Dexperiment.artifactDir=/Users/hadiranjbar/Downloads/java/token.usage/investigation/raw/v2/02/p2/1 -Dexperiment.reportDir=/Users/hadiranjbar/Downloads/java/token.usage/investigation/raw/v2/02/p2/1/reports -Dspring.output.ansi.enabled=never -Dspring.profiles.active=p2 surefire:test,window20,investigation/raw/v2/02/p2/1,investigation/extracted/v2/02/p2/1/window20.txt,deterministic console extraction (not automatically agent input),python investigation/scripts/analyze.py --batch v2,3,5,5,True,"{""cause"": true, ""location"": true, ""outer"": true, ""root"": true, ""suppressed"": true}",1473,20,394,tiktoken 0.14.0 o200k_base,True
02,p2,1,1,True,True,cannot initialize client,mvn -o -B -ntp -Dmaven.repo.local=/Users/hadiranjbar/Downloads/java/token.usage/investigation/.m2 -Pinvestigation -Dtest=FailureCasesTest -Dexperiment.case=02 -Dexperiment.artifactDir=/Users/hadiranjbar/Downloads/java/token.usage/investigation/raw/v2/02/p2/1 -Dexperiment.reportDir=/Users/hadiranjbar/Downloads/java/token.usage/investigation/raw/v2/02/p2/1/reports -Dspring.output.ansi.enabled=never -Dspring.profiles.active=p2 surefire:test,filtered40,investigation/raw/v2/02/p2/1,investigation/extracted/v2/02/p2/1/filtered40.txt,deterministic console extraction (not automatically agent input),python investigation/scripts/analyze.py --batch v2,3,5,5,True,"{""cause"": true, ""location"": true, ""outer"": true, ""root"": true, ""suppressed"": true}",1755,29,486,tiktoken 0.14.0 o200k_base,True
02,p2,1,1,True,True,cannot initialize client,mvn -o -B -ntp -Dmaven.repo.local=/Users/hadiranjbar/Downloads/java/token.usage/investigation/.m2 -Pinvestigation -Dtest=FailureCasesTest -Dexperiment.case=02 -Dexperiment.artifactDir=/Users/hadiranjbar/Downloads/java/token.usage/investigation/raw/v2/02/p2/1 -Dexperiment.reportDir=/Users/hadiranjbar/Downloads/java/token.usage/investigation/raw/v2/02/p2/1/reports -Dspring.output.ansi.enabled=never -Dspring.profiles.active=p2 surefire:test,boundary,investigation/raw/v2/02/p2/1,investigation/extracted/v2/02/p2/1/boundary.txt,deterministic console extraction (not automatically agent input),python investigation/scripts/analyze.py --batch v2,3,5,5,True,"{""cause"": true, ""location"": true, ""outer"": true, ""root"": true, ""suppressed"": true}",2857,45,767,tiktoken 0.14.0 o200k_base,True
02,p2,1,1,True,True,cannot initialize client,mvn -o -B -ntp -Dmaven.repo.local=/Users/hadiranjbar/Downloads/java/token.usage/investigation/.m2 -Pinvestigation -Dtest=FailureCasesTest -Dexperiment.case=02 -Dexperiment.artifactDir=/Users/hadiranjbar/Downloads/java/token.usage/investigation/raw/v2/02/p2/1 -Dexperiment.reportDir=/Users/hadiranjbar/Downloads/java/token.usage/investigation/raw/v2/02/p2/1/reports -Dspring.output.ansi.enabled=never -Dspring.profiles.active=p2 surefire:test,dedup,investigation/raw/v2/02/p2/1,investigation/extracted/v2/02/p2/1/dedup.txt,deterministic console extraction (not automatically agent input),python investigation/scripts/analyze.py --batch v2,3,5,5,True,"{""cause"": true, ""location"": true, ""outer"": true, ""root"": true, ""suppressed"": true}",2857,45,767,tiktoken 0.14.0 o200k_base,True
02,p2,2,1,True,True,cannot initialize client,mvn -o -B -ntp -Dmaven.repo.local=/Users/hadiranjbar/Downloads/java/token.usage/investigation/.m2 -Pinvestigation -Dtest=FailureCasesTest -Dexperiment.case=02 -Dexperiment.artifactDir=/Users/hadiranjbar/Downloads/java/token.usage/investigation/raw/v2/02/p2/2 -Dexperiment.reportDir=/Users/hadiranjbar/Downloads/java/token.usage/investigation/raw/v2/02/p2/2/reports -Dspring.output.ansi.enabled=never -Dspring.profiles.active=p2 surefire:test,complete,investigation/raw/v2/02/p2/2,investigation/extracted/v2/02/p2/2/complete.txt,deterministic console extraction (not automatically agent input),python investigation/scripts/analyze.py --batch v2,3,5,5,True,"{""cause"": true, ""location"": true, ""outer"": true, ""root"": true, ""suppressed"": true}",5880,99,1654,tiktoken 0.14.0 o200k_base,True
02,p2,2,1,True,True,cannot initialize client,mvn -o -B -ntp -Dmaven.repo.local=/Users/hadiranjbar/Downloads/java/token.usage/investigation/.m2 -Pinvestigation -Dtest=FailureCasesTest -Dexperiment.case=02 -Dexperiment.artifactDir=/Users/hadiranjbar/Downloads/java/token.usage/investigation/raw/v2/02/p2/2 -Dexperiment.reportDir=/Users/hadiranjbar/Downloads/java/token.usage/investigation/raw/v2/02/p2/2/reports -Dspring.output.ansi.enabled=never -Dspring.profiles.active=p2 surefire:test,window20,investigation/raw/v2/02/p2/2,investigation/extracted/v2/02/p2/2/window20.txt,deterministic console extraction (not automatically agent input),python investigation/scripts/analyze.py --batch v2,3,5,5,True,"{""cause"": true, ""location"": true, ""outer"": true, ""root"": true, ""suppressed"": true}",1473,20,394,tiktoken 0.14.0 o200k_base,True
02,p2,2,1,True,True,cannot initialize client,mvn -o -B -ntp -Dmaven.repo.local=/Users/hadiranjbar/Downloads/java/token.usage/investigation/.m2 -Pinvestigation -Dtest=FailureCasesTest -Dexperiment.case=02 -Dexperiment.artifactDir=/Users/hadiranjbar/Downloads/java/token.usage/investigation/raw/v2/02/p2/2 -Dexperiment.reportDir=/Users/hadiranjbar/Downloads/java/token.usage/investigation/raw/v2/02/p2/2/reports -Dspring.output.ansi.enabled=never -Dspring.profiles.active=p2 surefire:test,filtered40,investigation/raw/v2/02/p2/2,investigation/extracted/v2/02/p2/2/filtered40.txt,deterministic console extraction (not automatically agent input),python investigation/scripts/analyze.py --batch v2,3,5,5,True,"{""cause"": true, ""location"": true, ""outer"": true, ""root"": true, ""suppressed"": true}",1755,29,486,tiktoken 0.14.0 o200k_base,True
02,p2,2,1,True,True,cannot initialize client,mvn -o -B -ntp -Dmaven.repo.local=/Users/hadiranjbar/Downloads/java/token.usage/investigation/.m2 -Pinvestigation -Dtest=FailureCasesTest -Dexperiment.case=02 -Dexperiment.artifactDir=/Users/hadiranjbar/Downloads/java/token.usage/investigation/raw/v2/02/p2/2 -Dexperiment.reportDir=/Users/hadiranjbar/Downloads/java/token.usage/investigation/raw/v2/02/p2/2/reports -Dspring.output.ansi.enabled=never -Dspring.profiles.active=p2 surefire:test,boundary,investigation/raw/v2/02/p2/2,investigation/extracted/v2/02/p2/2/boundary.txt,deterministic console extraction (not automatically agent input),python investigation/scripts/analyze.py --batch v2,3,5,5,True,"{""cause"": true, ""location"": true, ""outer"": true, ""root"": true, ""suppressed"": true}",2857,45,767,tiktoken 0.14.0 o200k_base,True
02,p2,2,1,True,True,cannot initialize client,mvn -o -B -ntp -Dmaven.repo.local=/Users/hadiranjbar/Downloads/java/token.usage/investigation/.m2 -Pinvestigation -Dtest=FailureCasesTest -Dexperiment.case=02 -Dexperiment.artifactDir=/Users/hadiranjbar/Downloads/java/token.usage/investigation/raw/v2/02/p2/2 -Dexperiment.reportDir=/Users/hadiranjbar/Downloads/java/token.usage/investigation/raw/v2/02/p2/2/reports -Dspring.output.ansi.enabled=never -Dspring.profiles.active=p2 surefire:test,dedup,investigation/raw/v2/02/p2/2,investigation/extracted/v2/02/p2/2/dedup.txt,deterministic console extraction (not automatically agent input),python investigation/scripts/analyze.py --batch v2,3,5,5,True,"{""cause"": true, ""location"": true, ""outer"": true, ""root"": true, ""suppressed"": true}",2857,45,767,tiktoken 0.14.0 o200k_base,True
02,p2,3,1,True,True,cannot initialize client,mvn -o -B -ntp -Dmaven.repo.local=/Users/hadiranjbar/Downloads/java/token.usage/investigation/.m2 -Pinvestigation -Dtest=FailureCasesTest -Dexperiment.case=02 -Dexperiment.artifactDir=/Users/hadiranjbar/Downloads/java/token.usage/investigation/raw/v2/02/p2/3 -Dexperiment.reportDir=/Users/hadiranjbar/Downloads/java/token.usage/investigation/raw/v2/02/p2/3/reports -Dspring.output.ansi.enabled=never -Dspring.profiles.active=p2 surefire:test,complete,investigation/raw/v2/02/p2/3,investigation/extracted/v2/02/p2/3/complete.txt,deterministic console extraction (not automatically agent input),python investigation/scripts/analyze.py --batch v2,3,5,5,True,"{""cause"": true, ""location"": true, ""outer"": true, ""root"": true, ""suppressed"": true}",5879,99,1654,tiktoken 0.14.0 o200k_base,True
02,p2,3,1,True,True,cannot initialize client,mvn -o -B -ntp -Dmaven.repo.local=/Users/hadiranjbar/Downloads/java/token.usage/investigation/.m2 -Pinvestigation -Dtest=FailureCasesTest -Dexperiment.case=02 -Dexperiment.artifactDir=/Users/hadiranjbar/Downloads/java/token.usage/investigation/raw/v2/02/p2/3 -Dexperiment.reportDir=/Users/hadiranjbar/Downloads/java/token.usage/investigation/raw/v2/02/p2/3/reports -Dspring.output.ansi.enabled=never -Dspring.profiles.active=p2 surefire:test,window20,investigation/raw/v2/02/p2/3,investigation/extracted/v2/02/p2/3/window20.txt,deterministic console extraction (not automatically agent input),python investigation/scripts/analyze.py --batch v2,3,5,5,True,"{""cause"": true, ""location"": true, ""outer"": true, ""root"": true, ""suppressed"": true}",1473,20,394,tiktoken 0.14.0 o200k_base,True
02,p2,3,1,True,True,cannot initialize client,mvn -o -B -ntp -Dmaven.repo.local=/Users/hadiranjbar/Downloads/java/token.usage/investigation/.m2 -Pinvestigation -Dtest=FailureCasesTest -Dexperiment.case=02 -Dexperiment.artifactDir=/Users/hadiranjbar/Downloads/java/token.usage/investigation/raw/v2/02/p2/3 -Dexperiment.reportDir=/Users/hadiranjbar/Downloads/java/token.usage/investigation/raw/v2/02/p2/3/reports -Dspring.output.ansi.enabled=never -Dspring.profiles.active=p2 surefire:test,filtered40,investigation/raw/v2/02/p2/3,investigation/extracted/v2/02/p2/3/filtered40.txt,deterministic console extraction (not automatically agent input),python investigation/scripts/analyze.py --batch v2,3,5,5,True,"{""cause"": true, ""location"": true, ""outer"": true, ""root"": true, ""suppressed"": true}",1755,29,486,tiktoken 0.14.0 o200k_base,True
02,p2,3,1,True,True,cannot initialize client,mvn -o -B -ntp -Dmaven.repo.local=/Users/hadiranjbar/Downloads/java/token.usage/investigation/.m2 -Pinvestigation -Dtest=FailureCasesTest -Dexperiment.case=02 -Dexperiment.artifactDir=/Users/hadiranjbar/Downloads/java/token.usage/investigation/raw/v2/02/p2/3 -Dexperiment.reportDir=/Users/hadiranjbar/Downloads/java/token.usage/investigation/raw/v2/02/p2/3/reports -Dspring.output.ansi.enabled=never -Dspring.profiles.active=p2 surefire:test,boundary,investigation/raw/v2/02/p2/3,investigation/extracted/v2/02/p2/3/boundary.txt,deterministic console extraction (not automatically agent input),python investigation/scripts/analyze.py --batch v2,3,5,5,True,"{""cause"": true, ""location"": true, ""outer"": true, ""root"": true, ""suppressed"": true}",2857,45,767,tiktoken 0.14.0 o200k_base,True
02,p2,3,1,True,True,cannot initialize client,mvn -o -B -ntp -Dmaven.repo.local=/Users/hadiranjbar/Downloads/java/token.usage/investigation/.m2 -Pinvestigation -Dtest=FailureCasesTest -Dexperiment.case=02 -Dexperiment.artifactDir=/Users/hadiranjbar/Downloads/java/token.usage/investigation/raw/v2/02/p2/3 -Dexperiment.reportDir=/Users/hadiranjbar/Downloads/java/token.usage/investigation/raw/v2/02/p2/3/reports -Dspring.output.ansi.enabled=never -Dspring.profiles.active=p2 surefire:test,dedup,investigation/raw/v2/02/p2/3,investigation/extracted/v2/02/p2/3/dedup.txt,deterministic console extraction (not automatically agent input),python investigation/scripts/analyze.py --batch v2,3,5,5,True,"{""cause"": true, ""location"": true, ""outer"": true, ""root"": true, ""suppressed"": true}",2857,45,767,tiktoken 0.14.0 o200k_base,True
02,p4,1,1,True,True,cannot initialize client,"mvn -o -B -ntp -Dmaven.repo.local=/Users/hadiranjbar/Downloads/java/token.usage/investigation/.m2 -Pinvestigation,agent-reports -Dtest=FailureCasesTest -Dexperiment.case=02 -Dexperiment.artifactDir=/Users/hadiranjbar/Downloads/java/token.usage/investigation/raw/v2/02/p4/1 -Dexperiment.reportDir=/Users/hadiranjbar/Downloads/java/token.usage/investigation/raw/v2/02/p4/1/reports -Dspring.output.ansi.enabled=never surefire:test",complete,investigation/raw/v2/02/p4/1,investigation/extracted/v2/02/p4/1/complete.txt,deterministic console extraction (not automatically agent input),python investigation/scripts/analyze.py --batch v2,3,5,5,True,"{""cause"": true, ""location"": true, ""outer"": true, ""root"": true, ""suppressed"": true}",16531,164,4683,tiktoken 0.14.0 o200k_base,True
02,p4,1,1,True,True,cannot initialize client,"mvn -o -B -ntp -Dmaven.repo.local=/Users/hadiranjbar/Downloads/java/token.usage/investigation/.m2 -Pinvestigation,agent-reports -Dtest=FailureCasesTest -Dexperiment.case=02 -Dexperiment.artifactDir=/Users/hadiranjbar/Downloads/java/token.usage/investigation/raw/v2/02/p4/1 -Dexperiment.reportDir=/Users/hadiranjbar/Downloads/java/token.usage/investigation/raw/v2/02/p4/1/reports -Dspring.output.ansi.enabled=never surefire:test",window20,investigation/raw/v2/02/p4/1,investigation/extracted/v2/02/p4/1/window20.txt,deterministic console extraction (not automatically agent input),python investigation/scripts/analyze.py --batch v2,3,2,5,False,"{""cause"": false, ""location"": true, ""outer"": true, ""root"": false, ""suppressed"": false}",2543,20,691,tiktoken 0.14.0 o200k_base,True
02,p4,1,1,True,True,cannot initialize client,"mvn -o -B -ntp -Dmaven.repo.local=/Users/hadiranjbar/Downloads/java/token.usage/investigation/.m2 -Pinvestigation,agent-reports -Dtest=FailureCasesTest -Dexperiment.case=02 -Dexperiment.artifactDir=/Users/hadiranjbar/Downloads/java/token.usage/investigation/raw/v2/02/p4/1 -Dexperiment.reportDir=/Users/hadiranjbar/Downloads/java/token.usage/investigation/raw/v2/02/p4/1/reports -Dspring.output.ansi.enabled=never surefire:test",filtered40,investigation/raw/v2/02/p4/1,investigation/extracted/v2/02/p4/1/filtered40.txt,deterministic console extraction (not automatically agent input),python investigation/scripts/analyze.py --batch v2,3,2,5,False,"{""cause"": false, ""location"": true, ""outer"": true, ""root"": false, ""suppressed"": false}",381,5,107,tiktoken 0.14.0 o200k_base,True
02,p4,1,1,True,True,cannot initialize client,"mvn -o -B -ntp -Dmaven.repo.local=/Users/hadiranjbar/Downloads/java/token.usage/investigation/.m2 -Pinvestigation,agent-reports -Dtest=FailureCasesTest -Dexperiment.case=02 -Dexperiment.artifactDir=/Users/hadiranjbar/Downloads/java/token.usage/investigation/raw/v2/02/p4/1 -Dexperiment.reportDir=/Users/hadiranjbar/Downloads/java/token.usage/investigation/raw/v2/02/p4/1/reports -Dspring.output.ansi.enabled=never surefire:test",boundary,investigation/raw/v2/02/p4/1,investigation/extracted/v2/02/p4/1/boundary.txt,deterministic console extraction (not automatically agent input),python investigation/scripts/analyze.py --batch v2,3,5,5,True,"{""cause"": true, ""location"": true, ""outer"": true, ""root"": true, ""suppressed"": true}",13628,110,3856,tiktoken 0.14.0 o200k_base,True
02,p4,1,1,True,True,cannot initialize client,"mvn -o -B -ntp -Dmaven.repo.local=/Users/hadiranjbar/Downloads/java/token.usage/investigation/.m2 -Pinvestigation,agent-reports -Dtest=FailureCasesTest -Dexperiment.case=02 -Dexperiment.artifactDir=/Users/hadiranjbar/Downloads/java/token.usage/investigation/raw/v2/02/p4/1 -Dexperiment.reportDir=/Users/hadiranjbar/Downloads/java/token.usage/investigation/raw/v2/02/p4/1/reports -Dspring.output.ansi.enabled=never surefire:test",dedup,investigation/raw/v2/02/p4/1,investigation/extracted/v2/02/p4/1/dedup.txt,deterministic console extraction (not automatically agent input),python investigation/scripts/analyze.py --batch v2,3,5,5,True,"{""cause"": true, ""location"": true, ""outer"": true, ""root"": true, ""suppressed"": true}",13628,110,3856,tiktoken 0.14.0 o200k_base,True
02,p4,2,1,True,True,cannot initialize client,"mvn -o -B -ntp -Dmaven.repo.local=/Users/hadiranjbar/Downloads/java/token.usage/investigation/.m2 -Pinvestigation,agent-reports -Dtest=FailureCasesTest -Dexperiment.case=02 -Dexperiment.artifactDir=/Users/hadiranjbar/Downloads/java/token.usage/investigation/raw/v2/02/p4/2 -Dexperiment.reportDir=/Users/hadiranjbar/Downloads/java/token.usage/investigation/raw/v2/02/p4/2/reports -Dspring.output.ansi.enabled=never surefire:test",complete,investigation/raw/v2/02/p4/2,investigation/extracted/v2/02/p4/2/complete.txt,deterministic console extraction (not automatically agent input),python investigation/scripts/analyze.py --batch v2,3,5,5,True,"{""cause"": true, ""location"": true, ""outer"": true, ""root"": true, ""suppressed"": true}",16530,164,4683,tiktoken 0.14.0 o200k_base,True
02,p4,2,1,True,True,cannot initialize client,"mvn -o -B -ntp -Dmaven.repo.local=/Users/hadiranjbar/Downloads/java/token.usage/investigation/.m2 -Pinvestigation,agent-reports -Dtest=FailureCasesTest -Dexperiment.case=02 -Dexperiment.artifactDir=/Users/hadiranjbar/Downloads/java/token.usage/investigation/raw/v2/02/p4/2 -Dexperiment.reportDir=/Users/hadiranjbar/Downloads/java/token.usage/investigation/raw/v2/02/p4/2/reports -Dspring.output.ansi.enabled=never surefire:test",window20,investigation/raw/v2/02/p4/2,investigation/extracted/v2/02/p4/2/window20.txt,deterministic console extraction (not automatically agent input),python investigation/scripts/analyze.py --batch v2,3,2,5,False,"{""cause"": false, ""location"": true, ""outer"": true, ""root"": false, ""suppressed"": false}",2543,20,691,tiktoken 0.14.0 o200k_base,True
02,p4,2,1,True,True,cannot initialize client,"mvn -o -B -ntp -Dmaven.repo.local=/Users/hadiranjbar/Downloads/java/token.usage/investigation/.m2 -Pinvestigation,agent-reports -Dtest=FailureCasesTest -Dexperiment.case=02 -Dexperiment.artifactDir=/Users/hadiranjbar/Downloads/java/token.usage/investigation/raw/v2/02/p4/2 -Dexperiment.reportDir=/Users/hadiranjbar/Downloads/java/token.usage/investigation/raw/v2/02/p4/2/reports -Dspring.output.ansi.enabled=never surefire:test",filtered40,investigation/raw/v2/02/p4/2,investigation/extracted/v2/02/p4/2/filtered40.txt,deterministic console extraction (not automatically agent input),python investigation/scripts/analyze.py --batch v2,3,2,5,False,"{""cause"": false, ""location"": true, ""outer"": true, ""root"": false, ""suppressed"": false}",381,5,107,tiktoken 0.14.0 o200k_base,True
02,p4,2,1,True,True,cannot initialize client,"mvn -o -B -ntp -Dmaven.repo.local=/Users/hadiranjbar/Downloads/java/token.usage/investigation/.m2 -Pinvestigation,agent-reports -Dtest=FailureCasesTest -Dexperiment.case=02 -Dexperiment.artifactDir=/Users/hadiranjbar/Downloads/java/token.usage/investigation/raw/v2/02/p4/2 -Dexperiment.reportDir=/Users/hadiranjbar/Downloads/java/token.usage/investigation/raw/v2/02/p4/2/reports -Dspring.output.ansi.enabled=never surefire:test",boundary,investigation/raw/v2/02/p4/2,investigation/extracted/v2/02/p4/2/boundary.txt,deterministic console extraction (not automatically agent input),python investigation/scripts/analyze.py --batch v2,3,5,5,True,"{""cause"": true, ""location"": true, ""outer"": true, ""root"": true, ""suppressed"": true}",13628,110,3856,tiktoken 0.14.0 o200k_base,True
02,p4,2,1,True,True,cannot initialize client,"mvn -o -B -ntp -Dmaven.repo.local=/Users/hadiranjbar/Downloads/java/token.usage/investigation/.m2 -Pinvestigation,agent-reports -Dtest=FailureCasesTest -Dexperiment.case=02 -Dexperiment.artifactDir=/Users/hadiranjbar/Downloads/java/token.usage/investigation/raw/v2/02/p4/2 -Dexperiment.reportDir=/Users/hadiranjbar/Downloads/java/token.usage/investigation/raw/v2/02/p4/2/reports -Dspring.output.ansi.enabled=never surefire:test",dedup,investigation/raw/v2/02/p4/2,investigation/extracted/v2/02/p4/2/dedup.txt,deterministic console extraction (not automatically agent input),python investigation/scripts/analyze.py --batch v2,3,5,5,True,"{""cause"": true, ""location"": true, ""outer"": true, ""root"": true, ""suppressed"": true}",13628,110,3856,tiktoken 0.14.0 o200k_base,True
02,p4,3,1,True,True,cannot initialize client,"mvn -o -B -ntp -Dmaven.repo.local=/Users/hadiranjbar/Downloads/java/token.usage/investigation/.m2 -Pinvestigation,agent-reports -Dtest=FailureCasesTest -Dexperiment.case=02 -Dexperiment.artifactDir=/Users/hadiranjbar/Downloads/java/token.usage/investigation/raw/v2/02/p4/3 -Dexperiment.reportDir=/Users/hadiranjbar/Downloads/java/token.usage/investigation/raw/v2/02/p4/3/reports -Dspring.output.ansi.enabled=never surefire:test",complete,investigation/raw/v2/02/p4/3,investigation/extracted/v2/02/p4/3/complete.txt,deterministic console extraction (not automatically agent input),python investigation/scripts/analyze.py --batch v2,3,5,5,True,"{""cause"": true, ""location"": true, ""outer"": true, ""root"": true, ""suppressed"": true}",16531,164,4683,tiktoken 0.14.0 o200k_base,True
02,p4,3,1,True,True,cannot initialize client,"mvn -o -B -ntp -Dmaven.repo.local=/Users/hadiranjbar/Downloads/java/token.usage/investigation/.m2 -Pinvestigation,agent-reports -Dtest=FailureCasesTest -Dexperiment.case=02 -Dexperiment.artifactDir=/Users/hadiranjbar/Downloads/java/token.usage/investigation/raw/v2/02/p4/3 -Dexperiment.reportDir=/Users/hadiranjbar/Downloads/java/token.usage/investigation/raw/v2/02/p4/3/reports -Dspring.output.ansi.enabled=never surefire:test",window20,investigation/raw/v2/02/p4/3,investigation/extracted/v2/02/p4/3/window20.txt,deterministic console extraction (not automatically agent input),python investigation/scripts/analyze.py --batch v2,3,2,5,False,"{""cause"": false, ""location"": true, ""outer"": true, ""root"": false, ""suppressed"": false}",2543,20,691,tiktoken 0.14.0 o200k_base,True
02,p4,3,1,True,True,cannot initialize client,"mvn -o -B -ntp -Dmaven.repo.local=/Users/hadiranjbar/Downloads/java/token.usage/investigation/.m2 -Pinvestigation,agent-reports -Dtest=FailureCasesTest -Dexperiment.case=02 -Dexperiment.artifactDir=/Users/hadiranjbar/Downloads/java/token.usage/investigation/raw/v2/02/p4/3 -Dexperiment.reportDir=/Users/hadiranjbar/Downloads/java/token.usage/investigation/raw/v2/02/p4/3/reports -Dspring.output.ansi.enabled=never surefire:test",filtered40,investigation/raw/v2/02/p4/3,investigation/extracted/v2/02/p4/3/filtered40.txt,deterministic console extraction (not automatically agent input),python investigation/scripts/analyze.py --batch v2,3,2,5,False,"{""cause"": false, ""location"": true, ""outer"": true, ""root"": false, ""suppressed"": false}",381,5,107,tiktoken 0.14.0 o200k_base,True
02,p4,3,1,True,True,cannot initialize client,"mvn -o -B -ntp -Dmaven.repo.local=/Users/hadiranjbar/Downloads/java/token.usage/investigation/.m2 -Pinvestigation,agent-reports -Dtest=FailureCasesTest -Dexperiment.case=02 -Dexperiment.artifactDir=/Users/hadiranjbar/Downloads/java/token.usage/investigation/raw/v2/02/p4/3 -Dexperiment.reportDir=/Users/hadiranjbar/Downloads/java/token.usage/investigation/raw/v2/02/p4/3/reports -Dspring.output.ansi.enabled=never surefire:test",boundary,investigation/raw/v2/02/p4/3,investigation/extracted/v2/02/p4/3/boundary.txt,deterministic console extraction (not automatically agent input),python investigation/scripts/analyze.py --batch v2,3,5,5,True,"{""cause"": true, ""location"": true, ""outer"": true, ""root"": true, ""suppressed"": true}",13628,110,3856,tiktoken 0.14.0 o200k_base,True
02,p4,3,1,True,True,cannot initialize client,"mvn -o -B -ntp -Dmaven.repo.local=/Users/hadiranjbar/Downloads/java/token.usage/investigation/.m2 -Pinvestigation,agent-reports -Dtest=FailureCasesTest -Dexperiment.case=02 -Dexperiment.artifactDir=/Users/hadiranjbar/Downloads/java/token.usage/investigation/raw/v2/02/p4/3 -Dexperiment.reportDir=/Users/hadiranjbar/Downloads/java/token.usage/investigation/raw/v2/02/p4/3/reports -Dspring.output.ansi.enabled=never surefire:test",dedup,investigation/raw/v2/02/p4/3,investigation/extracted/v2/02/p4/3/dedup.txt,deterministic console extraction (not automatically agent input),python investigation/scripts/analyze.py --batch v2,3,5,5,True,"{""cause"": true, ""location"": true, ""outer"": true, ""root"": true, ""suppressed"": true}",13628,110,3856,tiktoken 0.14.0 o200k_base,True
03,agent,1,1,True,True,expected: <200> but was: <400>,"mvn -o -B -ntp -Dmaven.repo.local=/Users/hadiranjbar/Downloads/java/token.usage/investigation/.m2 -Pinvestigation,agent-reports -Dtest=FailureCasesTest -Dexperiment.case=03 -Dexperiment.artifactDir=/Users/hadiranjbar/Downloads/java/token.usage/investigation/raw/v2/03/agent/1 -Dexperiment.reportDir=/Users/hadiranjbar/Downloads/java/token.usage/investigation/raw/v2/03/agent/1/reports -Dspring.output.ansi.enabled=never -Dspring.profiles.active=agent -Dexperiment.deduplicate=true surefire:test",complete,investigation/raw/v2/03/agent/1,investigation/extracted/v2/03/agent/1/complete.txt,deterministic console extraction (not automatically agent input),python investigation/scripts/analyze.py --batch v2,3,4,4,True,"{""binding"": true, ""location"": true, ""request"": true, ""status"": true}",9400,109,2586,tiktoken 0.14.0 o200k_base,True
03,agent,1,1,True,True,expected: <200> but was: <400>,"mvn -o -B -ntp -Dmaven.repo.local=/Users/hadiranjbar/Downloads/java/token.usage/investigation/.m2 -Pinvestigation,agent-reports -Dtest=FailureCasesTest -Dexperiment.case=03 -Dexperiment.artifactDir=/Users/hadiranjbar/Downloads/java/token.usage/investigation/raw/v2/03/agent/1 -Dexperiment.reportDir=/Users/hadiranjbar/Downloads/java/token.usage/investigation/raw/v2/03/agent/1/reports -Dspring.output.ansi.enabled=never -Dspring.profiles.active=agent -Dexperiment.deduplicate=true surefire:test",window20,investigation/raw/v2/03/agent/1,investigation/extracted/v2/03/agent/1/window20.txt,deterministic console extraction (not automatically agent input),python investigation/scripts/analyze.py --batch v2,3,3,4,False,"{""binding"": true, ""location"": false, ""request"": true, ""status"": true}",2805,20,723,tiktoken 0.14.0 o200k_base,True
03,agent,1,1,True,True,expected: <200> but was: <400>,"mvn -o -B -ntp -Dmaven.repo.local=/Users/hadiranjbar/Downloads/java/token.usage/investigation/.m2 -Pinvestigation,agent-reports -Dtest=FailureCasesTest -Dexperiment.case=03 -Dexperiment.artifactDir=/Users/hadiranjbar/Downloads/java/token.usage/investigation/raw/v2/03/agent/1 -Dexperiment.reportDir=/Users/hadiranjbar/Downloads/java/token.usage/investigation/raw/v2/03/agent/1/reports -Dspring.output.ansi.enabled=never -Dspring.profiles.active=agent -Dexperiment.deduplicate=true surefire:test",filtered40,investigation/raw/v2/03/agent/1,investigation/extracted/v2/03/agent/1/filtered40.txt,deterministic console extraction (not automatically agent input),python investigation/scripts/analyze.py --batch v2,3,4,4,True,"{""binding"": true, ""location"": true, ""request"": true, ""status"": true}",689,7,183,tiktoken 0.14.0 o200k_base,True
03,agent,1,1,True,True,expected: <200> but was: <400>,"mvn -o -B -ntp -Dmaven.repo.local=/Users/hadiranjbar/Downloads/java/token.usage/investigation/.m2 -Pinvestigation,agent-reports -Dtest=FailureCasesTest -Dexperiment.case=03 -Dexperiment.artifactDir=/Users/hadiranjbar/Downloads/java/token.usage/investigation/raw/v2/03/agent/1 -Dexperiment.reportDir=/Users/hadiranjbar/Downloads/java/token.usage/investigation/raw/v2/03/agent/1/reports -Dspring.output.ansi.enabled=never -Dspring.profiles.active=agent -Dexperiment.deduplicate=true surefire:test",boundary,investigation/raw/v2/03/agent/1,investigation/extracted/v2/03/agent/1/boundary.txt,deterministic console extraction (not automatically agent input),python investigation/scripts/analyze.py --batch v2,3,4,4,True,"{""binding"": true, ""location"": true, ""request"": true, ""status"": true}",5752,51,1535,tiktoken 0.14.0 o200k_base,True
03,agent,1,1,True,True,expected: <200> but was: <400>,"mvn -o -B -ntp -Dmaven.repo.local=/Users/hadiranjbar/Downloads/java/token.usage/investigation/.m2 -Pinvestigation,agent-reports -Dtest=FailureCasesTest -Dexperiment.case=03 -Dexperiment.artifactDir=/Users/hadiranjbar/Downloads/java/token.usage/investigation/raw/v2/03/agent/1 -Dexperiment.reportDir=/Users/hadiranjbar/Downloads/java/token.usage/investigation/raw/v2/03/agent/1/reports -Dspring.output.ansi.enabled=never -Dspring.profiles.active=agent -Dexperiment.deduplicate=true surefire:test",dedup,investigation/raw/v2/03/agent/1,investigation/extracted/v2/03/agent/1/dedup.txt,deterministic console extraction (not automatically agent input),python investigation/scripts/analyze.py --batch v2,3,4,4,True,"{""binding"": true, ""location"": true, ""request"": true, ""status"": true}",5752,51,1535,tiktoken 0.14.0 o200k_base,True
03,agent,2,1,True,True,expected: <200> but was: <400>,"mvn -o -B -ntp -Dmaven.repo.local=/Users/hadiranjbar/Downloads/java/token.usage/investigation/.m2 -Pinvestigation,agent-reports -Dtest=FailureCasesTest -Dexperiment.case=03 -Dexperiment.artifactDir=/Users/hadiranjbar/Downloads/java/token.usage/investigation/raw/v2/03/agent/2 -Dexperiment.reportDir=/Users/hadiranjbar/Downloads/java/token.usage/investigation/raw/v2/03/agent/2/reports -Dspring.output.ansi.enabled=never -Dspring.profiles.active=agent -Dexperiment.deduplicate=true surefire:test",complete,investigation/raw/v2/03/agent/2,investigation/extracted/v2/03/agent/2/complete.txt,deterministic console extraction (not automatically agent input),python investigation/scripts/analyze.py --batch v2,3,4,4,True,"{""binding"": true, ""location"": true, ""request"": true, ""status"": true}",9400,109,2586,tiktoken 0.14.0 o200k_base,True
03,agent,2,1,True,True,expected: <200> but was: <400>,"mvn -o -B -ntp -Dmaven.repo.local=/Users/hadiranjbar/Downloads/java/token.usage/investigation/.m2 -Pinvestigation,agent-reports -Dtest=FailureCasesTest -Dexperiment.case=03 -Dexperiment.artifactDir=/Users/hadiranjbar/Downloads/java/token.usage/investigation/raw/v2/03/agent/2 -Dexperiment.reportDir=/Users/hadiranjbar/Downloads/java/token.usage/investigation/raw/v2/03/agent/2/reports -Dspring.output.ansi.enabled=never -Dspring.profiles.active=agent -Dexperiment.deduplicate=true surefire:test",window20,investigation/raw/v2/03/agent/2,investigation/extracted/v2/03/agent/2/window20.txt,deterministic console extraction (not automatically agent input),python investigation/scripts/analyze.py --batch v2,3,3,4,False,"{""binding"": true, ""location"": false, ""request"": true, ""status"": true}",2805,20,723,tiktoken 0.14.0 o200k_base,True
03,agent,2,1,True,True,expected: <200> but was: <400>,"mvn -o -B -ntp -Dmaven.repo.local=/Users/hadiranjbar/Downloads/java/token.usage/investigation/.m2 -Pinvestigation,agent-reports -Dtest=FailureCasesTest -Dexperiment.case=03 -Dexperiment.artifactDir=/Users/hadiranjbar/Downloads/java/token.usage/investigation/raw/v2/03/agent/2 -Dexperiment.reportDir=/Users/hadiranjbar/Downloads/java/token.usage/investigation/raw/v2/03/agent/2/reports -Dspring.output.ansi.enabled=never -Dspring.profiles.active=agent -Dexperiment.deduplicate=true surefire:test",filtered40,investigation/raw/v2/03/agent/2,investigation/extracted/v2/03/agent/2/filtered40.txt,deterministic console extraction (not automatically agent input),python investigation/scripts/analyze.py --batch v2,3,4,4,True,"{""binding"": true, ""location"": true, ""request"": true, ""status"": true}",689,7,183,tiktoken 0.14.0 o200k_base,True
03,agent,2,1,True,True,expected: <200> but was: <400>,"mvn -o -B -ntp -Dmaven.repo.local=/Users/hadiranjbar/Downloads/java/token.usage/investigation/.m2 -Pinvestigation,agent-reports -Dtest=FailureCasesTest -Dexperiment.case=03 -Dexperiment.artifactDir=/Users/hadiranjbar/Downloads/java/token.usage/investigation/raw/v2/03/agent/2 -Dexperiment.reportDir=/Users/hadiranjbar/Downloads/java/token.usage/investigation/raw/v2/03/agent/2/reports -Dspring.output.ansi.enabled=never -Dspring.profiles.active=agent -Dexperiment.deduplicate=true surefire:test",boundary,investigation/raw/v2/03/agent/2,investigation/extracted/v2/03/agent/2/boundary.txt,deterministic console extraction (not automatically agent input),python investigation/scripts/analyze.py --batch v2,3,4,4,True,"{""binding"": true, ""location"": true, ""request"": true, ""status"": true}",5752,51,1535,tiktoken 0.14.0 o200k_base,True
03,agent,2,1,True,True,expected: <200> but was: <400>,"mvn -o -B -ntp -Dmaven.repo.local=/Users/hadiranjbar/Downloads/java/token.usage/investigation/.m2 -Pinvestigation,agent-reports -Dtest=FailureCasesTest -Dexperiment.case=03 -Dexperiment.artifactDir=/Users/hadiranjbar/Downloads/java/token.usage/investigation/raw/v2/03/agent/2 -Dexperiment.reportDir=/Users/hadiranjbar/Downloads/java/token.usage/investigation/raw/v2/03/agent/2/reports -Dspring.output.ansi.enabled=never -Dspring.profiles.active=agent -Dexperiment.deduplicate=true surefire:test",dedup,investigation/raw/v2/03/agent/2,investigation/extracted/v2/03/agent/2/dedup.txt,deterministic console extraction (not automatically agent input),python investigation/scripts/analyze.py --batch v2,3,4,4,True,"{""binding"": true, ""location"": true, ""request"": true, ""status"": true}",5752,51,1535,tiktoken 0.14.0 o200k_base,True
03,agent,3,1,True,True,expected: <200> but was: <400>,"mvn -o -B -ntp -Dmaven.repo.local=/Users/hadiranjbar/Downloads/java/token.usage/investigation/.m2 -Pinvestigation,agent-reports -Dtest=FailureCasesTest -Dexperiment.case=03 -Dexperiment.artifactDir=/Users/hadiranjbar/Downloads/java/token.usage/investigation/raw/v2/03/agent/3 -Dexperiment.reportDir=/Users/hadiranjbar/Downloads/java/token.usage/investigation/raw/v2/03/agent/3/reports -Dspring.output.ansi.enabled=never -Dspring.profiles.active=agent -Dexperiment.deduplicate=true surefire:test",complete,investigation/raw/v2/03/agent/3,investigation/extracted/v2/03/agent/3/complete.txt,deterministic console extraction (not automatically agent input),python investigation/scripts/analyze.py --batch v2,3,4,4,True,"{""binding"": true, ""location"": true, ""request"": true, ""status"": true}",9400,109,2586,tiktoken 0.14.0 o200k_base,True
03,agent,3,1,True,True,expected: <200> but was: <400>,"mvn -o -B -ntp -Dmaven.repo.local=/Users/hadiranjbar/Downloads/java/token.usage/investigation/.m2 -Pinvestigation,agent-reports -Dtest=FailureCasesTest -Dexperiment.case=03 -Dexperiment.artifactDir=/Users/hadiranjbar/Downloads/java/token.usage/investigation/raw/v2/03/agent/3 -Dexperiment.reportDir=/Users/hadiranjbar/Downloads/java/token.usage/investigation/raw/v2/03/agent/3/reports -Dspring.output.ansi.enabled=never -Dspring.profiles.active=agent -Dexperiment.deduplicate=true surefire:test",window20,investigation/raw/v2/03/agent/3,investigation/extracted/v2/03/agent/3/window20.txt,deterministic console extraction (not automatically agent input),python investigation/scripts/analyze.py --batch v2,3,3,4,False,"{""binding"": true, ""location"": false, ""request"": true, ""status"": true}",2805,20,723,tiktoken 0.14.0 o200k_base,True
03,agent,3,1,True,True,expected: <200> but was: <400>,"mvn -o -B -ntp -Dmaven.repo.local=/Users/hadiranjbar/Downloads/java/token.usage/investigation/.m2 -Pinvestigation,agent-reports -Dtest=FailureCasesTest -Dexperiment.case=03 -Dexperiment.artifactDir=/Users/hadiranjbar/Downloads/java/token.usage/investigation/raw/v2/03/agent/3 -Dexperiment.reportDir=/Users/hadiranjbar/Downloads/java/token.usage/investigation/raw/v2/03/agent/3/reports -Dspring.output.ansi.enabled=never -Dspring.profiles.active=agent -Dexperiment.deduplicate=true surefire:test",filtered40,investigation/raw/v2/03/agent/3,investigation/extracted/v2/03/agent/3/filtered40.txt,deterministic console extraction (not automatically agent input),python investigation/scripts/analyze.py --batch v2,3,4,4,True,"{""binding"": true, ""location"": true, ""request"": true, ""status"": true}",689,7,183,tiktoken 0.14.0 o200k_base,True
03,agent,3,1,True,True,expected: <200> but was: <400>,"mvn -o -B -ntp -Dmaven.repo.local=/Users/hadiranjbar/Downloads/java/token.usage/investigation/.m2 -Pinvestigation,agent-reports -Dtest=FailureCasesTest -Dexperiment.case=03 -Dexperiment.artifactDir=/Users/hadiranjbar/Downloads/java/token.usage/investigation/raw/v2/03/agent/3 -Dexperiment.reportDir=/Users/hadiranjbar/Downloads/java/token.usage/investigation/raw/v2/03/agent/3/reports -Dspring.output.ansi.enabled=never -Dspring.profiles.active=agent -Dexperiment.deduplicate=true surefire:test",boundary,investigation/raw/v2/03/agent/3,investigation/extracted/v2/03/agent/3/boundary.txt,deterministic console extraction (not automatically agent input),python investigation/scripts/analyze.py --batch v2,3,4,4,True,"{""binding"": true, ""location"": true, ""request"": true, ""status"": true}",5752,51,1535,tiktoken 0.14.0 o200k_base,True
03,agent,3,1,True,True,expected: <200> but was: <400>,"mvn -o -B -ntp -Dmaven.repo.local=/Users/hadiranjbar/Downloads/java/token.usage/investigation/.m2 -Pinvestigation,agent-reports -Dtest=FailureCasesTest -Dexperiment.case=03 -Dexperiment.artifactDir=/Users/hadiranjbar/Downloads/java/token.usage/investigation/raw/v2/03/agent/3 -Dexperiment.reportDir=/Users/hadiranjbar/Downloads/java/token.usage/investigation/raw/v2/03/agent/3/reports -Dspring.output.ansi.enabled=never -Dspring.profiles.active=agent -Dexperiment.deduplicate=true surefire:test",dedup,investigation/raw/v2/03/agent/3,investigation/extracted/v2/03/agent/3/dedup.txt,deterministic console extraction (not automatically agent input),python investigation/scripts/analyze.py --batch v2,3,4,4,True,"{""binding"": true, ""location"": true, ""request"": true, ""status"": true}",5752,51,1535,tiktoken 0.14.0 o200k_base,True
03,default,1,1,True,True,expected: <200> but was: <400>,mvn -o -B -ntp -Dmaven.repo.local=/Users/hadiranjbar/Downloads/java/token.usage/investigation/.m2 -Pinvestigation -Dtest=FailureCasesTest -Dexperiment.case=03 -Dexperiment.artifactDir=/Users/hadiranjbar/Downloads/java/token.usage/investigation/raw/v2/03/default/1 -Dexperiment.reportDir=/Users/hadiranjbar/Downloads/java/token.usage/investigation/raw/v2/03/default/1/reports -Dspring.output.ansi.enabled=never surefire:test,complete,investigation/raw/v2/03/default/1,investigation/extracted/v2/03/default/1/complete.txt,deterministic console extraction (not automatically agent input),python investigation/scripts/analyze.py --batch v2,3,4,4,True,"{""binding"": true, ""location"": true, ""request"": true, ""status"": true}",21197,189,5920,tiktoken 0.14.0 o200k_base,True
03,default,1,1,True,True,expected: <200> but was: <400>,mvn -o -B -ntp -Dmaven.repo.local=/Users/hadiranjbar/Downloads/java/token.usage/investigation/.m2 -Pinvestigation -Dtest=FailureCasesTest -Dexperiment.case=03 -Dexperiment.artifactDir=/Users/hadiranjbar/Downloads/java/token.usage/investigation/raw/v2/03/default/1 -Dexperiment.reportDir=/Users/hadiranjbar/Downloads/java/token.usage/investigation/raw/v2/03/default/1/reports -Dspring.output.ansi.enabled=never surefire:test,window20,investigation/raw/v2/03/default/1,investigation/extracted/v2/03/default/1/window20.txt,deterministic console extraction (not automatically agent input),python investigation/scripts/analyze.py --batch v2,3,3,4,False,"{""binding"": true, ""location"": false, ""request"": true, ""status"": true}",2867,20,745,tiktoken 0.14.0 o200k_base,True
03,default,1,1,True,True,expected: <200> but was: <400>,mvn -o -B -ntp -Dmaven.repo.local=/Users/hadiranjbar/Downloads/java/token.usage/investigation/.m2 -Pinvestigation -Dtest=FailureCasesTest -Dexperiment.case=03 -Dexperiment.artifactDir=/Users/hadiranjbar/Downloads/java/token.usage/investigation/raw/v2/03/default/1 -Dexperiment.reportDir=/Users/hadiranjbar/Downloads/java/token.usage/investigation/raw/v2/03/default/1/reports -Dspring.output.ansi.enabled=never surefire:test,filtered40,investigation/raw/v2/03/default/1,investigation/extracted/v2/03/default/1/filtered40.txt,deterministic console extraction (not automatically agent input),python investigation/scripts/analyze.py --batch v2,3,4,4,True,"{""binding"": true, ""location"": true, ""request"": true, ""status"": true}",683,6,188,tiktoken 0.14.0 o200k_base,True
03,default,1,1,True,True,expected: <200> but was: <400>,mvn -o -B -ntp -Dmaven.repo.local=/Users/hadiranjbar/Downloads/java/token.usage/investigation/.m2 -Pinvestigation -Dtest=FailureCasesTest -Dexperiment.case=03 -Dexperiment.artifactDir=/Users/hadiranjbar/Downloads/java/token.usage/investigation/raw/v2/03/default/1 -Dexperiment.reportDir=/Users/hadiranjbar/Downloads/java/token.usage/investigation/raw/v2/03/default/1/reports -Dspring.output.ansi.enabled=never surefire:test,boundary,investigation/raw/v2/03/default/1,investigation/extracted/v2/03/default/1/boundary.txt,deterministic console extraction (not automatically agent input),python investigation/scripts/analyze.py --batch v2,3,4,4,True,"{""binding"": true, ""location"": true, ""request"": true, ""status"": true}",17445,131,4848,tiktoken 0.14.0 o200k_base,True
03,default,1,1,True,True,expected: <200> but was: <400>,mvn -o -B -ntp -Dmaven.repo.local=/Users/hadiranjbar/Downloads/java/token.usage/investigation/.m2 -Pinvestigation -Dtest=FailureCasesTest -Dexperiment.case=03 -Dexperiment.artifactDir=/Users/hadiranjbar/Downloads/java/token.usage/investigation/raw/v2/03/default/1 -Dexperiment.reportDir=/Users/hadiranjbar/Downloads/java/token.usage/investigation/raw/v2/03/default/1/reports -Dspring.output.ansi.enabled=never surefire:test,dedup,investigation/raw/v2/03/default/1,investigation/extracted/v2/03/default/1/dedup.txt,deterministic console extraction (not automatically agent input),python investigation/scripts/analyze.py --batch v2,3,4,4,True,"{""binding"": true, ""location"": true, ""request"": true, ""status"": true}",17445,131,4848,tiktoken 0.14.0 o200k_base,True
03,default,2,1,True,True,expected: <200> but was: <400>,mvn -o -B -ntp -Dmaven.repo.local=/Users/hadiranjbar/Downloads/java/token.usage/investigation/.m2 -Pinvestigation -Dtest=FailureCasesTest -Dexperiment.case=03 -Dexperiment.artifactDir=/Users/hadiranjbar/Downloads/java/token.usage/investigation/raw/v2/03/default/2 -Dexperiment.reportDir=/Users/hadiranjbar/Downloads/java/token.usage/investigation/raw/v2/03/default/2/reports -Dspring.output.ansi.enabled=never surefire:test,complete,investigation/raw/v2/03/default/2,investigation/extracted/v2/03/default/2/complete.txt,deterministic console extraction (not automatically agent input),python investigation/scripts/analyze.py --batch v2,3,4,4,True,"{""binding"": true, ""location"": true, ""request"": true, ""status"": true}",21197,189,5920,tiktoken 0.14.0 o200k_base,True
03,default,2,1,True,True,expected: <200> but was: <400>,mvn -o -B -ntp -Dmaven.repo.local=/Users/hadiranjbar/Downloads/java/token.usage/investigation/.m2 -Pinvestigation -Dtest=FailureCasesTest -Dexperiment.case=03 -Dexperiment.artifactDir=/Users/hadiranjbar/Downloads/java/token.usage/investigation/raw/v2/03/default/2 -Dexperiment.reportDir=/Users/hadiranjbar/Downloads/java/token.usage/investigation/raw/v2/03/default/2/reports -Dspring.output.ansi.enabled=never surefire:test,window20,investigation/raw/v2/03/default/2,investigation/extracted/v2/03/default/2/window20.txt,deterministic console extraction (not automatically agent input),python investigation/scripts/analyze.py --batch v2,3,3,4,False,"{""binding"": true, ""location"": false, ""request"": true, ""status"": true}",2867,20,745,tiktoken 0.14.0 o200k_base,True
03,default,2,1,True,True,expected: <200> but was: <400>,mvn -o -B -ntp -Dmaven.repo.local=/Users/hadiranjbar/Downloads/java/token.usage/investigation/.m2 -Pinvestigation -Dtest=FailureCasesTest -Dexperiment.case=03 -Dexperiment.artifactDir=/Users/hadiranjbar/Downloads/java/token.usage/investigation/raw/v2/03/default/2 -Dexperiment.reportDir=/Users/hadiranjbar/Downloads/java/token.usage/investigation/raw/v2/03/default/2/reports -Dspring.output.ansi.enabled=never surefire:test,filtered40,investigation/raw/v2/03/default/2,investigation/extracted/v2/03/default/2/filtered40.txt,deterministic console extraction (not automatically agent input),python investigation/scripts/analyze.py --batch v2,3,4,4,True,"{""binding"": true, ""location"": true, ""request"": true, ""status"": true}",683,6,188,tiktoken 0.14.0 o200k_base,True
03,default,2,1,True,True,expected: <200> but was: <400>,mvn -o -B -ntp -Dmaven.repo.local=/Users/hadiranjbar/Downloads/java/token.usage/investigation/.m2 -Pinvestigation -Dtest=FailureCasesTest -Dexperiment.case=03 -Dexperiment.artifactDir=/Users/hadiranjbar/Downloads/java/token.usage/investigation/raw/v2/03/default/2 -Dexperiment.reportDir=/Users/hadiranjbar/Downloads/java/token.usage/investigation/raw/v2/03/default/2/reports -Dspring.output.ansi.enabled=never surefire:test,boundary,investigation/raw/v2/03/default/2,investigation/extracted/v2/03/default/2/boundary.txt,deterministic console extraction (not automatically agent input),python investigation/scripts/analyze.py --batch v2,3,4,4,True,"{""binding"": true, ""location"": true, ""request"": true, ""status"": true}",17445,131,4848,tiktoken 0.14.0 o200k_base,True
03,default,2,1,True,True,expected: <200> but was: <400>,mvn -o -B -ntp -Dmaven.repo.local=/Users/hadiranjbar/Downloads/java/token.usage/investigation/.m2 -Pinvestigation -Dtest=FailureCasesTest -Dexperiment.case=03 -Dexperiment.artifactDir=/Users/hadiranjbar/Downloads/java/token.usage/investigation/raw/v2/03/default/2 -Dexperiment.reportDir=/Users/hadiranjbar/Downloads/java/token.usage/investigation/raw/v2/03/default/2/reports -Dspring.output.ansi.enabled=never surefire:test,dedup,investigation/raw/v2/03/default/2,investigation/extracted/v2/03/default/2/dedup.txt,deterministic console extraction (not automatically agent input),python investigation/scripts/analyze.py --batch v2,3,4,4,True,"{""binding"": true, ""location"": true, ""request"": true, ""status"": true}",17445,131,4848,tiktoken 0.14.0 o200k_base,True
03,default,3,1,True,True,expected: <200> but was: <400>,mvn -o -B -ntp -Dmaven.repo.local=/Users/hadiranjbar/Downloads/java/token.usage/investigation/.m2 -Pinvestigation -Dtest=FailureCasesTest -Dexperiment.case=03 -Dexperiment.artifactDir=/Users/hadiranjbar/Downloads/java/token.usage/investigation/raw/v2/03/default/3 -Dexperiment.reportDir=/Users/hadiranjbar/Downloads/java/token.usage/investigation/raw/v2/03/default/3/reports -Dspring.output.ansi.enabled=never surefire:test,complete,investigation/raw/v2/03/default/3,investigation/extracted/v2/03/default/3/complete.txt,deterministic console extraction (not automatically agent input),python investigation/scripts/analyze.py --batch v2,3,4,4,True,"{""binding"": true, ""location"": true, ""request"": true, ""status"": true}",21197,189,5920,tiktoken 0.14.0 o200k_base,True
03,default,3,1,True,True,expected: <200> but was: <400>,mvn -o -B -ntp -Dmaven.repo.local=/Users/hadiranjbar/Downloads/java/token.usage/investigation/.m2 -Pinvestigation -Dtest=FailureCasesTest -Dexperiment.case=03 -Dexperiment.artifactDir=/Users/hadiranjbar/Downloads/java/token.usage/investigation/raw/v2/03/default/3 -Dexperiment.reportDir=/Users/hadiranjbar/Downloads/java/token.usage/investigation/raw/v2/03/default/3/reports -Dspring.output.ansi.enabled=never surefire:test,window20,investigation/raw/v2/03/default/3,investigation/extracted/v2/03/default/3/window20.txt,deterministic console extraction (not automatically agent input),python investigation/scripts/analyze.py --batch v2,3,3,4,False,"{""binding"": true, ""location"": false, ""request"": true, ""status"": true}",2867,20,745,tiktoken 0.14.0 o200k_base,True
03,default,3,1,True,True,expected: <200> but was: <400>,mvn -o -B -ntp -Dmaven.repo.local=/Users/hadiranjbar/Downloads/java/token.usage/investigation/.m2 -Pinvestigation -Dtest=FailureCasesTest -Dexperiment.case=03 -Dexperiment.artifactDir=/Users/hadiranjbar/Downloads/java/token.usage/investigation/raw/v2/03/default/3 -Dexperiment.reportDir=/Users/hadiranjbar/Downloads/java/token.usage/investigation/raw/v2/03/default/3/reports -Dspring.output.ansi.enabled=never surefire:test,filtered40,investigation/raw/v2/03/default/3,investigation/extracted/v2/03/default/3/filtered40.txt,deterministic console extraction (not automatically agent input),python investigation/scripts/analyze.py --batch v2,3,4,4,True,"{""binding"": true, ""location"": true, ""request"": true, ""status"": true}",683,6,188,tiktoken 0.14.0 o200k_base,True
03,default,3,1,True,True,expected: <200> but was: <400>,mvn -o -B -ntp -Dmaven.repo.local=/Users/hadiranjbar/Downloads/java/token.usage/investigation/.m2 -Pinvestigation -Dtest=FailureCasesTest -Dexperiment.case=03 -Dexperiment.artifactDir=/Users/hadiranjbar/Downloads/java/token.usage/investigation/raw/v2/03/default/3 -Dexperiment.reportDir=/Users/hadiranjbar/Downloads/java/token.usage/investigation/raw/v2/03/default/3/reports -Dspring.output.ansi.enabled=never surefire:test,boundary,investigation/raw/v2/03/default/3,investigation/extracted/v2/03/default/3/boundary.txt,deterministic console extraction (not automatically agent input),python investigation/scripts/analyze.py --batch v2,3,4,4,True,"{""binding"": true, ""location"": true, ""request"": true, ""status"": true}",17445,131,4848,tiktoken 0.14.0 o200k_base,True
03,default,3,1,True,True,expected: <200> but was: <400>,mvn -o -B -ntp -Dmaven.repo.local=/Users/hadiranjbar/Downloads/java/token.usage/investigation/.m2 -Pinvestigation -Dtest=FailureCasesTest -Dexperiment.case=03 -Dexperiment.artifactDir=/Users/hadiranjbar/Downloads/java/token.usage/investigation/raw/v2/03/default/3 -Dexperiment.reportDir=/Users/hadiranjbar/Downloads/java/token.usage/investigation/raw/v2/03/default/3/reports -Dspring.output.ansi.enabled=never surefire:test,dedup,investigation/raw/v2/03/default/3,investigation/extracted/v2/03/default/3/dedup.txt,deterministic console extraction (not automatically agent input),python investigation/scripts/analyze.py --batch v2,3,4,4,True,"{""binding"": true, ""location"": true, ""request"": true, ""status"": true}",17445,131,4848,tiktoken 0.14.0 o200k_base,True
03,p1,1,1,True,True,expected: <200> but was: <400>,mvn -o -B -ntp -Dmaven.repo.local=/Users/hadiranjbar/Downloads/java/token.usage/investigation/.m2 -Pinvestigation -Dtest=FailureCasesTest -Dexperiment.case=03 -Dexperiment.artifactDir=/Users/hadiranjbar/Downloads/java/token.usage/investigation/raw/v2/03/p1/1 -Dexperiment.reportDir=/Users/hadiranjbar/Downloads/java/token.usage/investigation/raw/v2/03/p1/1/reports -Dspring.output.ansi.enabled=never -Dspring.profiles.active=p1 surefire:test,complete,investigation/raw/v2/03/p1/1,investigation/extracted/v2/03/p1/1/complete.txt,deterministic console extraction (not automatically agent input),python investigation/scripts/analyze.py --batch v2,3,4,4,True,"{""binding"": true, ""location"": true, ""request"": true, ""status"": true}",20737,189,5763,tiktoken 0.14.0 o200k_base,True
03,p1,1,1,True,True,expected: <200> but was: <400>,mvn -o -B -ntp -Dmaven.repo.local=/Users/hadiranjbar/Downloads/java/token.usage/investigation/.m2 -Pinvestigation -Dtest=FailureCasesTest -Dexperiment.case=03 -Dexperiment.artifactDir=/Users/hadiranjbar/Downloads/java/token.usage/investigation/raw/v2/03/p1/1 -Dexperiment.reportDir=/Users/hadiranjbar/Downloads/java/token.usage/investigation/raw/v2/03/p1/1/reports -Dspring.output.ansi.enabled=never -Dspring.profiles.active=p1 surefire:test,window20,investigation/raw/v2/03/p1/1,investigation/extracted/v2/03/p1/1/window20.txt,deterministic console extraction (not automatically agent input),python investigation/scripts/analyze.py --batch v2,3,3,4,False,"{""binding"": true, ""location"": false, ""request"": true, ""status"": true}",2805,20,723,tiktoken 0.14.0 o200k_base,True
03,p1,1,1,True,True,expected: <200> but was: <400>,mvn -o -B -ntp -Dmaven.repo.local=/Users/hadiranjbar/Downloads/java/token.usage/investigation/.m2 -Pinvestigation -Dtest=FailureCasesTest -Dexperiment.case=03 -Dexperiment.artifactDir=/Users/hadiranjbar/Downloads/java/token.usage/investigation/raw/v2/03/p1/1 -Dexperiment.reportDir=/Users/hadiranjbar/Downloads/java/token.usage/investigation/raw/v2/03/p1/1/reports -Dspring.output.ansi.enabled=never -Dspring.profiles.active=p1 surefire:test,filtered40,investigation/raw/v2/03/p1/1,investigation/extracted/v2/03/p1/1/filtered40.txt,deterministic console extraction (not automatically agent input),python investigation/scripts/analyze.py --batch v2,3,4,4,True,"{""binding"": true, ""location"": true, ""request"": true, ""status"": true}",621,6,166,tiktoken 0.14.0 o200k_base,True
03,p1,1,1,True,True,expected: <200> but was: <400>,mvn -o -B -ntp -Dmaven.repo.local=/Users/hadiranjbar/Downloads/java/token.usage/investigation/.m2 -Pinvestigation -Dtest=FailureCasesTest -Dexperiment.case=03 -Dexperiment.artifactDir=/Users/hadiranjbar/Downloads/java/token.usage/investigation/raw/v2/03/p1/1 -Dexperiment.reportDir=/Users/hadiranjbar/Downloads/java/token.usage/investigation/raw/v2/03/p1/1/reports -Dspring.output.ansi.enabled=never -Dspring.profiles.active=p1 surefire:test,boundary,investigation/raw/v2/03/p1/1,investigation/extracted/v2/03/p1/1/boundary.txt,deterministic console extraction (not automatically agent input),python investigation/scripts/analyze.py --batch v2,3,4,4,True,"{""binding"": true, ""location"": true, ""request"": true, ""status"": true}",17383,131,4826,tiktoken 0.14.0 o200k_base,True
03,p1,1,1,True,True,expected: <200> but was: <400>,mvn -o -B -ntp -Dmaven.repo.local=/Users/hadiranjbar/Downloads/java/token.usage/investigation/.m2 -Pinvestigation -Dtest=FailureCasesTest -Dexperiment.case=03 -Dexperiment.artifactDir=/Users/hadiranjbar/Downloads/java/token.usage/investigation/raw/v2/03/p1/1 -Dexperiment.reportDir=/Users/hadiranjbar/Downloads/java/token.usage/investigation/raw/v2/03/p1/1/reports -Dspring.output.ansi.enabled=never -Dspring.profiles.active=p1 surefire:test,dedup,investigation/raw/v2/03/p1/1,investigation/extracted/v2/03/p1/1/dedup.txt,deterministic console extraction (not automatically agent input),python investigation/scripts/analyze.py --batch v2,3,4,4,True,"{""binding"": true, ""location"": true, ""request"": true, ""status"": true}",17383,131,4826,tiktoken 0.14.0 o200k_base,True
03,p1,2,1,True,True,expected: <200> but was: <400>,mvn -o -B -ntp -Dmaven.repo.local=/Users/hadiranjbar/Downloads/java/token.usage/investigation/.m2 -Pinvestigation -Dtest=FailureCasesTest -Dexperiment.case=03 -Dexperiment.artifactDir=/Users/hadiranjbar/Downloads/java/token.usage/investigation/raw/v2/03/p1/2 -Dexperiment.reportDir=/Users/hadiranjbar/Downloads/java/token.usage/investigation/raw/v2/03/p1/2/reports -Dspring.output.ansi.enabled=never -Dspring.profiles.active=p1 surefire:test,complete,investigation/raw/v2/03/p1/2,investigation/extracted/v2/03/p1/2/complete.txt,deterministic console extraction (not automatically agent input),python investigation/scripts/analyze.py --batch v2,3,4,4,True,"{""binding"": true, ""location"": true, ""request"": true, ""status"": true}",20737,189,5763,tiktoken 0.14.0 o200k_base,True
03,p1,2,1,True,True,expected: <200> but was: <400>,mvn -o -B -ntp -Dmaven.repo.local=/Users/hadiranjbar/Downloads/java/token.usage/investigation/.m2 -Pinvestigation -Dtest=FailureCasesTest -Dexperiment.case=03 -Dexperiment.artifactDir=/Users/hadiranjbar/Downloads/java/token.usage/investigation/raw/v2/03/p1/2 -Dexperiment.reportDir=/Users/hadiranjbar/Downloads/java/token.usage/investigation/raw/v2/03/p1/2/reports -Dspring.output.ansi.enabled=never -Dspring.profiles.active=p1 surefire:test,window20,investigation/raw/v2/03/p1/2,investigation/extracted/v2/03/p1/2/window20.txt,deterministic console extraction (not automatically agent input),python investigation/scripts/analyze.py --batch v2,3,3,4,False,"{""binding"": true, ""location"": false, ""request"": true, ""status"": true}",2805,20,723,tiktoken 0.14.0 o200k_base,True
03,p1,2,1,True,True,expected: <200> but was: <400>,mvn -o -B -ntp -Dmaven.repo.local=/Users/hadiranjbar/Downloads/java/token.usage/investigation/.m2 -Pinvestigation -Dtest=FailureCasesTest -Dexperiment.case=03 -Dexperiment.artifactDir=/Users/hadiranjbar/Downloads/java/token.usage/investigation/raw/v2/03/p1/2 -Dexperiment.reportDir=/Users/hadiranjbar/Downloads/java/token.usage/investigation/raw/v2/03/p1/2/reports -Dspring.output.ansi.enabled=never -Dspring.profiles.active=p1 surefire:test,filtered40,investigation/raw/v2/03/p1/2,investigation/extracted/v2/03/p1/2/filtered40.txt,deterministic console extraction (not automatically agent input),python investigation/scripts/analyze.py --batch v2,3,4,4,True,"{""binding"": true, ""location"": true, ""request"": true, ""status"": true}",621,6,166,tiktoken 0.14.0 o200k_base,True
03,p1,2,1,True,True,expected: <200> but was: <400>,mvn -o -B -ntp -Dmaven.repo.local=/Users/hadiranjbar/Downloads/java/token.usage/investigation/.m2 -Pinvestigation -Dtest=FailureCasesTest -Dexperiment.case=03 -Dexperiment.artifactDir=/Users/hadiranjbar/Downloads/java/token.usage/investigation/raw/v2/03/p1/2 -Dexperiment.reportDir=/Users/hadiranjbar/Downloads/java/token.usage/investigation/raw/v2/03/p1/2/reports -Dspring.output.ansi.enabled=never -Dspring.profiles.active=p1 surefire:test,boundary,investigation/raw/v2/03/p1/2,investigation/extracted/v2/03/p1/2/boundary.txt,deterministic console extraction (not automatically agent input),python investigation/scripts/analyze.py --batch v2,3,4,4,True,"{""binding"": true, ""location"": true, ""request"": true, ""status"": true}",17383,131,4826,tiktoken 0.14.0 o200k_base,True
03,p1,2,1,True,True,expected: <200> but was: <400>,mvn -o -B -ntp -Dmaven.repo.local=/Users/hadiranjbar/Downloads/java/token.usage/investigation/.m2 -Pinvestigation -Dtest=FailureCasesTest -Dexperiment.case=03 -Dexperiment.artifactDir=/Users/hadiranjbar/Downloads/java/token.usage/investigation/raw/v2/03/p1/2 -Dexperiment.reportDir=/Users/hadiranjbar/Downloads/java/token.usage/investigation/raw/v2/03/p1/2/reports -Dspring.output.ansi.enabled=never -Dspring.profiles.active=p1 surefire:test,dedup,investigation/raw/v2/03/p1/2,investigation/extracted/v2/03/p1/2/dedup.txt,deterministic console extraction (not automatically agent input),python investigation/scripts/analyze.py --batch v2,3,4,4,True,"{""binding"": true, ""location"": true, ""request"": true, ""status"": true}",17383,131,4826,tiktoken 0.14.0 o200k_base,True
03,p1,3,1,True,True,expected: <200> but was: <400>,mvn -o -B -ntp -Dmaven.repo.local=/Users/hadiranjbar/Downloads/java/token.usage/investigation/.m2 -Pinvestigation -Dtest=FailureCasesTest -Dexperiment.case=03 -Dexperiment.artifactDir=/Users/hadiranjbar/Downloads/java/token.usage/investigation/raw/v2/03/p1/3 -Dexperiment.reportDir=/Users/hadiranjbar/Downloads/java/token.usage/investigation/raw/v2/03/p1/3/reports -Dspring.output.ansi.enabled=never -Dspring.profiles.active=p1 surefire:test,complete,investigation/raw/v2/03/p1/3,investigation/extracted/v2/03/p1/3/complete.txt,deterministic console extraction (not automatically agent input),python investigation/scripts/analyze.py --batch v2,3,4,4,True,"{""binding"": true, ""location"": true, ""request"": true, ""status"": true}",20735,189,5763,tiktoken 0.14.0 o200k_base,True
03,p1,3,1,True,True,expected: <200> but was: <400>,mvn -o -B -ntp -Dmaven.repo.local=/Users/hadiranjbar/Downloads/java/token.usage/investigation/.m2 -Pinvestigation -Dtest=FailureCasesTest -Dexperiment.case=03 -Dexperiment.artifactDir=/Users/hadiranjbar/Downloads/java/token.usage/investigation/raw/v2/03/p1/3 -Dexperiment.reportDir=/Users/hadiranjbar/Downloads/java/token.usage/investigation/raw/v2/03/p1/3/reports -Dspring.output.ansi.enabled=never -Dspring.profiles.active=p1 surefire:test,window20,investigation/raw/v2/03/p1/3,investigation/extracted/v2/03/p1/3/window20.txt,deterministic console extraction (not automatically agent input),python investigation/scripts/analyze.py --batch v2,3,3,4,False,"{""binding"": true, ""location"": false, ""request"": true, ""status"": true}",2805,20,723,tiktoken 0.14.0 o200k_base,True
03,p1,3,1,True,True,expected: <200> but was: <400>,mvn -o -B -ntp -Dmaven.repo.local=/Users/hadiranjbar/Downloads/java/token.usage/investigation/.m2 -Pinvestigation -Dtest=FailureCasesTest -Dexperiment.case=03 -Dexperiment.artifactDir=/Users/hadiranjbar/Downloads/java/token.usage/investigation/raw/v2/03/p1/3 -Dexperiment.reportDir=/Users/hadiranjbar/Downloads/java/token.usage/investigation/raw/v2/03/p1/3/reports -Dspring.output.ansi.enabled=never -Dspring.profiles.active=p1 surefire:test,filtered40,investigation/raw/v2/03/p1/3,investigation/extracted/v2/03/p1/3/filtered40.txt,deterministic console extraction (not automatically agent input),python investigation/scripts/analyze.py --batch v2,3,4,4,True,"{""binding"": true, ""location"": true, ""request"": true, ""status"": true}",621,6,166,tiktoken 0.14.0 o200k_base,True
03,p1,3,1,True,True,expected: <200> but was: <400>,mvn -o -B -ntp -Dmaven.repo.local=/Users/hadiranjbar/Downloads/java/token.usage/investigation/.m2 -Pinvestigation -Dtest=FailureCasesTest -Dexperiment.case=03 -Dexperiment.artifactDir=/Users/hadiranjbar/Downloads/java/token.usage/investigation/raw/v2/03/p1/3 -Dexperiment.reportDir=/Users/hadiranjbar/Downloads/java/token.usage/investigation/raw/v2/03/p1/3/reports -Dspring.output.ansi.enabled=never -Dspring.profiles.active=p1 surefire:test,boundary,investigation/raw/v2/03/p1/3,investigation/extracted/v2/03/p1/3/boundary.txt,deterministic console extraction (not automatically agent input),python investigation/scripts/analyze.py --batch v2,3,4,4,True,"{""binding"": true, ""location"": true, ""request"": true, ""status"": true}",17383,131,4826,tiktoken 0.14.0 o200k_base,True
03,p1,3,1,True,True,expected: <200> but was: <400>,mvn -o -B -ntp -Dmaven.repo.local=/Users/hadiranjbar/Downloads/java/token.usage/investigation/.m2 -Pinvestigation -Dtest=FailureCasesTest -Dexperiment.case=03 -Dexperiment.artifactDir=/Users/hadiranjbar/Downloads/java/token.usage/investigation/raw/v2/03/p1/3 -Dexperiment.reportDir=/Users/hadiranjbar/Downloads/java/token.usage/investigation/raw/v2/03/p1/3/reports -Dspring.output.ansi.enabled=never -Dspring.profiles.active=p1 surefire:test,dedup,investigation/raw/v2/03/p1/3,investigation/extracted/v2/03/p1/3/dedup.txt,deterministic console extraction (not automatically agent input),python investigation/scripts/analyze.py --batch v2,3,4,4,True,"{""binding"": true, ""location"": true, ""request"": true, ""status"": true}",17383,131,4826,tiktoken 0.14.0 o200k_base,True
03,p2,1,1,True,True,expected: <200> but was: <400>,mvn -o -B -ntp -Dmaven.repo.local=/Users/hadiranjbar/Downloads/java/token.usage/investigation/.m2 -Pinvestigation -Dtest=FailureCasesTest -Dexperiment.case=03 -Dexperiment.artifactDir=/Users/hadiranjbar/Downloads/java/token.usage/investigation/raw/v2/03/p2/1 -Dexperiment.reportDir=/Users/hadiranjbar/Downloads/java/token.usage/investigation/raw/v2/03/p2/1/reports -Dspring.output.ansi.enabled=never -Dspring.profiles.active=p2 surefire:test,complete,investigation/raw/v2/03/p2/1,investigation/extracted/v2/03/p2/1/complete.txt,deterministic console extraction (not automatically agent input),python investigation/scripts/analyze.py --batch v2,3,4,4,True,"{""binding"": true, ""location"": true, ""request"": true, ""status"": true}",10088,114,2775,tiktoken 0.14.0 o200k_base,True
03,p2,1,1,True,True,expected: <200> but was: <400>,mvn -o -B -ntp -Dmaven.repo.local=/Users/hadiranjbar/Downloads/java/token.usage/investigation/.m2 -Pinvestigation -Dtest=FailureCasesTest -Dexperiment.case=03 -Dexperiment.artifactDir=/Users/hadiranjbar/Downloads/java/token.usage/investigation/raw/v2/03/p2/1 -Dexperiment.reportDir=/Users/hadiranjbar/Downloads/java/token.usage/investigation/raw/v2/03/p2/1/reports -Dspring.output.ansi.enabled=never -Dspring.profiles.active=p2 surefire:test,window20,investigation/raw/v2/03/p2/1,investigation/extracted/v2/03/p2/1/window20.txt,deterministic console extraction (not automatically agent input),python investigation/scripts/analyze.py --batch v2,3,3,4,False,"{""binding"": true, ""location"": false, ""request"": true, ""status"": true}",2867,20,745,tiktoken 0.14.0 o200k_base,True
03,p2,1,1,True,True,expected: <200> but was: <400>,mvn -o -B -ntp -Dmaven.repo.local=/Users/hadiranjbar/Downloads/java/token.usage/investigation/.m2 -Pinvestigation -Dtest=FailureCasesTest -Dexperiment.case=03 -Dexperiment.artifactDir=/Users/hadiranjbar/Downloads/java/token.usage/investigation/raw/v2/03/p2/1 -Dexperiment.reportDir=/Users/hadiranjbar/Downloads/java/token.usage/investigation/raw/v2/03/p2/1/reports -Dspring.output.ansi.enabled=never -Dspring.profiles.active=p2 surefire:test,filtered40,investigation/raw/v2/03/p2/1,investigation/extracted/v2/03/p2/1/filtered40.txt,deterministic console extraction (not automatically agent input),python investigation/scripts/analyze.py --batch v2,3,4,4,True,"{""binding"": true, ""location"": true, ""request"": true, ""status"": true}",751,7,205,tiktoken 0.14.0 o200k_base,True
03,p2,1,1,True,True,expected: <200> but was: <400>,mvn -o -B -ntp -Dmaven.repo.local=/Users/hadiranjbar/Downloads/java/token.usage/investigation/.m2 -Pinvestigation -Dtest=FailureCasesTest -Dexperiment.case=03 -Dexperiment.artifactDir=/Users/hadiranjbar/Downloads/java/token.usage/investigation/raw/v2/03/p2/1 -Dexperiment.reportDir=/Users/hadiranjbar/Downloads/java/token.usage/investigation/raw/v2/03/p2/1/reports -Dspring.output.ansi.enabled=never -Dspring.profiles.active=p2 surefire:test,boundary,investigation/raw/v2/03/p2/1,investigation/extracted/v2/03/p2/1/boundary.txt,deterministic console extraction (not automatically agent input),python investigation/scripts/analyze.py --batch v2,3,4,4,True,"{""binding"": true, ""location"": true, ""request"": true, ""status"": true}",6223,56,1642,tiktoken 0.14.0 o200k_base,True
03,p2,1,1,True,True,expected: <200> but was: <400>,mvn -o -B -ntp -Dmaven.repo.local=/Users/hadiranjbar/Downloads/java/token.usage/investigation/.m2 -Pinvestigation -Dtest=FailureCasesTest -Dexperiment.case=03 -Dexperiment.artifactDir=/Users/hadiranjbar/Downloads/java/token.usage/investigation/raw/v2/03/p2/1 -Dexperiment.reportDir=/Users/hadiranjbar/Downloads/java/token.usage/investigation/raw/v2/03/p2/1/reports -Dspring.output.ansi.enabled=never -Dspring.profiles.active=p2 surefire:test,dedup,investigation/raw/v2/03/p2/1,investigation/extracted/v2/03/p2/1/dedup.txt,deterministic console extraction (not automatically agent input),python investigation/scripts/analyze.py --batch v2,3,4,4,True,"{""binding"": true, ""location"": true, ""request"": true, ""status"": true}",6223,56,1642,tiktoken 0.14.0 o200k_base,True
03,p2,2,1,True,True,expected: <200> but was: <400>,mvn -o -B -ntp -Dmaven.repo.local=/Users/hadiranjbar/Downloads/java/token.usage/investigation/.m2 -Pinvestigation -Dtest=FailureCasesTest -Dexperiment.case=03 -Dexperiment.artifactDir=/Users/hadiranjbar/Downloads/java/token.usage/investigation/raw/v2/03/p2/2 -Dexperiment.reportDir=/Users/hadiranjbar/Downloads/java/token.usage/investigation/raw/v2/03/p2/2/reports -Dspring.output.ansi.enabled=never -Dspring.profiles.active=p2 surefire:test,complete,investigation/raw/v2/03/p2/2,investigation/extracted/v2/03/p2/2/complete.txt,deterministic console extraction (not automatically agent input),python investigation/scripts/analyze.py --batch v2,3,4,4,True,"{""binding"": true, ""location"": true, ""request"": true, ""status"": true}",10089,114,2775,tiktoken 0.14.0 o200k_base,True
03,p2,2,1,True,True,expected: <200> but was: <400>,mvn -o -B -ntp -Dmaven.repo.local=/Users/hadiranjbar/Downloads/java/token.usage/investigation/.m2 -Pinvestigation -Dtest=FailureCasesTest -Dexperiment.case=03 -Dexperiment.artifactDir=/Users/hadiranjbar/Downloads/java/token.usage/investigation/raw/v2/03/p2/2 -Dexperiment.reportDir=/Users/hadiranjbar/Downloads/java/token.usage/investigation/raw/v2/03/p2/2/reports -Dspring.output.ansi.enabled=never -Dspring.profiles.active=p2 surefire:test,window20,investigation/raw/v2/03/p2/2,investigation/extracted/v2/03/p2/2/window20.txt,deterministic console extraction (not automatically agent input),python investigation/scripts/analyze.py --batch v2,3,3,4,False,"{""binding"": true, ""location"": false, ""request"": true, ""status"": true}",2867,20,745,tiktoken 0.14.0 o200k_base,True
03,p2,2,1,True,True,expected: <200> but was: <400>,mvn -o -B -ntp -Dmaven.repo.local=/Users/hadiranjbar/Downloads/java/token.usage/investigation/.m2 -Pinvestigation -Dtest=FailureCasesTest -Dexperiment.case=03 -Dexperiment.artifactDir=/Users/hadiranjbar/Downloads/java/token.usage/investigation/raw/v2/03/p2/2 -Dexperiment.reportDir=/Users/hadiranjbar/Downloads/java/token.usage/investigation/raw/v2/03/p2/2/reports -Dspring.output.ansi.enabled=never -Dspring.profiles.active=p2 surefire:test,filtered40,investigation/raw/v2/03/p2/2,investigation/extracted/v2/03/p2/2/filtered40.txt,deterministic console extraction (not automatically agent input),python investigation/scripts/analyze.py --batch v2,3,4,4,True,"{""binding"": true, ""location"": true, ""request"": true, ""status"": true}",751,7,205,tiktoken 0.14.0 o200k_base,True
03,p2,2,1,True,True,expected: <200> but was: <400>,mvn -o -B -ntp -Dmaven.repo.local=/Users/hadiranjbar/Downloads/java/token.usage/investigation/.m2 -Pinvestigation -Dtest=FailureCasesTest -Dexperiment.case=03 -Dexperiment.artifactDir=/Users/hadiranjbar/Downloads/java/token.usage/investigation/raw/v2/03/p2/2 -Dexperiment.reportDir=/Users/hadiranjbar/Downloads/java/token.usage/investigation/raw/v2/03/p2/2/reports -Dspring.output.ansi.enabled=never -Dspring.profiles.active=p2 surefire:test,boundary,investigation/raw/v2/03/p2/2,investigation/extracted/v2/03/p2/2/boundary.txt,deterministic console extraction (not automatically agent input),python investigation/scripts/analyze.py --batch v2,3,4,4,True,"{""binding"": true, ""location"": true, ""request"": true, ""status"": true}",6223,56,1642,tiktoken 0.14.0 o200k_base,True
03,p2,2,1,True,True,expected: <200> but was: <400>,mvn -o -B -ntp -Dmaven.repo.local=/Users/hadiranjbar/Downloads/java/token.usage/investigation/.m2 -Pinvestigation -Dtest=FailureCasesTest -Dexperiment.case=03 -Dexperiment.artifactDir=/Users/hadiranjbar/Downloads/java/token.usage/investigation/raw/v2/03/p2/2 -Dexperiment.reportDir=/Users/hadiranjbar/Downloads/java/token.usage/investigation/raw/v2/03/p2/2/reports -Dspring.output.ansi.enabled=never -Dspring.profiles.active=p2 surefire:test,dedup,investigation/raw/v2/03/p2/2,investigation/extracted/v2/03/p2/2/dedup.txt,deterministic console extraction (not automatically agent input),python investigation/scripts/analyze.py --batch v2,3,4,4,True,"{""binding"": true, ""location"": true, ""request"": true, ""status"": true}",6223,56,1642,tiktoken 0.14.0 o200k_base,True
03,p2,3,1,True,True,expected: <200> but was: <400>,mvn -o -B -ntp -Dmaven.repo.local=/Users/hadiranjbar/Downloads/java/token.usage/investigation/.m2 -Pinvestigation -Dtest=FailureCasesTest -Dexperiment.case=03 -Dexperiment.artifactDir=/Users/hadiranjbar/Downloads/java/token.usage/investigation/raw/v2/03/p2/3 -Dexperiment.reportDir=/Users/hadiranjbar/Downloads/java/token.usage/investigation/raw/v2/03/p2/3/reports -Dspring.output.ansi.enabled=never -Dspring.profiles.active=p2 surefire:test,complete,investigation/raw/v2/03/p2/3,investigation/extracted/v2/03/p2/3/complete.txt,deterministic console extraction (not automatically agent input),python investigation/scripts/analyze.py --batch v2,3,4,4,True,"{""binding"": true, ""location"": true, ""request"": true, ""status"": true}",10090,114,2775,tiktoken 0.14.0 o200k_base,True
03,p2,3,1,True,True,expected: <200> but was: <400>,mvn -o -B -ntp -Dmaven.repo.local=/Users/hadiranjbar/Downloads/java/token.usage/investigation/.m2 -Pinvestigation -Dtest=FailureCasesTest -Dexperiment.case=03 -Dexperiment.artifactDir=/Users/hadiranjbar/Downloads/java/token.usage/investigation/raw/v2/03/p2/3 -Dexperiment.reportDir=/Users/hadiranjbar/Downloads/java/token.usage/investigation/raw/v2/03/p2/3/reports -Dspring.output.ansi.enabled=never -Dspring.profiles.active=p2 surefire:test,window20,investigation/raw/v2/03/p2/3,investigation/extracted/v2/03/p2/3/window20.txt,deterministic console extraction (not automatically agent input),python investigation/scripts/analyze.py --batch v2,3,3,4,False,"{""binding"": true, ""location"": false, ""request"": true, ""status"": true}",2867,20,745,tiktoken 0.14.0 o200k_base,True
03,p2,3,1,True,True,expected: <200> but was: <400>,mvn -o -B -ntp -Dmaven.repo.local=/Users/hadiranjbar/Downloads/java/token.usage/investigation/.m2 -Pinvestigation -Dtest=FailureCasesTest -Dexperiment.case=03 -Dexperiment.artifactDir=/Users/hadiranjbar/Downloads/java/token.usage/investigation/raw/v2/03/p2/3 -Dexperiment.reportDir=/Users/hadiranjbar/Downloads/java/token.usage/investigation/raw/v2/03/p2/3/reports -Dspring.output.ansi.enabled=never -Dspring.profiles.active=p2 surefire:test,filtered40,investigation/raw/v2/03/p2/3,investigation/extracted/v2/03/p2/3/filtered40.txt,deterministic console extraction (not automatically agent input),python investigation/scripts/analyze.py --batch v2,3,4,4,True,"{""binding"": true, ""location"": true, ""request"": true, ""status"": true}",751,7,205,tiktoken 0.14.0 o200k_base,True
03,p2,3,1,True,True,expected: <200> but was: <400>,mvn -o -B -ntp -Dmaven.repo.local=/Users/hadiranjbar/Downloads/java/token.usage/investigation/.m2 -Pinvestigation -Dtest=FailureCasesTest -Dexperiment.case=03 -Dexperiment.artifactDir=/Users/hadiranjbar/Downloads/java/token.usage/investigation/raw/v2/03/p2/3 -Dexperiment.reportDir=/Users/hadiranjbar/Downloads/java/token.usage/investigation/raw/v2/03/p2/3/reports -Dspring.output.ansi.enabled=never -Dspring.profiles.active=p2 surefire:test,boundary,investigation/raw/v2/03/p2/3,investigation/extracted/v2/03/p2/3/boundary.txt,deterministic console extraction (not automatically agent input),python investigation/scripts/analyze.py --batch v2,3,4,4,True,"{""binding"": true, ""location"": true, ""request"": true, ""status"": true}",6223,56,1642,tiktoken 0.14.0 o200k_base,True
03,p2,3,1,True,True,expected: <200> but was: <400>,mvn -o -B -ntp -Dmaven.repo.local=/Users/hadiranjbar/Downloads/java/token.usage/investigation/.m2 -Pinvestigation -Dtest=FailureCasesTest -Dexperiment.case=03 -Dexperiment.artifactDir=/Users/hadiranjbar/Downloads/java/token.usage/investigation/raw/v2/03/p2/3 -Dexperiment.reportDir=/Users/hadiranjbar/Downloads/java/token.usage/investigation/raw/v2/03/p2/3/reports -Dspring.output.ansi.enabled=never -Dspring.profiles.active=p2 surefire:test,dedup,investigation/raw/v2/03/p2/3,investigation/extracted/v2/03/p2/3/dedup.txt,deterministic console extraction (not automatically agent input),python investigation/scripts/analyze.py --batch v2,3,4,4,True,"{""binding"": true, ""location"": true, ""request"": true, ""status"": true}",6223,56,1642,tiktoken 0.14.0 o200k_base,True
03,p4,1,1,True,True,expected: <200> but was: <400>,"mvn -o -B -ntp -Dmaven.repo.local=/Users/hadiranjbar/Downloads/java/token.usage/investigation/.m2 -Pinvestigation,agent-reports -Dtest=FailureCasesTest -Dexperiment.case=03 -Dexperiment.artifactDir=/Users/hadiranjbar/Downloads/java/token.usage/investigation/raw/v2/03/p4/1 -Dexperiment.reportDir=/Users/hadiranjbar/Downloads/java/token.usage/investigation/raw/v2/03/p4/1/reports -Dspring.output.ansi.enabled=never surefire:test",complete,investigation/raw/v2/03/p4/1,investigation/extracted/v2/03/p4/1/complete.txt,deterministic console extraction (not automatically agent input),python investigation/scripts/analyze.py --batch v2,3,4,4,True,"{""binding"": true, ""location"": true, ""request"": true, ""status"": true}",20783,184,5836,tiktoken 0.14.0 o200k_base,True
03,p4,1,1,True,True,expected: <200> but was: <400>,"mvn -o -B -ntp -Dmaven.repo.local=/Users/hadiranjbar/Downloads/java/token.usage/investigation/.m2 -Pinvestigation,agent-reports -Dtest=FailureCasesTest -Dexperiment.case=03 -Dexperiment.artifactDir=/Users/hadiranjbar/Downloads/java/token.usage/investigation/raw/v2/03/p4/1 -Dexperiment.reportDir=/Users/hadiranjbar/Downloads/java/token.usage/investigation/raw/v2/03/p4/1/reports -Dspring.output.ansi.enabled=never surefire:test",window20,investigation/raw/v2/03/p4/1,investigation/extracted/v2/03/p4/1/window20.txt,deterministic console extraction (not automatically agent input),python investigation/scripts/analyze.py --batch v2,3,3,4,False,"{""binding"": true, ""location"": false, ""request"": true, ""status"": true}",2867,20,745,tiktoken 0.14.0 o200k_base,True
03,p4,1,1,True,True,expected: <200> but was: <400>,"mvn -o -B -ntp -Dmaven.repo.local=/Users/hadiranjbar/Downloads/java/token.usage/investigation/.m2 -Pinvestigation,agent-reports -Dtest=FailureCasesTest -Dexperiment.case=03 -Dexperiment.artifactDir=/Users/hadiranjbar/Downloads/java/token.usage/investigation/raw/v2/03/p4/1 -Dexperiment.reportDir=/Users/hadiranjbar/Downloads/java/token.usage/investigation/raw/v2/03/p4/1/reports -Dspring.output.ansi.enabled=never surefire:test",filtered40,investigation/raw/v2/03/p4/1,investigation/extracted/v2/03/p4/1/filtered40.txt,deterministic console extraction (not automatically agent input),python investigation/scripts/analyze.py --batch v2,3,4,4,True,"{""binding"": true, ""location"": true, ""request"": true, ""status"": true}",683,6,188,tiktoken 0.14.0 o200k_base,True
03,p4,1,1,True,True,expected: <200> but was: <400>,"mvn -o -B -ntp -Dmaven.repo.local=/Users/hadiranjbar/Downloads/java/token.usage/investigation/.m2 -Pinvestigation,agent-reports -Dtest=FailureCasesTest -Dexperiment.case=03 -Dexperiment.artifactDir=/Users/hadiranjbar/Downloads/java/token.usage/investigation/raw/v2/03/p4/1 -Dexperiment.reportDir=/Users/hadiranjbar/Downloads/java/token.usage/investigation/raw/v2/03/p4/1/reports -Dspring.output.ansi.enabled=never surefire:test",boundary,investigation/raw/v2/03/p4/1,investigation/extracted/v2/03/p4/1/boundary.txt,deterministic console extraction (not automatically agent input),python investigation/scripts/analyze.py --batch v2,3,4,4,True,"{""binding"": true, ""location"": true, ""request"": true, ""status"": true}",17036,126,4763,tiktoken 0.14.0 o200k_base,True
03,p4,1,1,True,True,expected: <200> but was: <400>,"mvn -o -B -ntp -Dmaven.repo.local=/Users/hadiranjbar/Downloads/java/token.usage/investigation/.m2 -Pinvestigation,agent-reports -Dtest=FailureCasesTest -Dexperiment.case=03 -Dexperiment.artifactDir=/Users/hadiranjbar/Downloads/java/token.usage/investigation/raw/v2/03/p4/1 -Dexperiment.reportDir=/Users/hadiranjbar/Downloads/java/token.usage/investigation/raw/v2/03/p4/1/reports -Dspring.output.ansi.enabled=never surefire:test",dedup,investigation/raw/v2/03/p4/1,investigation/extracted/v2/03/p4/1/dedup.txt,deterministic console extraction (not automatically agent input),python investigation/scripts/analyze.py --batch v2,3,4,4,True,"{""binding"": true, ""location"": true, ""request"": true, ""status"": true}",17036,126,4763,tiktoken 0.14.0 o200k_base,True
03,p4,2,1,True,True,expected: <200> but was: <400>,"mvn -o -B -ntp -Dmaven.repo.local=/Users/hadiranjbar/Downloads/java/token.usage/investigation/.m2 -Pinvestigation,agent-reports -Dtest=FailureCasesTest -Dexperiment.case=03 -Dexperiment.artifactDir=/Users/hadiranjbar/Downloads/java/token.usage/investigation/raw/v2/03/p4/2 -Dexperiment.reportDir=/Users/hadiranjbar/Downloads/java/token.usage/investigation/raw/v2/03/p4/2/reports -Dspring.output.ansi.enabled=never surefire:test",complete,investigation/raw/v2/03/p4/2,investigation/extracted/v2/03/p4/2/complete.txt,deterministic console extraction (not automatically agent input),python investigation/scripts/analyze.py --batch v2,3,4,4,True,"{""binding"": true, ""location"": true, ""request"": true, ""status"": true}",20783,184,5836,tiktoken 0.14.0 o200k_base,True
03,p4,2,1,True,True,expected: <200> but was: <400>,"mvn -o -B -ntp -Dmaven.repo.local=/Users/hadiranjbar/Downloads/java/token.usage/investigation/.m2 -Pinvestigation,agent-reports -Dtest=FailureCasesTest -Dexperiment.case=03 -Dexperiment.artifactDir=/Users/hadiranjbar/Downloads/java/token.usage/investigation/raw/v2/03/p4/2 -Dexperiment.reportDir=/Users/hadiranjbar/Downloads/java/token.usage/investigation/raw/v2/03/p4/2/reports -Dspring.output.ansi.enabled=never surefire:test",window20,investigation/raw/v2/03/p4/2,investigation/extracted/v2/03/p4/2/window20.txt,deterministic console extraction (not automatically agent input),python investigation/scripts/analyze.py --batch v2,3,3,4,False,"{""binding"": true, ""location"": false, ""request"": true, ""status"": true}",2867,20,745,tiktoken 0.14.0 o200k_base,True
03,p4,2,1,True,True,expected: <200> but was: <400>,"mvn -o -B -ntp -Dmaven.repo.local=/Users/hadiranjbar/Downloads/java/token.usage/investigation/.m2 -Pinvestigation,agent-reports -Dtest=FailureCasesTest -Dexperiment.case=03 -Dexperiment.artifactDir=/Users/hadiranjbar/Downloads/java/token.usage/investigation/raw/v2/03/p4/2 -Dexperiment.reportDir=/Users/hadiranjbar/Downloads/java/token.usage/investigation/raw/v2/03/p4/2/reports -Dspring.output.ansi.enabled=never surefire:test",filtered40,investigation/raw/v2/03/p4/2,investigation/extracted/v2/03/p4/2/filtered40.txt,deterministic console extraction (not automatically agent input),python investigation/scripts/analyze.py --batch v2,3,4,4,True,"{""binding"": true, ""location"": true, ""request"": true, ""status"": true}",683,6,188,tiktoken 0.14.0 o200k_base,True
03,p4,2,1,True,True,expected: <200> but was: <400>,"mvn -o -B -ntp -Dmaven.repo.local=/Users/hadiranjbar/Downloads/java/token.usage/investigation/.m2 -Pinvestigation,agent-reports -Dtest=FailureCasesTest -Dexperiment.case=03 -Dexperiment.artifactDir=/Users/hadiranjbar/Downloads/java/token.usage/investigation/raw/v2/03/p4/2 -Dexperiment.reportDir=/Users/hadiranjbar/Downloads/java/token.usage/investigation/raw/v2/03/p4/2/reports -Dspring.output.ansi.enabled=never surefire:test",boundary,investigation/raw/v2/03/p4/2,investigation/extracted/v2/03/p4/2/boundary.txt,deterministic console extraction (not automatically agent input),python investigation/scripts/analyze.py --batch v2,3,4,4,True,"{""binding"": true, ""location"": true, ""request"": true, ""status"": true}",17036,126,4763,tiktoken 0.14.0 o200k_base,True
03,p4,2,1,True,True,expected: <200> but was: <400>,"mvn -o -B -ntp -Dmaven.repo.local=/Users/hadiranjbar/Downloads/java/token.usage/investigation/.m2 -Pinvestigation,agent-reports -Dtest=FailureCasesTest -Dexperiment.case=03 -Dexperiment.artifactDir=/Users/hadiranjbar/Downloads/java/token.usage/investigation/raw/v2/03/p4/2 -Dexperiment.reportDir=/Users/hadiranjbar/Downloads/java/token.usage/investigation/raw/v2/03/p4/2/reports -Dspring.output.ansi.enabled=never surefire:test",dedup,investigation/raw/v2/03/p4/2,investigation/extracted/v2/03/p4/2/dedup.txt,deterministic console extraction (not automatically agent input),python investigation/scripts/analyze.py --batch v2,3,4,4,True,"{""binding"": true, ""location"": true, ""request"": true, ""status"": true}",17036,126,4763,tiktoken 0.14.0 o200k_base,True
03,p4,3,1,True,True,expected: <200> but was: <400>,"mvn -o -B -ntp -Dmaven.repo.local=/Users/hadiranjbar/Downloads/java/token.usage/investigation/.m2 -Pinvestigation,agent-reports -Dtest=FailureCasesTest -Dexperiment.case=03 -Dexperiment.artifactDir=/Users/hadiranjbar/Downloads/java/token.usage/investigation/raw/v2/03/p4/3 -Dexperiment.reportDir=/Users/hadiranjbar/Downloads/java/token.usage/investigation/raw/v2/03/p4/3/reports -Dspring.output.ansi.enabled=never surefire:test",complete,investigation/raw/v2/03/p4/3,investigation/extracted/v2/03/p4/3/complete.txt,deterministic console extraction (not automatically agent input),python investigation/scripts/analyze.py --batch v2,3,4,4,True,"{""binding"": true, ""location"": true, ""request"": true, ""status"": true}",20784,184,5836,tiktoken 0.14.0 o200k_base,True
03,p4,3,1,True,True,expected: <200> but was: <400>,"mvn -o -B -ntp -Dmaven.repo.local=/Users/hadiranjbar/Downloads/java/token.usage/investigation/.m2 -Pinvestigation,agent-reports -Dtest=FailureCasesTest -Dexperiment.case=03 -Dexperiment.artifactDir=/Users/hadiranjbar/Downloads/java/token.usage/investigation/raw/v2/03/p4/3 -Dexperiment.reportDir=/Users/hadiranjbar/Downloads/java/token.usage/investigation/raw/v2/03/p4/3/reports -Dspring.output.ansi.enabled=never surefire:test",window20,investigation/raw/v2/03/p4/3,investigation/extracted/v2/03/p4/3/window20.txt,deterministic console extraction (not automatically agent input),python investigation/scripts/analyze.py --batch v2,3,3,4,False,"{""binding"": true, ""location"": false, ""request"": true, ""status"": true}",2867,20,745,tiktoken 0.14.0 o200k_base,True
03,p4,3,1,True,True,expected: <200> but was: <400>,"mvn -o -B -ntp -Dmaven.repo.local=/Users/hadiranjbar/Downloads/java/token.usage/investigation/.m2 -Pinvestigation,agent-reports -Dtest=FailureCasesTest -Dexperiment.case=03 -Dexperiment.artifactDir=/Users/hadiranjbar/Downloads/java/token.usage/investigation/raw/v2/03/p4/3 -Dexperiment.reportDir=/Users/hadiranjbar/Downloads/java/token.usage/investigation/raw/v2/03/p4/3/reports -Dspring.output.ansi.enabled=never surefire:test",filtered40,investigation/raw/v2/03/p4/3,investigation/extracted/v2/03/p4/3/filtered40.txt,deterministic console extraction (not automatically agent input),python investigation/scripts/analyze.py --batch v2,3,4,4,True,"{""binding"": true, ""location"": true, ""request"": true, ""status"": true}",683,6,188,tiktoken 0.14.0 o200k_base,True
03,p4,3,1,True,True,expected: <200> but was: <400>,"mvn -o -B -ntp -Dmaven.repo.local=/Users/hadiranjbar/Downloads/java/token.usage/investigation/.m2 -Pinvestigation,agent-reports -Dtest=FailureCasesTest -Dexperiment.case=03 -Dexperiment.artifactDir=/Users/hadiranjbar/Downloads/java/token.usage/investigation/raw/v2/03/p4/3 -Dexperiment.reportDir=/Users/hadiranjbar/Downloads/java/token.usage/investigation/raw/v2/03/p4/3/reports -Dspring.output.ansi.enabled=never surefire:test",boundary,investigation/raw/v2/03/p4/3,investigation/extracted/v2/03/p4/3/boundary.txt,deterministic console extraction (not automatically agent input),python investigation/scripts/analyze.py --batch v2,3,4,4,True,"{""binding"": true, ""location"": true, ""request"": true, ""status"": true}",17036,126,4763,tiktoken 0.14.0 o200k_base,True
03,p4,3,1,True,True,expected: <200> but was: <400>,"mvn -o -B -ntp -Dmaven.repo.local=/Users/hadiranjbar/Downloads/java/token.usage/investigation/.m2 -Pinvestigation,agent-reports -Dtest=FailureCasesTest -Dexperiment.case=03 -Dexperiment.artifactDir=/Users/hadiranjbar/Downloads/java/token.usage/investigation/raw/v2/03/p4/3 -Dexperiment.reportDir=/Users/hadiranjbar/Downloads/java/token.usage/investigation/raw/v2/03/p4/3/reports -Dspring.output.ansi.enabled=never surefire:test",dedup,investigation/raw/v2/03/p4/3,investigation/extracted/v2/03/p4/3/dedup.txt,deterministic console extraction (not automatically agent input),python investigation/scripts/analyze.py --batch v2,3,4,4,True,"{""binding"": true, ""location"": true, ""request"": true, ""status"": true}",17036,126,4763,tiktoken 0.14.0 o200k_base,True
04,agent,1,1,True,True,Error creating bean with name 'port',"mvn -o -B -ntp -Dmaven.repo.local=/Users/hadiranjbar/Downloads/java/token.usage/investigation/.m2 -Pinvestigation,agent-reports -Dtest=FailureCasesTest -Dexperiment.case=04 -Dexperiment.artifactDir=/Users/hadiranjbar/Downloads/java/token.usage/investigation/raw/v2/04/agent/1 -Dexperiment.reportDir=/Users/hadiranjbar/Downloads/java/token.usage/investigation/raw/v2/04/agent/1/reports -Dspring.output.ansi.enabled=never -Dspring.profiles.active=agent -Dexperiment.deduplicate=true surefire:test",complete,investigation/raw/v2/04/agent/1,investigation/extracted/v2/04/agent/1/complete.txt,deterministic console extraction (not automatically agent input),python investigation/scripts/analyze.py --batch v2,3,5,5,True,"{""bean"": true, ""location"": true, ""root"": true, ""spring_frame"": true, ""value"": true}",10616,121,2850,tiktoken 0.14.0 o200k_base,True
04,agent,1,1,True,True,Error creating bean with name 'port',"mvn -o -B -ntp -Dmaven.repo.local=/Users/hadiranjbar/Downloads/java/token.usage/investigation/.m2 -Pinvestigation,agent-reports -Dtest=FailureCasesTest -Dexperiment.case=04 -Dexperiment.artifactDir=/Users/hadiranjbar/Downloads/java/token.usage/investigation/raw/v2/04/agent/1 -Dexperiment.reportDir=/Users/hadiranjbar/Downloads/java/token.usage/investigation/raw/v2/04/agent/1/reports -Dspring.output.ansi.enabled=never -Dspring.profiles.active=agent -Dexperiment.deduplicate=true surefire:test",window20,investigation/raw/v2/04/agent/1,investigation/extracted/v2/04/agent/1/window20.txt,deterministic console extraction (not automatically agent input),python investigation/scripts/analyze.py --batch v2,3,3,5,False,"{""bean"": true, ""location"": false, ""root"": false, ""spring_frame"": true, ""value"": true}",2986,20,768,tiktoken 0.14.0 o200k_base,True
04,agent,1,1,True,True,Error creating bean with name 'port',"mvn -o -B -ntp -Dmaven.repo.local=/Users/hadiranjbar/Downloads/java/token.usage/investigation/.m2 -Pinvestigation,agent-reports -Dtest=FailureCasesTest -Dexperiment.case=04 -Dexperiment.artifactDir=/Users/hadiranjbar/Downloads/java/token.usage/investigation/raw/v2/04/agent/1 -Dexperiment.reportDir=/Users/hadiranjbar/Downloads/java/token.usage/investigation/raw/v2/04/agent/1/reports -Dspring.output.ansi.enabled=never -Dspring.profiles.active=agent -Dexperiment.deduplicate=true surefire:test",filtered40,investigation/raw/v2/04/agent/1,investigation/extracted/v2/04/agent/1/filtered40.txt,deterministic console extraction (not automatically agent input),python investigation/scripts/analyze.py --batch v2,3,5,5,True,"{""bean"": true, ""location"": true, ""root"": true, ""spring_frame"": true, ""value"": true}",830,8,194,tiktoken 0.14.0 o200k_base,True
04,agent,1,1,True,True,Error creating bean with name 'port',"mvn -o -B -ntp -Dmaven.repo.local=/Users/hadiranjbar/Downloads/java/token.usage/investigation/.m2 -Pinvestigation,agent-reports -Dtest=FailureCasesTest -Dexperiment.case=04 -Dexperiment.artifactDir=/Users/hadiranjbar/Downloads/java/token.usage/investigation/raw/v2/04/agent/1 -Dexperiment.reportDir=/Users/hadiranjbar/Downloads/java/token.usage/investigation/raw/v2/04/agent/1/reports -Dspring.output.ansi.enabled=never -Dspring.profiles.active=agent -Dexperiment.deduplicate=true surefire:test",boundary,investigation/raw/v2/04/agent/1,investigation/extracted/v2/04/agent/1/boundary.txt,deterministic console extraction (not automatically agent input),python investigation/scripts/analyze.py --batch v2,3,5,5,True,"{""bean"": true, ""location"": true, ""root"": true, ""spring_frame"": true, ""value"": true}",6364,54,1613,tiktoken 0.14.0 o200k_base,True
04,agent,1,1,True,True,Error creating bean with name 'port',"mvn -o -B -ntp -Dmaven.repo.local=/Users/hadiranjbar/Downloads/java/token.usage/investigation/.m2 -Pinvestigation,agent-reports -Dtest=FailureCasesTest -Dexperiment.case=04 -Dexperiment.artifactDir=/Users/hadiranjbar/Downloads/java/token.usage/investigation/raw/v2/04/agent/1 -Dexperiment.reportDir=/Users/hadiranjbar/Downloads/java/token.usage/investigation/raw/v2/04/agent/1/reports -Dspring.output.ansi.enabled=never -Dspring.profiles.active=agent -Dexperiment.deduplicate=true surefire:test",dedup,investigation/raw/v2/04/agent/1,investigation/extracted/v2/04/agent/1/dedup.txt,deterministic console extraction (not automatically agent input),python investigation/scripts/analyze.py --batch v2,3,5,5,True,"{""bean"": true, ""location"": true, ""root"": true, ""spring_frame"": true, ""value"": true}",6364,54,1613,tiktoken 0.14.0 o200k_base,True
04,agent,2,1,True,True,Error creating bean with name 'port',"mvn -o -B -ntp -Dmaven.repo.local=/Users/hadiranjbar/Downloads/java/token.usage/investigation/.m2 -Pinvestigation,agent-reports -Dtest=FailureCasesTest -Dexperiment.case=04 -Dexperiment.artifactDir=/Users/hadiranjbar/Downloads/java/token.usage/investigation/raw/v2/04/agent/2 -Dexperiment.reportDir=/Users/hadiranjbar/Downloads/java/token.usage/investigation/raw/v2/04/agent/2/reports -Dspring.output.ansi.enabled=never -Dspring.profiles.active=agent -Dexperiment.deduplicate=true surefire:test",complete,investigation/raw/v2/04/agent/2,investigation/extracted/v2/04/agent/2/complete.txt,deterministic console extraction (not automatically agent input),python investigation/scripts/analyze.py --batch v2,3,5,5,True,"{""bean"": true, ""location"": true, ""root"": true, ""spring_frame"": true, ""value"": true}",10616,121,2850,tiktoken 0.14.0 o200k_base,True
04,agent,2,1,True,True,Error creating bean with name 'port',"mvn -o -B -ntp -Dmaven.repo.local=/Users/hadiranjbar/Downloads/java/token.usage/investigation/.m2 -Pinvestigation,agent-reports -Dtest=FailureCasesTest -Dexperiment.case=04 -Dexperiment.artifactDir=/Users/hadiranjbar/Downloads/java/token.usage/investigation/raw/v2/04/agent/2 -Dexperiment.reportDir=/Users/hadiranjbar/Downloads/java/token.usage/investigation/raw/v2/04/agent/2/reports -Dspring.output.ansi.enabled=never -Dspring.profiles.active=agent -Dexperiment.deduplicate=true surefire:test",window20,investigation/raw/v2/04/agent/2,investigation/extracted/v2/04/agent/2/window20.txt,deterministic console extraction (not automatically agent input),python investigation/scripts/analyze.py --batch v2,3,3,5,False,"{""bean"": true, ""location"": false, ""root"": false, ""spring_frame"": true, ""value"": true}",2986,20,768,tiktoken 0.14.0 o200k_base,True
04,agent,2,1,True,True,Error creating bean with name 'port',"mvn -o -B -ntp -Dmaven.repo.local=/Users/hadiranjbar/Downloads/java/token.usage/investigation/.m2 -Pinvestigation,agent-reports -Dtest=FailureCasesTest -Dexperiment.case=04 -Dexperiment.artifactDir=/Users/hadiranjbar/Downloads/java/token.usage/investigation/raw/v2/04/agent/2 -Dexperiment.reportDir=/Users/hadiranjbar/Downloads/java/token.usage/investigation/raw/v2/04/agent/2/reports -Dspring.output.ansi.enabled=never -Dspring.profiles.active=agent -Dexperiment.deduplicate=true surefire:test",filtered40,investigation/raw/v2/04/agent/2,investigation/extracted/v2/04/agent/2/filtered40.txt,deterministic console extraction (not automatically agent input),python investigation/scripts/analyze.py --batch v2,3,5,5,True,"{""bean"": true, ""location"": true, ""root"": true, ""spring_frame"": true, ""value"": true}",830,8,194,tiktoken 0.14.0 o200k_base,True
04,agent,2,1,True,True,Error creating bean with name 'port',"mvn -o -B -ntp -Dmaven.repo.local=/Users/hadiranjbar/Downloads/java/token.usage/investigation/.m2 -Pinvestigation,agent-reports -Dtest=FailureCasesTest -Dexperiment.case=04 -Dexperiment.artifactDir=/Users/hadiranjbar/Downloads/java/token.usage/investigation/raw/v2/04/agent/2 -Dexperiment.reportDir=/Users/hadiranjbar/Downloads/java/token.usage/investigation/raw/v2/04/agent/2/reports -Dspring.output.ansi.enabled=never -Dspring.profiles.active=agent -Dexperiment.deduplicate=true surefire:test",boundary,investigation/raw/v2/04/agent/2,investigation/extracted/v2/04/agent/2/boundary.txt,deterministic console extraction (not automatically agent input),python investigation/scripts/analyze.py --batch v2,3,5,5,True,"{""bean"": true, ""location"": true, ""root"": true, ""spring_frame"": true, ""value"": true}",6364,54,1613,tiktoken 0.14.0 o200k_base,True
04,agent,2,1,True,True,Error creating bean with name 'port',"mvn -o -B -ntp -Dmaven.repo.local=/Users/hadiranjbar/Downloads/java/token.usage/investigation/.m2 -Pinvestigation,agent-reports -Dtest=FailureCasesTest -Dexperiment.case=04 -Dexperiment.artifactDir=/Users/hadiranjbar/Downloads/java/token.usage/investigation/raw/v2/04/agent/2 -Dexperiment.reportDir=/Users/hadiranjbar/Downloads/java/token.usage/investigation/raw/v2/04/agent/2/reports -Dspring.output.ansi.enabled=never -Dspring.profiles.active=agent -Dexperiment.deduplicate=true surefire:test",dedup,investigation/raw/v2/04/agent/2,investigation/extracted/v2/04/agent/2/dedup.txt,deterministic console extraction (not automatically agent input),python investigation/scripts/analyze.py --batch v2,3,5,5,True,"{""bean"": true, ""location"": true, ""root"": true, ""spring_frame"": true, ""value"": true}",6364,54,1613,tiktoken 0.14.0 o200k_base,True
04,agent,3,1,True,True,Error creating bean with name 'port',"mvn -o -B -ntp -Dmaven.repo.local=/Users/hadiranjbar/Downloads/java/token.usage/investigation/.m2 -Pinvestigation,agent-reports -Dtest=FailureCasesTest -Dexperiment.case=04 -Dexperiment.artifactDir=/Users/hadiranjbar/Downloads/java/token.usage/investigation/raw/v2/04/agent/3 -Dexperiment.reportDir=/Users/hadiranjbar/Downloads/java/token.usage/investigation/raw/v2/04/agent/3/reports -Dspring.output.ansi.enabled=never -Dspring.profiles.active=agent -Dexperiment.deduplicate=true surefire:test",complete,investigation/raw/v2/04/agent/3,investigation/extracted/v2/04/agent/3/complete.txt,deterministic console extraction (not automatically agent input),python investigation/scripts/analyze.py --batch v2,3,5,5,True,"{""bean"": true, ""location"": true, ""root"": true, ""spring_frame"": true, ""value"": true}",10616,121,2850,tiktoken 0.14.0 o200k_base,True
04,agent,3,1,True,True,Error creating bean with name 'port',"mvn -o -B -ntp -Dmaven.repo.local=/Users/hadiranjbar/Downloads/java/token.usage/investigation/.m2 -Pinvestigation,agent-reports -Dtest=FailureCasesTest -Dexperiment.case=04 -Dexperiment.artifactDir=/Users/hadiranjbar/Downloads/java/token.usage/investigation/raw/v2/04/agent/3 -Dexperiment.reportDir=/Users/hadiranjbar/Downloads/java/token.usage/investigation/raw/v2/04/agent/3/reports -Dspring.output.ansi.enabled=never -Dspring.profiles.active=agent -Dexperiment.deduplicate=true surefire:test",window20,investigation/raw/v2/04/agent/3,investigation/extracted/v2/04/agent/3/window20.txt,deterministic console extraction (not automatically agent input),python investigation/scripts/analyze.py --batch v2,3,3,5,False,"{""bean"": true, ""location"": false, ""root"": false, ""spring_frame"": true, ""value"": true}",2986,20,768,tiktoken 0.14.0 o200k_base,True
04,agent,3,1,True,True,Error creating bean with name 'port',"mvn -o -B -ntp -Dmaven.repo.local=/Users/hadiranjbar/Downloads/java/token.usage/investigation/.m2 -Pinvestigation,agent-reports -Dtest=FailureCasesTest -Dexperiment.case=04 -Dexperiment.artifactDir=/Users/hadiranjbar/Downloads/java/token.usage/investigation/raw/v2/04/agent/3 -Dexperiment.reportDir=/Users/hadiranjbar/Downloads/java/token.usage/investigation/raw/v2/04/agent/3/reports -Dspring.output.ansi.enabled=never -Dspring.profiles.active=agent -Dexperiment.deduplicate=true surefire:test",filtered40,investigation/raw/v2/04/agent/3,investigation/extracted/v2/04/agent/3/filtered40.txt,deterministic console extraction (not automatically agent input),python investigation/scripts/analyze.py --batch v2,3,5,5,True,"{""bean"": true, ""location"": true, ""root"": true, ""spring_frame"": true, ""value"": true}",830,8,194,tiktoken 0.14.0 o200k_base,True
04,agent,3,1,True,True,Error creating bean with name 'port',"mvn -o -B -ntp -Dmaven.repo.local=/Users/hadiranjbar/Downloads/java/token.usage/investigation/.m2 -Pinvestigation,agent-reports -Dtest=FailureCasesTest -Dexperiment.case=04 -Dexperiment.artifactDir=/Users/hadiranjbar/Downloads/java/token.usage/investigation/raw/v2/04/agent/3 -Dexperiment.reportDir=/Users/hadiranjbar/Downloads/java/token.usage/investigation/raw/v2/04/agent/3/reports -Dspring.output.ansi.enabled=never -Dspring.profiles.active=agent -Dexperiment.deduplicate=true surefire:test",boundary,investigation/raw/v2/04/agent/3,investigation/extracted/v2/04/agent/3/boundary.txt,deterministic console extraction (not automatically agent input),python investigation/scripts/analyze.py --batch v2,3,5,5,True,"{""bean"": true, ""location"": true, ""root"": true, ""spring_frame"": true, ""value"": true}",6364,54,1613,tiktoken 0.14.0 o200k_base,True
04,agent,3,1,True,True,Error creating bean with name 'port',"mvn -o -B -ntp -Dmaven.repo.local=/Users/hadiranjbar/Downloads/java/token.usage/investigation/.m2 -Pinvestigation,agent-reports -Dtest=FailureCasesTest -Dexperiment.case=04 -Dexperiment.artifactDir=/Users/hadiranjbar/Downloads/java/token.usage/investigation/raw/v2/04/agent/3 -Dexperiment.reportDir=/Users/hadiranjbar/Downloads/java/token.usage/investigation/raw/v2/04/agent/3/reports -Dspring.output.ansi.enabled=never -Dspring.profiles.active=agent -Dexperiment.deduplicate=true surefire:test",dedup,investigation/raw/v2/04/agent/3,investigation/extracted/v2/04/agent/3/dedup.txt,deterministic console extraction (not automatically agent input),python investigation/scripts/analyze.py --batch v2,3,5,5,True,"{""bean"": true, ""location"": true, ""root"": true, ""spring_frame"": true, ""value"": true}",6364,54,1613,tiktoken 0.14.0 o200k_base,True
04,default,1,1,True,True,Error creating bean with name 'port',mvn -o -B -ntp -Dmaven.repo.local=/Users/hadiranjbar/Downloads/java/token.usage/investigation/.m2 -Pinvestigation -Dtest=FailureCasesTest -Dexperiment.case=04 -Dexperiment.artifactDir=/Users/hadiranjbar/Downloads/java/token.usage/investigation/raw/v2/04/default/1 -Dexperiment.reportDir=/Users/hadiranjbar/Downloads/java/token.usage/investigation/raw/v2/04/default/1/reports -Dspring.output.ansi.enabled=never surefire:test,complete,investigation/raw/v2/04/default/1,investigation/extracted/v2/04/default/1/complete.txt,deterministic console extraction (not automatically agent input),python investigation/scripts/analyze.py --batch v2,3,5,5,True,"{""bean"": true, ""location"": true, ""root"": true, ""spring_frame"": true, ""value"": true}",25088,225,6632,tiktoken 0.14.0 o200k_base,True
04,default,1,1,True,True,Error creating bean with name 'port',mvn -o -B -ntp -Dmaven.repo.local=/Users/hadiranjbar/Downloads/java/token.usage/investigation/.m2 -Pinvestigation -Dtest=FailureCasesTest -Dexperiment.case=04 -Dexperiment.artifactDir=/Users/hadiranjbar/Downloads/java/token.usage/investigation/raw/v2/04/default/1 -Dexperiment.reportDir=/Users/hadiranjbar/Downloads/java/token.usage/investigation/raw/v2/04/default/1/reports -Dspring.output.ansi.enabled=never surefire:test,window20,investigation/raw/v2/04/default/1,investigation/extracted/v2/04/default/1/window20.txt,deterministic console extraction (not automatically agent input),python investigation/scripts/analyze.py --batch v2,3,3,5,False,"{""bean"": true, ""location"": false, ""root"": false, ""spring_frame"": true, ""value"": true}",3053,20,790,tiktoken 0.14.0 o200k_base,True
04,default,1,1,True,True,Error creating bean with name 'port',mvn -o -B -ntp -Dmaven.repo.local=/Users/hadiranjbar/Downloads/java/token.usage/investigation/.m2 -Pinvestigation -Dtest=FailureCasesTest -Dexperiment.case=04 -Dexperiment.artifactDir=/Users/hadiranjbar/Downloads/java/token.usage/investigation/raw/v2/04/default/1 -Dexperiment.reportDir=/Users/hadiranjbar/Downloads/java/token.usage/investigation/raw/v2/04/default/1/reports -Dspring.output.ansi.enabled=never surefire:test,filtered40,investigation/raw/v2/04/default/1,investigation/extracted/v2/04/default/1/filtered40.txt,deterministic console extraction (not automatically agent input),python investigation/scripts/analyze.py --batch v2,3,3,5,False,"{""bean"": true, ""location"": false, ""root"": false, ""spring_frame"": true, ""value"": true}",518,4,126,tiktoken 0.14.0 o200k_base,True
04,default,1,1,True,True,Error creating bean with name 'port',mvn -o -B -ntp -Dmaven.repo.local=/Users/hadiranjbar/Downloads/java/token.usage/investigation/.m2 -Pinvestigation -Dtest=FailureCasesTest -Dexperiment.case=04 -Dexperiment.artifactDir=/Users/hadiranjbar/Downloads/java/token.usage/investigation/raw/v2/04/default/1 -Dexperiment.reportDir=/Users/hadiranjbar/Downloads/java/token.usage/investigation/raw/v2/04/default/1/reports -Dspring.output.ansi.enabled=never surefire:test,boundary,investigation/raw/v2/04/default/1,investigation/extracted/v2/04/default/1/boundary.txt,deterministic console extraction (not automatically agent input),python investigation/scripts/analyze.py --batch v2,3,5,5,True,"{""bean"": true, ""location"": true, ""root"": true, ""spring_frame"": true, ""value"": true}",20776,158,5392,tiktoken 0.14.0 o200k_base,True
04,default,1,1,True,True,Error creating bean with name 'port',mvn -o -B -ntp -Dmaven.repo.local=/Users/hadiranjbar/Downloads/java/token.usage/investigation/.m2 -Pinvestigation -Dtest=FailureCasesTest -Dexperiment.case=04 -Dexperiment.artifactDir=/Users/hadiranjbar/Downloads/java/token.usage/investigation/raw/v2/04/default/1 -Dexperiment.reportDir=/Users/hadiranjbar/Downloads/java/token.usage/investigation/raw/v2/04/default/1/reports -Dspring.output.ansi.enabled=never surefire:test,dedup,investigation/raw/v2/04/default/1,investigation/extracted/v2/04/default/1/dedup.txt,deterministic console extraction (not automatically agent input),python investigation/scripts/analyze.py --batch v2,3,5,5,True,"{""bean"": true, ""location"": true, ""root"": true, ""spring_frame"": true, ""value"": true}",20776,158,5392,tiktoken 0.14.0 o200k_base,True
04,default,2,1,True,True,Error creating bean with name 'port',mvn -o -B -ntp -Dmaven.repo.local=/Users/hadiranjbar/Downloads/java/token.usage/investigation/.m2 -Pinvestigation -Dtest=FailureCasesTest -Dexperiment.case=04 -Dexperiment.artifactDir=/Users/hadiranjbar/Downloads/java/token.usage/investigation/raw/v2/04/default/2 -Dexperiment.reportDir=/Users/hadiranjbar/Downloads/java/token.usage/investigation/raw/v2/04/default/2/reports -Dspring.output.ansi.enabled=never surefire:test,complete,investigation/raw/v2/04/default/2,investigation/extracted/v2/04/default/2/complete.txt,deterministic console extraction (not automatically agent input),python investigation/scripts/analyze.py --batch v2,3,5,5,True,"{""bean"": true, ""location"": true, ""root"": true, ""spring_frame"": true, ""value"": true}",25088,225,6632,tiktoken 0.14.0 o200k_base,True
04,default,2,1,True,True,Error creating bean with name 'port',mvn -o -B -ntp -Dmaven.repo.local=/Users/hadiranjbar/Downloads/java/token.usage/investigation/.m2 -Pinvestigation -Dtest=FailureCasesTest -Dexperiment.case=04 -Dexperiment.artifactDir=/Users/hadiranjbar/Downloads/java/token.usage/investigation/raw/v2/04/default/2 -Dexperiment.reportDir=/Users/hadiranjbar/Downloads/java/token.usage/investigation/raw/v2/04/default/2/reports -Dspring.output.ansi.enabled=never surefire:test,window20,investigation/raw/v2/04/default/2,investigation/extracted/v2/04/default/2/window20.txt,deterministic console extraction (not automatically agent input),python investigation/scripts/analyze.py --batch v2,3,3,5,False,"{""bean"": true, ""location"": false, ""root"": false, ""spring_frame"": true, ""value"": true}",3053,20,790,tiktoken 0.14.0 o200k_base,True
04,default,2,1,True,True,Error creating bean with name 'port',mvn -o -B -ntp -Dmaven.repo.local=/Users/hadiranjbar/Downloads/java/token.usage/investigation/.m2 -Pinvestigation -Dtest=FailureCasesTest -Dexperiment.case=04 -Dexperiment.artifactDir=/Users/hadiranjbar/Downloads/java/token.usage/investigation/raw/v2/04/default/2 -Dexperiment.reportDir=/Users/hadiranjbar/Downloads/java/token.usage/investigation/raw/v2/04/default/2/reports -Dspring.output.ansi.enabled=never surefire:test,filtered40,investigation/raw/v2/04/default/2,investigation/extracted/v2/04/default/2/filtered40.txt,deterministic console extraction (not automatically agent input),python investigation/scripts/analyze.py --batch v2,3,3,5,False,"{""bean"": true, ""location"": false, ""root"": false, ""spring_frame"": true, ""value"": true}",518,4,126,tiktoken 0.14.0 o200k_base,True
04,default,2,1,True,True,Error creating bean with name 'port',mvn -o -B -ntp -Dmaven.repo.local=/Users/hadiranjbar/Downloads/java/token.usage/investigation/.m2 -Pinvestigation -Dtest=FailureCasesTest -Dexperiment.case=04 -Dexperiment.artifactDir=/Users/hadiranjbar/Downloads/java/token.usage/investigation/raw/v2/04/default/2 -Dexperiment.reportDir=/Users/hadiranjbar/Downloads/java/token.usage/investigation/raw/v2/04/default/2/reports -Dspring.output.ansi.enabled=never surefire:test,boundary,investigation/raw/v2/04/default/2,investigation/extracted/v2/04/default/2/boundary.txt,deterministic console extraction (not automatically agent input),python investigation/scripts/analyze.py --batch v2,3,5,5,True,"{""bean"": true, ""location"": true, ""root"": true, ""spring_frame"": true, ""value"": true}",20776,158,5392,tiktoken 0.14.0 o200k_base,True
04,default,2,1,True,True,Error creating bean with name 'port',mvn -o -B -ntp -Dmaven.repo.local=/Users/hadiranjbar/Downloads/java/token.usage/investigation/.m2 -Pinvestigation -Dtest=FailureCasesTest -Dexperiment.case=04 -Dexperiment.artifactDir=/Users/hadiranjbar/Downloads/java/token.usage/investigation/raw/v2/04/default/2 -Dexperiment.reportDir=/Users/hadiranjbar/Downloads/java/token.usage/investigation/raw/v2/04/default/2/reports -Dspring.output.ansi.enabled=never surefire:test,dedup,investigation/raw/v2/04/default/2,investigation/extracted/v2/04/default/2/dedup.txt,deterministic console extraction (not automatically agent input),python investigation/scripts/analyze.py --batch v2,3,5,5,True,"{""bean"": true, ""location"": true, ""root"": true, ""spring_frame"": true, ""value"": true}",20776,158,5392,tiktoken 0.14.0 o200k_base,True
04,default,3,1,True,True,Error creating bean with name 'port',mvn -o -B -ntp -Dmaven.repo.local=/Users/hadiranjbar/Downloads/java/token.usage/investigation/.m2 -Pinvestigation -Dtest=FailureCasesTest -Dexperiment.case=04 -Dexperiment.artifactDir=/Users/hadiranjbar/Downloads/java/token.usage/investigation/raw/v2/04/default/3 -Dexperiment.reportDir=/Users/hadiranjbar/Downloads/java/token.usage/investigation/raw/v2/04/default/3/reports -Dspring.output.ansi.enabled=never surefire:test,complete,investigation/raw/v2/04/default/3,investigation/extracted/v2/04/default/3/complete.txt,deterministic console extraction (not automatically agent input),python investigation/scripts/analyze.py --batch v2,3,5,5,True,"{""bean"": true, ""location"": true, ""root"": true, ""spring_frame"": true, ""value"": true}",25088,225,6632,tiktoken 0.14.0 o200k_base,True
04,default,3,1,True,True,Error creating bean with name 'port',mvn -o -B -ntp -Dmaven.repo.local=/Users/hadiranjbar/Downloads/java/token.usage/investigation/.m2 -Pinvestigation -Dtest=FailureCasesTest -Dexperiment.case=04 -Dexperiment.artifactDir=/Users/hadiranjbar/Downloads/java/token.usage/investigation/raw/v2/04/default/3 -Dexperiment.reportDir=/Users/hadiranjbar/Downloads/java/token.usage/investigation/raw/v2/04/default/3/reports -Dspring.output.ansi.enabled=never surefire:test,window20,investigation/raw/v2/04/default/3,investigation/extracted/v2/04/default/3/window20.txt,deterministic console extraction (not automatically agent input),python investigation/scripts/analyze.py --batch v2,3,3,5,False,"{""bean"": true, ""location"": false, ""root"": false, ""spring_frame"": true, ""value"": true}",3053,20,790,tiktoken 0.14.0 o200k_base,True
04,default,3,1,True,True,Error creating bean with name 'port',mvn -o -B -ntp -Dmaven.repo.local=/Users/hadiranjbar/Downloads/java/token.usage/investigation/.m2 -Pinvestigation -Dtest=FailureCasesTest -Dexperiment.case=04 -Dexperiment.artifactDir=/Users/hadiranjbar/Downloads/java/token.usage/investigation/raw/v2/04/default/3 -Dexperiment.reportDir=/Users/hadiranjbar/Downloads/java/token.usage/investigation/raw/v2/04/default/3/reports -Dspring.output.ansi.enabled=never surefire:test,filtered40,investigation/raw/v2/04/default/3,investigation/extracted/v2/04/default/3/filtered40.txt,deterministic console extraction (not automatically agent input),python investigation/scripts/analyze.py --batch v2,3,3,5,False,"{""bean"": true, ""location"": false, ""root"": false, ""spring_frame"": true, ""value"": true}",518,4,126,tiktoken 0.14.0 o200k_base,True
04,default,3,1,True,True,Error creating bean with name 'port',mvn -o -B -ntp -Dmaven.repo.local=/Users/hadiranjbar/Downloads/java/token.usage/investigation/.m2 -Pinvestigation -Dtest=FailureCasesTest -Dexperiment.case=04 -Dexperiment.artifactDir=/Users/hadiranjbar/Downloads/java/token.usage/investigation/raw/v2/04/default/3 -Dexperiment.reportDir=/Users/hadiranjbar/Downloads/java/token.usage/investigation/raw/v2/04/default/3/reports -Dspring.output.ansi.enabled=never surefire:test,boundary,investigation/raw/v2/04/default/3,investigation/extracted/v2/04/default/3/boundary.txt,deterministic console extraction (not automatically agent input),python investigation/scripts/analyze.py --batch v2,3,5,5,True,"{""bean"": true, ""location"": true, ""root"": true, ""spring_frame"": true, ""value"": true}",20776,158,5392,tiktoken 0.14.0 o200k_base,True
04,default,3,1,True,True,Error creating bean with name 'port',mvn -o -B -ntp -Dmaven.repo.local=/Users/hadiranjbar/Downloads/java/token.usage/investigation/.m2 -Pinvestigation -Dtest=FailureCasesTest -Dexperiment.case=04 -Dexperiment.artifactDir=/Users/hadiranjbar/Downloads/java/token.usage/investigation/raw/v2/04/default/3 -Dexperiment.reportDir=/Users/hadiranjbar/Downloads/java/token.usage/investigation/raw/v2/04/default/3/reports -Dspring.output.ansi.enabled=never surefire:test,dedup,investigation/raw/v2/04/default/3,investigation/extracted/v2/04/default/3/dedup.txt,deterministic console extraction (not automatically agent input),python investigation/scripts/analyze.py --batch v2,3,5,5,True,"{""bean"": true, ""location"": true, ""root"": true, ""spring_frame"": true, ""value"": true}",20776,158,5392,tiktoken 0.14.0 o200k_base,True
04,p1,1,1,True,True,Error creating bean with name 'port',mvn -o -B -ntp -Dmaven.repo.local=/Users/hadiranjbar/Downloads/java/token.usage/investigation/.m2 -Pinvestigation -Dtest=FailureCasesTest -Dexperiment.case=04 -Dexperiment.artifactDir=/Users/hadiranjbar/Downloads/java/token.usage/investigation/raw/v2/04/p1/1 -Dexperiment.reportDir=/Users/hadiranjbar/Downloads/java/token.usage/investigation/raw/v2/04/p1/1/reports -Dspring.output.ansi.enabled=never -Dspring.profiles.active=p1 surefire:test,complete,investigation/raw/v2/04/p1/1,investigation/extracted/v2/04/p1/1/complete.txt,deterministic console extraction (not automatically agent input),python investigation/scripts/analyze.py --batch v2,3,5,5,True,"{""bean"": true, ""location"": true, ""root"": true, ""spring_frame"": true, ""value"": true}",24663,225,6494,tiktoken 0.14.0 o200k_base,True
04,p1,1,1,True,True,Error creating bean with name 'port',mvn -o -B -ntp -Dmaven.repo.local=/Users/hadiranjbar/Downloads/java/token.usage/investigation/.m2 -Pinvestigation -Dtest=FailureCasesTest -Dexperiment.case=04 -Dexperiment.artifactDir=/Users/hadiranjbar/Downloads/java/token.usage/investigation/raw/v2/04/p1/1 -Dexperiment.reportDir=/Users/hadiranjbar/Downloads/java/token.usage/investigation/raw/v2/04/p1/1/reports -Dspring.output.ansi.enabled=never -Dspring.profiles.active=p1 surefire:test,window20,investigation/raw/v2/04/p1/1,investigation/extracted/v2/04/p1/1/window20.txt,deterministic console extraction (not automatically agent input),python investigation/scripts/analyze.py --batch v2,3,3,5,False,"{""bean"": true, ""location"": false, ""root"": false, ""spring_frame"": true, ""value"": true}",2986,20,768,tiktoken 0.14.0 o200k_base,True
04,p1,1,1,True,True,Error creating bean with name 'port',mvn -o -B -ntp -Dmaven.repo.local=/Users/hadiranjbar/Downloads/java/token.usage/investigation/.m2 -Pinvestigation -Dtest=FailureCasesTest -Dexperiment.case=04 -Dexperiment.artifactDir=/Users/hadiranjbar/Downloads/java/token.usage/investigation/raw/v2/04/p1/1 -Dexperiment.reportDir=/Users/hadiranjbar/Downloads/java/token.usage/investigation/raw/v2/04/p1/1/reports -Dspring.output.ansi.enabled=never -Dspring.profiles.active=p1 surefire:test,filtered40,investigation/raw/v2/04/p1/1,investigation/extracted/v2/04/p1/1/filtered40.txt,deterministic console extraction (not automatically agent input),python investigation/scripts/analyze.py --batch v2,3,3,5,False,"{""bean"": true, ""location"": false, ""root"": false, ""spring_frame"": true, ""value"": true}",451,4,104,tiktoken 0.14.0 o200k_base,True
04,p1,1,1,True,True,Error creating bean with name 'port',mvn -o -B -ntp -Dmaven.repo.local=/Users/hadiranjbar/Downloads/java/token.usage/investigation/.m2 -Pinvestigation -Dtest=FailureCasesTest -Dexperiment.case=04 -Dexperiment.artifactDir=/Users/hadiranjbar/Downloads/java/token.usage/investigation/raw/v2/04/p1/1 -Dexperiment.reportDir=/Users/hadiranjbar/Downloads/java/token.usage/investigation/raw/v2/04/p1/1/reports -Dspring.output.ansi.enabled=never -Dspring.profiles.active=p1 surefire:test,boundary,investigation/raw/v2/04/p1/1,investigation/extracted/v2/04/p1/1/boundary.txt,deterministic console extraction (not automatically agent input),python investigation/scripts/analyze.py --batch v2,3,5,5,True,"{""bean"": true, ""location"": true, ""root"": true, ""spring_frame"": true, ""value"": true}",20709,158,5370,tiktoken 0.14.0 o200k_base,True
04,p1,1,1,True,True,Error creating bean with name 'port',mvn -o -B -ntp -Dmaven.repo.local=/Users/hadiranjbar/Downloads/java/token.usage/investigation/.m2 -Pinvestigation -Dtest=FailureCasesTest -Dexperiment.case=04 -Dexperiment.artifactDir=/Users/hadiranjbar/Downloads/java/token.usage/investigation/raw/v2/04/p1/1 -Dexperiment.reportDir=/Users/hadiranjbar/Downloads/java/token.usage/investigation/raw/v2/04/p1/1/reports -Dspring.output.ansi.enabled=never -Dspring.profiles.active=p1 surefire:test,dedup,investigation/raw/v2/04/p1/1,investigation/extracted/v2/04/p1/1/dedup.txt,deterministic console extraction (not automatically agent input),python investigation/scripts/analyze.py --batch v2,3,5,5,True,"{""bean"": true, ""location"": true, ""root"": true, ""spring_frame"": true, ""value"": true}",20709,158,5370,tiktoken 0.14.0 o200k_base,True
04,p1,2,1,True,True,Error creating bean with name 'port',mvn -o -B -ntp -Dmaven.repo.local=/Users/hadiranjbar/Downloads/java/token.usage/investigation/.m2 -Pinvestigation -Dtest=FailureCasesTest -Dexperiment.case=04 -Dexperiment.artifactDir=/Users/hadiranjbar/Downloads/java/token.usage/investigation/raw/v2/04/p1/2 -Dexperiment.reportDir=/Users/hadiranjbar/Downloads/java/token.usage/investigation/raw/v2/04/p1/2/reports -Dspring.output.ansi.enabled=never -Dspring.profiles.active=p1 surefire:test,complete,investigation/raw/v2/04/p1/2,investigation/extracted/v2/04/p1/2/complete.txt,deterministic console extraction (not automatically agent input),python investigation/scripts/analyze.py --batch v2,3,5,5,True,"{""bean"": true, ""location"": true, ""root"": true, ""spring_frame"": true, ""value"": true}",24663,225,6494,tiktoken 0.14.0 o200k_base,True
04,p1,2,1,True,True,Error creating bean with name 'port',mvn -o -B -ntp -Dmaven.repo.local=/Users/hadiranjbar/Downloads/java/token.usage/investigation/.m2 -Pinvestigation -Dtest=FailureCasesTest -Dexperiment.case=04 -Dexperiment.artifactDir=/Users/hadiranjbar/Downloads/java/token.usage/investigation/raw/v2/04/p1/2 -Dexperiment.reportDir=/Users/hadiranjbar/Downloads/java/token.usage/investigation/raw/v2/04/p1/2/reports -Dspring.output.ansi.enabled=never -Dspring.profiles.active=p1 surefire:test,window20,investigation/raw/v2/04/p1/2,investigation/extracted/v2/04/p1/2/window20.txt,deterministic console extraction (not automatically agent input),python investigation/scripts/analyze.py --batch v2,3,3,5,False,"{""bean"": true, ""location"": false, ""root"": false, ""spring_frame"": true, ""value"": true}",2986,20,768,tiktoken 0.14.0 o200k_base,True
04,p1,2,1,True,True,Error creating bean with name 'port',mvn -o -B -ntp -Dmaven.repo.local=/Users/hadiranjbar/Downloads/java/token.usage/investigation/.m2 -Pinvestigation -Dtest=FailureCasesTest -Dexperiment.case=04 -Dexperiment.artifactDir=/Users/hadiranjbar/Downloads/java/token.usage/investigation/raw/v2/04/p1/2 -Dexperiment.reportDir=/Users/hadiranjbar/Downloads/java/token.usage/investigation/raw/v2/04/p1/2/reports -Dspring.output.ansi.enabled=never -Dspring.profiles.active=p1 surefire:test,filtered40,investigation/raw/v2/04/p1/2,investigation/extracted/v2/04/p1/2/filtered40.txt,deterministic console extraction (not automatically agent input),python investigation/scripts/analyze.py --batch v2,3,3,5,False,"{""bean"": true, ""location"": false, ""root"": false, ""spring_frame"": true, ""value"": true}",451,4,104,tiktoken 0.14.0 o200k_base,True
04,p1,2,1,True,True,Error creating bean with name 'port',mvn -o -B -ntp -Dmaven.repo.local=/Users/hadiranjbar/Downloads/java/token.usage/investigation/.m2 -Pinvestigation -Dtest=FailureCasesTest -Dexperiment.case=04 -Dexperiment.artifactDir=/Users/hadiranjbar/Downloads/java/token.usage/investigation/raw/v2/04/p1/2 -Dexperiment.reportDir=/Users/hadiranjbar/Downloads/java/token.usage/investigation/raw/v2/04/p1/2/reports -Dspring.output.ansi.enabled=never -Dspring.profiles.active=p1 surefire:test,boundary,investigation/raw/v2/04/p1/2,investigation/extracted/v2/04/p1/2/boundary.txt,deterministic console extraction (not automatically agent input),python investigation/scripts/analyze.py --batch v2,3,5,5,True,"{""bean"": true, ""location"": true, ""root"": true, ""spring_frame"": true, ""value"": true}",20709,158,5370,tiktoken 0.14.0 o200k_base,True
04,p1,2,1,True,True,Error creating bean with name 'port',mvn -o -B -ntp -Dmaven.repo.local=/Users/hadiranjbar/Downloads/java/token.usage/investigation/.m2 -Pinvestigation -Dtest=FailureCasesTest -Dexperiment.case=04 -Dexperiment.artifactDir=/Users/hadiranjbar/Downloads/java/token.usage/investigation/raw/v2/04/p1/2 -Dexperiment.reportDir=/Users/hadiranjbar/Downloads/java/token.usage/investigation/raw/v2/04/p1/2/reports -Dspring.output.ansi.enabled=never -Dspring.profiles.active=p1 surefire:test,dedup,investigation/raw/v2/04/p1/2,investigation/extracted/v2/04/p1/2/dedup.txt,deterministic console extraction (not automatically agent input),python investigation/scripts/analyze.py --batch v2,3,5,5,True,"{""bean"": true, ""location"": true, ""root"": true, ""spring_frame"": true, ""value"": true}",20709,158,5370,tiktoken 0.14.0 o200k_base,True
04,p1,3,1,True,True,Error creating bean with name 'port',mvn -o -B -ntp -Dmaven.repo.local=/Users/hadiranjbar/Downloads/java/token.usage/investigation/.m2 -Pinvestigation -Dtest=FailureCasesTest -Dexperiment.case=04 -Dexperiment.artifactDir=/Users/hadiranjbar/Downloads/java/token.usage/investigation/raw/v2/04/p1/3 -Dexperiment.reportDir=/Users/hadiranjbar/Downloads/java/token.usage/investigation/raw/v2/04/p1/3/reports -Dspring.output.ansi.enabled=never -Dspring.profiles.active=p1 surefire:test,complete,investigation/raw/v2/04/p1/3,investigation/extracted/v2/04/p1/3/complete.txt,deterministic console extraction (not automatically agent input),python investigation/scripts/analyze.py --batch v2,3,5,5,True,"{""bean"": true, ""location"": true, ""root"": true, ""spring_frame"": true, ""value"": true}",24663,225,6494,tiktoken 0.14.0 o200k_base,True
04,p1,3,1,True,True,Error creating bean with name 'port',mvn -o -B -ntp -Dmaven.repo.local=/Users/hadiranjbar/Downloads/java/token.usage/investigation/.m2 -Pinvestigation -Dtest=FailureCasesTest -Dexperiment.case=04 -Dexperiment.artifactDir=/Users/hadiranjbar/Downloads/java/token.usage/investigation/raw/v2/04/p1/3 -Dexperiment.reportDir=/Users/hadiranjbar/Downloads/java/token.usage/investigation/raw/v2/04/p1/3/reports -Dspring.output.ansi.enabled=never -Dspring.profiles.active=p1 surefire:test,window20,investigation/raw/v2/04/p1/3,investigation/extracted/v2/04/p1/3/window20.txt,deterministic console extraction (not automatically agent input),python investigation/scripts/analyze.py --batch v2,3,3,5,False,"{""bean"": true, ""location"": false, ""root"": false, ""spring_frame"": true, ""value"": true}",2986,20,768,tiktoken 0.14.0 o200k_base,True
04,p1,3,1,True,True,Error creating bean with name 'port',mvn -o -B -ntp -Dmaven.repo.local=/Users/hadiranjbar/Downloads/java/token.usage/investigation/.m2 -Pinvestigation -Dtest=FailureCasesTest -Dexperiment.case=04 -Dexperiment.artifactDir=/Users/hadiranjbar/Downloads/java/token.usage/investigation/raw/v2/04/p1/3 -Dexperiment.reportDir=/Users/hadiranjbar/Downloads/java/token.usage/investigation/raw/v2/04/p1/3/reports -Dspring.output.ansi.enabled=never -Dspring.profiles.active=p1 surefire:test,filtered40,investigation/raw/v2/04/p1/3,investigation/extracted/v2/04/p1/3/filtered40.txt,deterministic console extraction (not automatically agent input),python investigation/scripts/analyze.py --batch v2,3,3,5,False,"{""bean"": true, ""location"": false, ""root"": false, ""spring_frame"": true, ""value"": true}",451,4,104,tiktoken 0.14.0 o200k_base,True
04,p1,3,1,True,True,Error creating bean with name 'port',mvn -o -B -ntp -Dmaven.repo.local=/Users/hadiranjbar/Downloads/java/token.usage/investigation/.m2 -Pinvestigation -Dtest=FailureCasesTest -Dexperiment.case=04 -Dexperiment.artifactDir=/Users/hadiranjbar/Downloads/java/token.usage/investigation/raw/v2/04/p1/3 -Dexperiment.reportDir=/Users/hadiranjbar/Downloads/java/token.usage/investigation/raw/v2/04/p1/3/reports -Dspring.output.ansi.enabled=never -Dspring.profiles.active=p1 surefire:test,boundary,investigation/raw/v2/04/p1/3,investigation/extracted/v2/04/p1/3/boundary.txt,deterministic console extraction (not automatically agent input),python investigation/scripts/analyze.py --batch v2,3,5,5,True,"{""bean"": true, ""location"": true, ""root"": true, ""spring_frame"": true, ""value"": true}",20709,158,5370,tiktoken 0.14.0 o200k_base,True
04,p1,3,1,True,True,Error creating bean with name 'port',mvn -o -B -ntp -Dmaven.repo.local=/Users/hadiranjbar/Downloads/java/token.usage/investigation/.m2 -Pinvestigation -Dtest=FailureCasesTest -Dexperiment.case=04 -Dexperiment.artifactDir=/Users/hadiranjbar/Downloads/java/token.usage/investigation/raw/v2/04/p1/3 -Dexperiment.reportDir=/Users/hadiranjbar/Downloads/java/token.usage/investigation/raw/v2/04/p1/3/reports -Dspring.output.ansi.enabled=never -Dspring.profiles.active=p1 surefire:test,dedup,investigation/raw/v2/04/p1/3,investigation/extracted/v2/04/p1/3/dedup.txt,deterministic console extraction (not automatically agent input),python investigation/scripts/analyze.py --batch v2,3,5,5,True,"{""bean"": true, ""location"": true, ""root"": true, ""spring_frame"": true, ""value"": true}",20709,158,5370,tiktoken 0.14.0 o200k_base,True
04,p2,1,1,True,True,Error creating bean with name 'port',mvn -o -B -ntp -Dmaven.repo.local=/Users/hadiranjbar/Downloads/java/token.usage/investigation/.m2 -Pinvestigation -Dtest=FailureCasesTest -Dexperiment.case=04 -Dexperiment.artifactDir=/Users/hadiranjbar/Downloads/java/token.usage/investigation/raw/v2/04/p2/1 -Dexperiment.reportDir=/Users/hadiranjbar/Downloads/java/token.usage/investigation/raw/v2/04/p2/1/reports -Dspring.output.ansi.enabled=never -Dspring.profiles.active=p2 surefire:test,complete,investigation/raw/v2/04/p2/1,investigation/extracted/v2/04/p2/1/complete.txt,deterministic console extraction (not automatically agent input),python investigation/scripts/analyze.py --batch v2,3,5,5,True,"{""bean"": true, ""location"": true, ""root"": true, ""spring_frame"": true, ""value"": true}",13953,150,3483,tiktoken 0.14.0 o200k_base,True
04,p2,1,1,True,True,Error creating bean with name 'port',mvn -o -B -ntp -Dmaven.repo.local=/Users/hadiranjbar/Downloads/java/token.usage/investigation/.m2 -Pinvestigation -Dtest=FailureCasesTest -Dexperiment.case=04 -Dexperiment.artifactDir=/Users/hadiranjbar/Downloads/java/token.usage/investigation/raw/v2/04/p2/1 -Dexperiment.reportDir=/Users/hadiranjbar/Downloads/java/token.usage/investigation/raw/v2/04/p2/1/reports -Dspring.output.ansi.enabled=never -Dspring.profiles.active=p2 surefire:test,window20,investigation/raw/v2/04/p2/1,investigation/extracted/v2/04/p2/1/window20.txt,deterministic console extraction (not automatically agent input),python investigation/scripts/analyze.py --batch v2,3,3,5,False,"{""bean"": true, ""location"": false, ""root"": false, ""spring_frame"": true, ""value"": true}",3053,20,790,tiktoken 0.14.0 o200k_base,True
04,p2,1,1,True,True,Error creating bean with name 'port',mvn -o -B -ntp -Dmaven.repo.local=/Users/hadiranjbar/Downloads/java/token.usage/investigation/.m2 -Pinvestigation -Dtest=FailureCasesTest -Dexperiment.case=04 -Dexperiment.artifactDir=/Users/hadiranjbar/Downloads/java/token.usage/investigation/raw/v2/04/p2/1 -Dexperiment.reportDir=/Users/hadiranjbar/Downloads/java/token.usage/investigation/raw/v2/04/p2/1/reports -Dspring.output.ansi.enabled=never -Dspring.profiles.active=p2 surefire:test,filtered40,investigation/raw/v2/04/p2/1,investigation/extracted/v2/04/p2/1/filtered40.txt,deterministic console extraction (not automatically agent input),python investigation/scripts/analyze.py --batch v2,3,5,5,True,"{""bean"": true, ""location"": true, ""root"": true, ""spring_frame"": true, ""value"": true}",897,8,216,tiktoken 0.14.0 o200k_base,True
04,p2,1,1,True,True,Error creating bean with name 'port',mvn -o -B -ntp -Dmaven.repo.local=/Users/hadiranjbar/Downloads/java/token.usage/investigation/.m2 -Pinvestigation -Dtest=FailureCasesTest -Dexperiment.case=04 -Dexperiment.artifactDir=/Users/hadiranjbar/Downloads/java/token.usage/investigation/raw/v2/04/p2/1 -Dexperiment.reportDir=/Users/hadiranjbar/Downloads/java/token.usage/investigation/raw/v2/04/p2/1/reports -Dspring.output.ansi.enabled=never -Dspring.profiles.active=p2 surefire:test,boundary,investigation/raw/v2/04/p2/1,investigation/extracted/v2/04/p2/1/boundary.txt,deterministic console extraction (not automatically agent input),python investigation/scripts/analyze.py --batch v2,3,5,5,True,"{""bean"": true, ""location"": true, ""root"": true, ""spring_frame"": true, ""value"": true}",9554,83,2186,tiktoken 0.14.0 o200k_base,True
04,p2,1,1,True,True,Error creating bean with name 'port',mvn -o -B -ntp -Dmaven.repo.local=/Users/hadiranjbar/Downloads/java/token.usage/investigation/.m2 -Pinvestigation -Dtest=FailureCasesTest -Dexperiment.case=04 -Dexperiment.artifactDir=/Users/hadiranjbar/Downloads/java/token.usage/investigation/raw/v2/04/p2/1 -Dexperiment.reportDir=/Users/hadiranjbar/Downloads/java/token.usage/investigation/raw/v2/04/p2/1/reports -Dspring.output.ansi.enabled=never -Dspring.profiles.active=p2 surefire:test,dedup,investigation/raw/v2/04/p2/1,investigation/extracted/v2/04/p2/1/dedup.txt,deterministic console extraction (not automatically agent input),python investigation/scripts/analyze.py --batch v2,3,5,5,True,"{""bean"": true, ""location"": true, ""root"": true, ""spring_frame"": true, ""value"": true}",9554,83,2186,tiktoken 0.14.0 o200k_base,True
04,p2,2,1,True,True,Error creating bean with name 'port',mvn -o -B -ntp -Dmaven.repo.local=/Users/hadiranjbar/Downloads/java/token.usage/investigation/.m2 -Pinvestigation -Dtest=FailureCasesTest -Dexperiment.case=04 -Dexperiment.artifactDir=/Users/hadiranjbar/Downloads/java/token.usage/investigation/raw/v2/04/p2/2 -Dexperiment.reportDir=/Users/hadiranjbar/Downloads/java/token.usage/investigation/raw/v2/04/p2/2/reports -Dspring.output.ansi.enabled=never -Dspring.profiles.active=p2 surefire:test,complete,investigation/raw/v2/04/p2/2,investigation/extracted/v2/04/p2/2/complete.txt,deterministic console extraction (not automatically agent input),python investigation/scripts/analyze.py --batch v2,3,5,5,True,"{""bean"": true, ""location"": true, ""root"": true, ""spring_frame"": true, ""value"": true}",13953,150,3483,tiktoken 0.14.0 o200k_base,True
04,p2,2,1,True,True,Error creating bean with name 'port',mvn -o -B -ntp -Dmaven.repo.local=/Users/hadiranjbar/Downloads/java/token.usage/investigation/.m2 -Pinvestigation -Dtest=FailureCasesTest -Dexperiment.case=04 -Dexperiment.artifactDir=/Users/hadiranjbar/Downloads/java/token.usage/investigation/raw/v2/04/p2/2 -Dexperiment.reportDir=/Users/hadiranjbar/Downloads/java/token.usage/investigation/raw/v2/04/p2/2/reports -Dspring.output.ansi.enabled=never -Dspring.profiles.active=p2 surefire:test,window20,investigation/raw/v2/04/p2/2,investigation/extracted/v2/04/p2/2/window20.txt,deterministic console extraction (not automatically agent input),python investigation/scripts/analyze.py --batch v2,3,3,5,False,"{""bean"": true, ""location"": false, ""root"": false, ""spring_frame"": true, ""value"": true}",3053,20,790,tiktoken 0.14.0 o200k_base,True
04,p2,2,1,True,True,Error creating bean with name 'port',mvn -o -B -ntp -Dmaven.repo.local=/Users/hadiranjbar/Downloads/java/token.usage/investigation/.m2 -Pinvestigation -Dtest=FailureCasesTest -Dexperiment.case=04 -Dexperiment.artifactDir=/Users/hadiranjbar/Downloads/java/token.usage/investigation/raw/v2/04/p2/2 -Dexperiment.reportDir=/Users/hadiranjbar/Downloads/java/token.usage/investigation/raw/v2/04/p2/2/reports -Dspring.output.ansi.enabled=never -Dspring.profiles.active=p2 surefire:test,filtered40,investigation/raw/v2/04/p2/2,investigation/extracted/v2/04/p2/2/filtered40.txt,deterministic console extraction (not automatically agent input),python investigation/scripts/analyze.py --batch v2,3,5,5,True,"{""bean"": true, ""location"": true, ""root"": true, ""spring_frame"": true, ""value"": true}",897,8,216,tiktoken 0.14.0 o200k_base,True
04,p2,2,1,True,True,Error creating bean with name 'port',mvn -o -B -ntp -Dmaven.repo.local=/Users/hadiranjbar/Downloads/java/token.usage/investigation/.m2 -Pinvestigation -Dtest=FailureCasesTest -Dexperiment.case=04 -Dexperiment.artifactDir=/Users/hadiranjbar/Downloads/java/token.usage/investigation/raw/v2/04/p2/2 -Dexperiment.reportDir=/Users/hadiranjbar/Downloads/java/token.usage/investigation/raw/v2/04/p2/2/reports -Dspring.output.ansi.enabled=never -Dspring.profiles.active=p2 surefire:test,boundary,investigation/raw/v2/04/p2/2,investigation/extracted/v2/04/p2/2/boundary.txt,deterministic console extraction (not automatically agent input),python investigation/scripts/analyze.py --batch v2,3,5,5,True,"{""bean"": true, ""location"": true, ""root"": true, ""spring_frame"": true, ""value"": true}",9554,83,2186,tiktoken 0.14.0 o200k_base,True
04,p2,2,1,True,True,Error creating bean with name 'port',mvn -o -B -ntp -Dmaven.repo.local=/Users/hadiranjbar/Downloads/java/token.usage/investigation/.m2 -Pinvestigation -Dtest=FailureCasesTest -Dexperiment.case=04 -Dexperiment.artifactDir=/Users/hadiranjbar/Downloads/java/token.usage/investigation/raw/v2/04/p2/2 -Dexperiment.reportDir=/Users/hadiranjbar/Downloads/java/token.usage/investigation/raw/v2/04/p2/2/reports -Dspring.output.ansi.enabled=never -Dspring.profiles.active=p2 surefire:test,dedup,investigation/raw/v2/04/p2/2,investigation/extracted/v2/04/p2/2/dedup.txt,deterministic console extraction (not automatically agent input),python investigation/scripts/analyze.py --batch v2,3,5,5,True,"{""bean"": true, ""location"": true, ""root"": true, ""spring_frame"": true, ""value"": true}",9554,83,2186,tiktoken 0.14.0 o200k_base,True
04,p2,3,1,True,True,Error creating bean with name 'port',mvn -o -B -ntp -Dmaven.repo.local=/Users/hadiranjbar/Downloads/java/token.usage/investigation/.m2 -Pinvestigation -Dtest=FailureCasesTest -Dexperiment.case=04 -Dexperiment.artifactDir=/Users/hadiranjbar/Downloads/java/token.usage/investigation/raw/v2/04/p2/3 -Dexperiment.reportDir=/Users/hadiranjbar/Downloads/java/token.usage/investigation/raw/v2/04/p2/3/reports -Dspring.output.ansi.enabled=never -Dspring.profiles.active=p2 surefire:test,complete,investigation/raw/v2/04/p2/3,investigation/extracted/v2/04/p2/3/complete.txt,deterministic console extraction (not automatically agent input),python investigation/scripts/analyze.py --batch v2,3,5,5,True,"{""bean"": true, ""location"": true, ""root"": true, ""spring_frame"": true, ""value"": true}",13952,150,3483,tiktoken 0.14.0 o200k_base,True
04,p2,3,1,True,True,Error creating bean with name 'port',mvn -o -B -ntp -Dmaven.repo.local=/Users/hadiranjbar/Downloads/java/token.usage/investigation/.m2 -Pinvestigation -Dtest=FailureCasesTest -Dexperiment.case=04 -Dexperiment.artifactDir=/Users/hadiranjbar/Downloads/java/token.usage/investigation/raw/v2/04/p2/3 -Dexperiment.reportDir=/Users/hadiranjbar/Downloads/java/token.usage/investigation/raw/v2/04/p2/3/reports -Dspring.output.ansi.enabled=never -Dspring.profiles.active=p2 surefire:test,window20,investigation/raw/v2/04/p2/3,investigation/extracted/v2/04/p2/3/window20.txt,deterministic console extraction (not automatically agent input),python investigation/scripts/analyze.py --batch v2,3,3,5,False,"{""bean"": true, ""location"": false, ""root"": false, ""spring_frame"": true, ""value"": true}",3053,20,790,tiktoken 0.14.0 o200k_base,True
04,p2,3,1,True,True,Error creating bean with name 'port',mvn -o -B -ntp -Dmaven.repo.local=/Users/hadiranjbar/Downloads/java/token.usage/investigation/.m2 -Pinvestigation -Dtest=FailureCasesTest -Dexperiment.case=04 -Dexperiment.artifactDir=/Users/hadiranjbar/Downloads/java/token.usage/investigation/raw/v2/04/p2/3 -Dexperiment.reportDir=/Users/hadiranjbar/Downloads/java/token.usage/investigation/raw/v2/04/p2/3/reports -Dspring.output.ansi.enabled=never -Dspring.profiles.active=p2 surefire:test,filtered40,investigation/raw/v2/04/p2/3,investigation/extracted/v2/04/p2/3/filtered40.txt,deterministic console extraction (not automatically agent input),python investigation/scripts/analyze.py --batch v2,3,5,5,True,"{""bean"": true, ""location"": true, ""root"": true, ""spring_frame"": true, ""value"": true}",897,8,216,tiktoken 0.14.0 o200k_base,True
04,p2,3,1,True,True,Error creating bean with name 'port',mvn -o -B -ntp -Dmaven.repo.local=/Users/hadiranjbar/Downloads/java/token.usage/investigation/.m2 -Pinvestigation -Dtest=FailureCasesTest -Dexperiment.case=04 -Dexperiment.artifactDir=/Users/hadiranjbar/Downloads/java/token.usage/investigation/raw/v2/04/p2/3 -Dexperiment.reportDir=/Users/hadiranjbar/Downloads/java/token.usage/investigation/raw/v2/04/p2/3/reports -Dspring.output.ansi.enabled=never -Dspring.profiles.active=p2 surefire:test,boundary,investigation/raw/v2/04/p2/3,investigation/extracted/v2/04/p2/3/boundary.txt,deterministic console extraction (not automatically agent input),python investigation/scripts/analyze.py --batch v2,3,5,5,True,"{""bean"": true, ""location"": true, ""root"": true, ""spring_frame"": true, ""value"": true}",9554,83,2186,tiktoken 0.14.0 o200k_base,True
04,p2,3,1,True,True,Error creating bean with name 'port',mvn -o -B -ntp -Dmaven.repo.local=/Users/hadiranjbar/Downloads/java/token.usage/investigation/.m2 -Pinvestigation -Dtest=FailureCasesTest -Dexperiment.case=04 -Dexperiment.artifactDir=/Users/hadiranjbar/Downloads/java/token.usage/investigation/raw/v2/04/p2/3 -Dexperiment.reportDir=/Users/hadiranjbar/Downloads/java/token.usage/investigation/raw/v2/04/p2/3/reports -Dspring.output.ansi.enabled=never -Dspring.profiles.active=p2 surefire:test,dedup,investigation/raw/v2/04/p2/3,investigation/extracted/v2/04/p2/3/dedup.txt,deterministic console extraction (not automatically agent input),python investigation/scripts/analyze.py --batch v2,3,5,5,True,"{""bean"": true, ""location"": true, ""root"": true, ""spring_frame"": true, ""value"": true}",9554,83,2186,tiktoken 0.14.0 o200k_base,True
04,p4,1,1,True,True,Error creating bean with name 'port',"mvn -o -B -ntp -Dmaven.repo.local=/Users/hadiranjbar/Downloads/java/token.usage/investigation/.m2 -Pinvestigation,agent-reports -Dtest=FailureCasesTest -Dexperiment.case=04 -Dexperiment.artifactDir=/Users/hadiranjbar/Downloads/java/token.usage/investigation/raw/v2/04/p4/1 -Dexperiment.reportDir=/Users/hadiranjbar/Downloads/java/token.usage/investigation/raw/v2/04/p4/1/reports -Dspring.output.ansi.enabled=never surefire:test",complete,investigation/raw/v2/04/p4/1,investigation/extracted/v2/04/p4/1/complete.txt,deterministic console extraction (not automatically agent input),python investigation/scripts/analyze.py --batch v2,3,5,5,True,"{""bean"": true, ""location"": true, ""root"": true, ""spring_frame"": true, ""value"": true}",21960,196,6082,tiktoken 0.14.0 o200k_base,True
04,p4,1,1,True,True,Error creating bean with name 'port',"mvn -o -B -ntp -Dmaven.repo.local=/Users/hadiranjbar/Downloads/java/token.usage/investigation/.m2 -Pinvestigation,agent-reports -Dtest=FailureCasesTest -Dexperiment.case=04 -Dexperiment.artifactDir=/Users/hadiranjbar/Downloads/java/token.usage/investigation/raw/v2/04/p4/1 -Dexperiment.reportDir=/Users/hadiranjbar/Downloads/java/token.usage/investigation/raw/v2/04/p4/1/reports -Dspring.output.ansi.enabled=never surefire:test",window20,investigation/raw/v2/04/p4/1,investigation/extracted/v2/04/p4/1/window20.txt,deterministic console extraction (not automatically agent input),python investigation/scripts/analyze.py --batch v2,3,3,5,False,"{""bean"": true, ""location"": false, ""root"": false, ""spring_frame"": true, ""value"": true}",3053,20,790,tiktoken 0.14.0 o200k_base,True
04,p4,1,1,True,True,Error creating bean with name 'port',"mvn -o -B -ntp -Dmaven.repo.local=/Users/hadiranjbar/Downloads/java/token.usage/investigation/.m2 -Pinvestigation,agent-reports -Dtest=FailureCasesTest -Dexperiment.case=04 -Dexperiment.artifactDir=/Users/hadiranjbar/Downloads/java/token.usage/investigation/raw/v2/04/p4/1 -Dexperiment.reportDir=/Users/hadiranjbar/Downloads/java/token.usage/investigation/raw/v2/04/p4/1/reports -Dspring.output.ansi.enabled=never surefire:test",filtered40,investigation/raw/v2/04/p4/1,investigation/extracted/v2/04/p4/1/filtered40.txt,deterministic console extraction (not automatically agent input),python investigation/scripts/analyze.py --batch v2,3,3,5,False,"{""bean"": true, ""location"": false, ""root"": false, ""spring_frame"": true, ""value"": true}",518,4,126,tiktoken 0.14.0 o200k_base,True
04,p4,1,1,True,True,Error creating bean with name 'port',"mvn -o -B -ntp -Dmaven.repo.local=/Users/hadiranjbar/Downloads/java/token.usage/investigation/.m2 -Pinvestigation,agent-reports -Dtest=FailureCasesTest -Dexperiment.case=04 -Dexperiment.artifactDir=/Users/hadiranjbar/Downloads/java/token.usage/investigation/raw/v2/04/p4/1 -Dexperiment.reportDir=/Users/hadiranjbar/Downloads/java/token.usage/investigation/raw/v2/04/p4/1/reports -Dspring.output.ansi.enabled=never surefire:test",boundary,investigation/raw/v2/04/p4/1,investigation/extracted/v2/04/p4/1/boundary.txt,deterministic console extraction (not automatically agent input),python investigation/scripts/analyze.py --batch v2,3,5,5,True,"{""bean"": true, ""location"": true, ""root"": true, ""spring_frame"": true, ""value"": true}",17653,129,4841,tiktoken 0.14.0 o200k_base,True
04,p4,1,1,True,True,Error creating bean with name 'port',"mvn -o -B -ntp -Dmaven.repo.local=/Users/hadiranjbar/Downloads/java/token.usage/investigation/.m2 -Pinvestigation,agent-reports -Dtest=FailureCasesTest -Dexperiment.case=04 -Dexperiment.artifactDir=/Users/hadiranjbar/Downloads/java/token.usage/investigation/raw/v2/04/p4/1 -Dexperiment.reportDir=/Users/hadiranjbar/Downloads/java/token.usage/investigation/raw/v2/04/p4/1/reports -Dspring.output.ansi.enabled=never surefire:test",dedup,investigation/raw/v2/04/p4/1,investigation/extracted/v2/04/p4/1/dedup.txt,deterministic console extraction (not automatically agent input),python investigation/scripts/analyze.py --batch v2,3,5,5,True,"{""bean"": true, ""location"": true, ""root"": true, ""spring_frame"": true, ""value"": true}",17653,129,4841,tiktoken 0.14.0 o200k_base,True
04,p4,2,1,True,True,Error creating bean with name 'port',"mvn -o -B -ntp -Dmaven.repo.local=/Users/hadiranjbar/Downloads/java/token.usage/investigation/.m2 -Pinvestigation,agent-reports -Dtest=FailureCasesTest -Dexperiment.case=04 -Dexperiment.artifactDir=/Users/hadiranjbar/Downloads/java/token.usage/investigation/raw/v2/04/p4/2 -Dexperiment.reportDir=/Users/hadiranjbar/Downloads/java/token.usage/investigation/raw/v2/04/p4/2/reports -Dspring.output.ansi.enabled=never surefire:test",complete,investigation/raw/v2/04/p4/2,investigation/extracted/v2/04/p4/2/complete.txt,deterministic console extraction (not automatically agent input),python investigation/scripts/analyze.py --batch v2,3,5,5,True,"{""bean"": true, ""location"": true, ""root"": true, ""spring_frame"": true, ""value"": true}",21960,196,6082,tiktoken 0.14.0 o200k_base,True
04,p4,2,1,True,True,Error creating bean with name 'port',"mvn -o -B -ntp -Dmaven.repo.local=/Users/hadiranjbar/Downloads/java/token.usage/investigation/.m2 -Pinvestigation,agent-reports -Dtest=FailureCasesTest -Dexperiment.case=04 -Dexperiment.artifactDir=/Users/hadiranjbar/Downloads/java/token.usage/investigation/raw/v2/04/p4/2 -Dexperiment.reportDir=/Users/hadiranjbar/Downloads/java/token.usage/investigation/raw/v2/04/p4/2/reports -Dspring.output.ansi.enabled=never surefire:test",window20,investigation/raw/v2/04/p4/2,investigation/extracted/v2/04/p4/2/window20.txt,deterministic console extraction (not automatically agent input),python investigation/scripts/analyze.py --batch v2,3,3,5,False,"{""bean"": true, ""location"": false, ""root"": false, ""spring_frame"": true, ""value"": true}",3053,20,790,tiktoken 0.14.0 o200k_base,True
04,p4,2,1,True,True,Error creating bean with name 'port',"mvn -o -B -ntp -Dmaven.repo.local=/Users/hadiranjbar/Downloads/java/token.usage/investigation/.m2 -Pinvestigation,agent-reports -Dtest=FailureCasesTest -Dexperiment.case=04 -Dexperiment.artifactDir=/Users/hadiranjbar/Downloads/java/token.usage/investigation/raw/v2/04/p4/2 -Dexperiment.reportDir=/Users/hadiranjbar/Downloads/java/token.usage/investigation/raw/v2/04/p4/2/reports -Dspring.output.ansi.enabled=never surefire:test",filtered40,investigation/raw/v2/04/p4/2,investigation/extracted/v2/04/p4/2/filtered40.txt,deterministic console extraction (not automatically agent input),python investigation/scripts/analyze.py --batch v2,3,3,5,False,"{""bean"": true, ""location"": false, ""root"": false, ""spring_frame"": true, ""value"": true}",518,4,126,tiktoken 0.14.0 o200k_base,True
04,p4,2,1,True,True,Error creating bean with name 'port',"mvn -o -B -ntp -Dmaven.repo.local=/Users/hadiranjbar/Downloads/java/token.usage/investigation/.m2 -Pinvestigation,agent-reports -Dtest=FailureCasesTest -Dexperiment.case=04 -Dexperiment.artifactDir=/Users/hadiranjbar/Downloads/java/token.usage/investigation/raw/v2/04/p4/2 -Dexperiment.reportDir=/Users/hadiranjbar/Downloads/java/token.usage/investigation/raw/v2/04/p4/2/reports -Dspring.output.ansi.enabled=never surefire:test",boundary,investigation/raw/v2/04/p4/2,investigation/extracted/v2/04/p4/2/boundary.txt,deterministic console extraction (not automatically agent input),python investigation/scripts/analyze.py --batch v2,3,5,5,True,"{""bean"": true, ""location"": true, ""root"": true, ""spring_frame"": true, ""value"": true}",17653,129,4841,tiktoken 0.14.0 o200k_base,True
04,p4,2,1,True,True,Error creating bean with name 'port',"mvn -o -B -ntp -Dmaven.repo.local=/Users/hadiranjbar/Downloads/java/token.usage/investigation/.m2 -Pinvestigation,agent-reports -Dtest=FailureCasesTest -Dexperiment.case=04 -Dexperiment.artifactDir=/Users/hadiranjbar/Downloads/java/token.usage/investigation/raw/v2/04/p4/2 -Dexperiment.reportDir=/Users/hadiranjbar/Downloads/java/token.usage/investigation/raw/v2/04/p4/2/reports -Dspring.output.ansi.enabled=never surefire:test",dedup,investigation/raw/v2/04/p4/2,investigation/extracted/v2/04/p4/2/dedup.txt,deterministic console extraction (not automatically agent input),python investigation/scripts/analyze.py --batch v2,3,5,5,True,"{""bean"": true, ""location"": true, ""root"": true, ""spring_frame"": true, ""value"": true}",17653,129,4841,tiktoken 0.14.0 o200k_base,True
04,p4,3,1,True,True,Error creating bean with name 'port',"mvn -o -B -ntp -Dmaven.repo.local=/Users/hadiranjbar/Downloads/java/token.usage/investigation/.m2 -Pinvestigation,agent-reports -Dtest=FailureCasesTest -Dexperiment.case=04 -Dexperiment.artifactDir=/Users/hadiranjbar/Downloads/java/token.usage/investigation/raw/v2/04/p4/3 -Dexperiment.reportDir=/Users/hadiranjbar/Downloads/java/token.usage/investigation/raw/v2/04/p4/3/reports -Dspring.output.ansi.enabled=never surefire:test",complete,investigation/raw/v2/04/p4/3,investigation/extracted/v2/04/p4/3/complete.txt,deterministic console extraction (not automatically agent input),python investigation/scripts/analyze.py --batch v2,3,5,5,True,"{""bean"": true, ""location"": true, ""root"": true, ""spring_frame"": true, ""value"": true}",21960,196,6082,tiktoken 0.14.0 o200k_base,True
04,p4,3,1,True,True,Error creating bean with name 'port',"mvn -o -B -ntp -Dmaven.repo.local=/Users/hadiranjbar/Downloads/java/token.usage/investigation/.m2 -Pinvestigation,agent-reports -Dtest=FailureCasesTest -Dexperiment.case=04 -Dexperiment.artifactDir=/Users/hadiranjbar/Downloads/java/token.usage/investigation/raw/v2/04/p4/3 -Dexperiment.reportDir=/Users/hadiranjbar/Downloads/java/token.usage/investigation/raw/v2/04/p4/3/reports -Dspring.output.ansi.enabled=never surefire:test",window20,investigation/raw/v2/04/p4/3,investigation/extracted/v2/04/p4/3/window20.txt,deterministic console extraction (not automatically agent input),python investigation/scripts/analyze.py --batch v2,3,3,5,False,"{""bean"": true, ""location"": false, ""root"": false, ""spring_frame"": true, ""value"": true}",3053,20,790,tiktoken 0.14.0 o200k_base,True
04,p4,3,1,True,True,Error creating bean with name 'port',"mvn -o -B -ntp -Dmaven.repo.local=/Users/hadiranjbar/Downloads/java/token.usage/investigation/.m2 -Pinvestigation,agent-reports -Dtest=FailureCasesTest -Dexperiment.case=04 -Dexperiment.artifactDir=/Users/hadiranjbar/Downloads/java/token.usage/investigation/raw/v2/04/p4/3 -Dexperiment.reportDir=/Users/hadiranjbar/Downloads/java/token.usage/investigation/raw/v2/04/p4/3/reports -Dspring.output.ansi.enabled=never surefire:test",filtered40,investigation/raw/v2/04/p4/3,investigation/extracted/v2/04/p4/3/filtered40.txt,deterministic console extraction (not automatically agent input),python investigation/scripts/analyze.py --batch v2,3,3,5,False,"{""bean"": true, ""location"": false, ""root"": false, ""spring_frame"": true, ""value"": true}",518,4,126,tiktoken 0.14.0 o200k_base,True
04,p4,3,1,True,True,Error creating bean with name 'port',"mvn -o -B -ntp -Dmaven.repo.local=/Users/hadiranjbar/Downloads/java/token.usage/investigation/.m2 -Pinvestigation,agent-reports -Dtest=FailureCasesTest -Dexperiment.case=04 -Dexperiment.artifactDir=/Users/hadiranjbar/Downloads/java/token.usage/investigation/raw/v2/04/p4/3 -Dexperiment.reportDir=/Users/hadiranjbar/Downloads/java/token.usage/investigation/raw/v2/04/p4/3/reports -Dspring.output.ansi.enabled=never surefire:test",boundary,investigation/raw/v2/04/p4/3,investigation/extracted/v2/04/p4/3/boundary.txt,deterministic console extraction (not automatically agent input),python investigation/scripts/analyze.py --batch v2,3,5,5,True,"{""bean"": true, ""location"": true, ""root"": true, ""spring_frame"": true, ""value"": true}",17653,129,4841,tiktoken 0.14.0 o200k_base,True
04,p4,3,1,True,True,Error creating bean with name 'port',"mvn -o -B -ntp -Dmaven.repo.local=/Users/hadiranjbar/Downloads/java/token.usage/investigation/.m2 -Pinvestigation,agent-reports -Dtest=FailureCasesTest -Dexperiment.case=04 -Dexperiment.artifactDir=/Users/hadiranjbar/Downloads/java/token.usage/investigation/raw/v2/04/p4/3 -Dexperiment.reportDir=/Users/hadiranjbar/Downloads/java/token.usage/investigation/raw/v2/04/p4/3/reports -Dspring.output.ansi.enabled=never surefire:test",dedup,investigation/raw/v2/04/p4/3,investigation/extracted/v2/04/p4/3/dedup.txt,deterministic console extraction (not automatically agent input),python investigation/scripts/analyze.py --batch v2,3,5,5,True,"{""bean"": true, ""location"": true, ""root"": true, ""spring_frame"": true, ""value"": true}",17653,129,4841,tiktoken 0.14.0 o200k_base,True
05,agent,1,1,True,True,Unique index or primary key violation,"mvn -o -B -ntp -Dmaven.repo.local=/Users/hadiranjbar/Downloads/java/token.usage/investigation/.m2 -Pinvestigation,agent-reports -Dtest=FailureCasesTest -Dexperiment.case=05 -Dexperiment.artifactDir=/Users/hadiranjbar/Downloads/java/token.usage/investigation/raw/v2/05/agent/1 -Dexperiment.reportDir=/Users/hadiranjbar/Downloads/java/token.usage/investigation/raw/v2/05/agent/1/reports -Dspring.output.ansi.enabled=never -Dspring.profiles.active=agent -Dexperiment.deduplicate=true surefire:test",complete,investigation/raw/v2/05/agent/1,investigation/extracted/v2/05/agent/1/complete.txt,deterministic console extraction (not automatically agent input),python investigation/scripts/analyze.py --batch v2,2,2,3,False,"{""constraint"": true, ""location"": false, ""sql"": true}",3871,63,1123,tiktoken 0.14.0 o200k_base,True
05,agent,1,1,True,True,Unique index or primary key violation,"mvn -o -B -ntp -Dmaven.repo.local=/Users/hadiranjbar/Downloads/java/token.usage/investigation/.m2 -Pinvestigation,agent-reports -Dtest=FailureCasesTest -Dexperiment.case=05 -Dexperiment.artifactDir=/Users/hadiranjbar/Downloads/java/token.usage/investigation/raw/v2/05/agent/1 -Dexperiment.reportDir=/Users/hadiranjbar/Downloads/java/token.usage/investigation/raw/v2/05/agent/1/reports -Dspring.output.ansi.enabled=never -Dspring.profiles.active=agent -Dexperiment.deduplicate=true surefire:test",window20,investigation/raw/v2/05/agent/1,investigation/extracted/v2/05/agent/1/window20.txt,deterministic console extraction (not automatically agent input),python investigation/scripts/analyze.py --batch v2,2,2,3,False,"{""constraint"": true, ""location"": false, ""sql"": true}",1225,20,323,tiktoken 0.14.0 o200k_base,True
05,agent,1,1,True,True,Unique index or primary key violation,"mvn -o -B -ntp -Dmaven.repo.local=/Users/hadiranjbar/Downloads/java/token.usage/investigation/.m2 -Pinvestigation,agent-reports -Dtest=FailureCasesTest -Dexperiment.case=05 -Dexperiment.artifactDir=/Users/hadiranjbar/Downloads/java/token.usage/investigation/raw/v2/05/agent/1 -Dexperiment.reportDir=/Users/hadiranjbar/Downloads/java/token.usage/investigation/raw/v2/05/agent/1/reports -Dspring.output.ansi.enabled=never -Dspring.profiles.active=agent -Dexperiment.deduplicate=true surefire:test",filtered40,investigation/raw/v2/05/agent/1,investigation/extracted/v2/05/agent/1/filtered40.txt,deterministic console extraction (not automatically agent input),python investigation/scripts/analyze.py --batch v2,2,2,3,False,"{""constraint"": true, ""location"": false, ""sql"": true}",2101,33,559,tiktoken 0.14.0 o200k_base,True
05,agent,1,1,True,True,Unique index or primary key violation,"mvn -o -B -ntp -Dmaven.repo.local=/Users/hadiranjbar/Downloads/java/token.usage/investigation/.m2 -Pinvestigation,agent-reports -Dtest=FailureCasesTest -Dexperiment.case=05 -Dexperiment.artifactDir=/Users/hadiranjbar/Downloads/java/token.usage/investigation/raw/v2/05/agent/1 -Dexperiment.reportDir=/Users/hadiranjbar/Downloads/java/token.usage/investigation/raw/v2/05/agent/1/reports -Dspring.output.ansi.enabled=never -Dspring.profiles.active=agent -Dexperiment.deduplicate=true surefire:test",boundary,investigation/raw/v2/05/agent/1,investigation/extracted/v2/05/agent/1/boundary.txt,deterministic console extraction (not automatically agent input),python investigation/scripts/analyze.py --batch v2,2,2,3,False,"{""constraint"": true, ""location"": false, ""sql"": true}",595,7,166,tiktoken 0.14.0 o200k_base,True
05,agent,1,1,True,True,Unique index or primary key violation,"mvn -o -B -ntp -Dmaven.repo.local=/Users/hadiranjbar/Downloads/java/token.usage/investigation/.m2 -Pinvestigation,agent-reports -Dtest=FailureCasesTest -Dexperiment.case=05 -Dexperiment.artifactDir=/Users/hadiranjbar/Downloads/java/token.usage/investigation/raw/v2/05/agent/1 -Dexperiment.reportDir=/Users/hadiranjbar/Downloads/java/token.usage/investigation/raw/v2/05/agent/1/reports -Dspring.output.ansi.enabled=never -Dspring.profiles.active=agent -Dexperiment.deduplicate=true surefire:test",dedup,investigation/raw/v2/05/agent/1,investigation/extracted/v2/05/agent/1/dedup.txt,deterministic console extraction (not automatically agent input),python investigation/scripts/analyze.py --batch v2,2,2,3,False,"{""constraint"": true, ""location"": false, ""sql"": true}",595,7,166,tiktoken 0.14.0 o200k_base,True
05,agent,2,1,True,True,Unique index or primary key violation,"mvn -o -B -ntp -Dmaven.repo.local=/Users/hadiranjbar/Downloads/java/token.usage/investigation/.m2 -Pinvestigation,agent-reports -Dtest=FailureCasesTest -Dexperiment.case=05 -Dexperiment.artifactDir=/Users/hadiranjbar/Downloads/java/token.usage/investigation/raw/v2/05/agent/2 -Dexperiment.reportDir=/Users/hadiranjbar/Downloads/java/token.usage/investigation/raw/v2/05/agent/2/reports -Dspring.output.ansi.enabled=never -Dspring.profiles.active=agent -Dexperiment.deduplicate=true surefire:test",complete,investigation/raw/v2/05/agent/2,investigation/extracted/v2/05/agent/2/complete.txt,deterministic console extraction (not automatically agent input),python investigation/scripts/analyze.py --batch v2,2,2,3,False,"{""constraint"": true, ""location"": false, ""sql"": true}",3871,63,1123,tiktoken 0.14.0 o200k_base,True
05,agent,2,1,True,True,Unique index or primary key violation,"mvn -o -B -ntp -Dmaven.repo.local=/Users/hadiranjbar/Downloads/java/token.usage/investigation/.m2 -Pinvestigation,agent-reports -Dtest=FailureCasesTest -Dexperiment.case=05 -Dexperiment.artifactDir=/Users/hadiranjbar/Downloads/java/token.usage/investigation/raw/v2/05/agent/2 -Dexperiment.reportDir=/Users/hadiranjbar/Downloads/java/token.usage/investigation/raw/v2/05/agent/2/reports -Dspring.output.ansi.enabled=never -Dspring.profiles.active=agent -Dexperiment.deduplicate=true surefire:test",window20,investigation/raw/v2/05/agent/2,investigation/extracted/v2/05/agent/2/window20.txt,deterministic console extraction (not automatically agent input),python investigation/scripts/analyze.py --batch v2,2,2,3,False,"{""constraint"": true, ""location"": false, ""sql"": true}",1225,20,323,tiktoken 0.14.0 o200k_base,True
05,agent,2,1,True,True,Unique index or primary key violation,"mvn -o -B -ntp -Dmaven.repo.local=/Users/hadiranjbar/Downloads/java/token.usage/investigation/.m2 -Pinvestigation,agent-reports -Dtest=FailureCasesTest -Dexperiment.case=05 -Dexperiment.artifactDir=/Users/hadiranjbar/Downloads/java/token.usage/investigation/raw/v2/05/agent/2 -Dexperiment.reportDir=/Users/hadiranjbar/Downloads/java/token.usage/investigation/raw/v2/05/agent/2/reports -Dspring.output.ansi.enabled=never -Dspring.profiles.active=agent -Dexperiment.deduplicate=true surefire:test",filtered40,investigation/raw/v2/05/agent/2,investigation/extracted/v2/05/agent/2/filtered40.txt,deterministic console extraction (not automatically agent input),python investigation/scripts/analyze.py --batch v2,2,2,3,False,"{""constraint"": true, ""location"": false, ""sql"": true}",2101,33,559,tiktoken 0.14.0 o200k_base,True
05,agent,2,1,True,True,Unique index or primary key violation,"mvn -o -B -ntp -Dmaven.repo.local=/Users/hadiranjbar/Downloads/java/token.usage/investigation/.m2 -Pinvestigation,agent-reports -Dtest=FailureCasesTest -Dexperiment.case=05 -Dexperiment.artifactDir=/Users/hadiranjbar/Downloads/java/token.usage/investigation/raw/v2/05/agent/2 -Dexperiment.reportDir=/Users/hadiranjbar/Downloads/java/token.usage/investigation/raw/v2/05/agent/2/reports -Dspring.output.ansi.enabled=never -Dspring.profiles.active=agent -Dexperiment.deduplicate=true surefire:test",boundary,investigation/raw/v2/05/agent/2,investigation/extracted/v2/05/agent/2/boundary.txt,deterministic console extraction (not automatically agent input),python investigation/scripts/analyze.py --batch v2,2,2,3,False,"{""constraint"": true, ""location"": false, ""sql"": true}",595,7,166,tiktoken 0.14.0 o200k_base,True
05,agent,2,1,True,True,Unique index or primary key violation,"mvn -o -B -ntp -Dmaven.repo.local=/Users/hadiranjbar/Downloads/java/token.usage/investigation/.m2 -Pinvestigation,agent-reports -Dtest=FailureCasesTest -Dexperiment.case=05 -Dexperiment.artifactDir=/Users/hadiranjbar/Downloads/java/token.usage/investigation/raw/v2/05/agent/2 -Dexperiment.reportDir=/Users/hadiranjbar/Downloads/java/token.usage/investigation/raw/v2/05/agent/2/reports -Dspring.output.ansi.enabled=never -Dspring.profiles.active=agent -Dexperiment.deduplicate=true surefire:test",dedup,investigation/raw/v2/05/agent/2,investigation/extracted/v2/05/agent/2/dedup.txt,deterministic console extraction (not automatically agent input),python investigation/scripts/analyze.py --batch v2,2,2,3,False,"{""constraint"": true, ""location"": false, ""sql"": true}",595,7,166,tiktoken 0.14.0 o200k_base,True
05,agent,3,1,True,True,Unique index or primary key violation,"mvn -o -B -ntp -Dmaven.repo.local=/Users/hadiranjbar/Downloads/java/token.usage/investigation/.m2 -Pinvestigation,agent-reports -Dtest=FailureCasesTest -Dexperiment.case=05 -Dexperiment.artifactDir=/Users/hadiranjbar/Downloads/java/token.usage/investigation/raw/v2/05/agent/3 -Dexperiment.reportDir=/Users/hadiranjbar/Downloads/java/token.usage/investigation/raw/v2/05/agent/3/reports -Dspring.output.ansi.enabled=never -Dspring.profiles.active=agent -Dexperiment.deduplicate=true surefire:test",complete,investigation/raw/v2/05/agent/3,investigation/extracted/v2/05/agent/3/complete.txt,deterministic console extraction (not automatically agent input),python investigation/scripts/analyze.py --batch v2,2,2,3,False,"{""constraint"": true, ""location"": false, ""sql"": true}",3871,63,1123,tiktoken 0.14.0 o200k_base,True
05,agent,3,1,True,True,Unique index or primary key violation,"mvn -o -B -ntp -Dmaven.repo.local=/Users/hadiranjbar/Downloads/java/token.usage/investigation/.m2 -Pinvestigation,agent-reports -Dtest=FailureCasesTest -Dexperiment.case=05 -Dexperiment.artifactDir=/Users/hadiranjbar/Downloads/java/token.usage/investigation/raw/v2/05/agent/3 -Dexperiment.reportDir=/Users/hadiranjbar/Downloads/java/token.usage/investigation/raw/v2/05/agent/3/reports -Dspring.output.ansi.enabled=never -Dspring.profiles.active=agent -Dexperiment.deduplicate=true surefire:test",window20,investigation/raw/v2/05/agent/3,investigation/extracted/v2/05/agent/3/window20.txt,deterministic console extraction (not automatically agent input),python investigation/scripts/analyze.py --batch v2,2,2,3,False,"{""constraint"": true, ""location"": false, ""sql"": true}",1225,20,323,tiktoken 0.14.0 o200k_base,True
05,agent,3,1,True,True,Unique index or primary key violation,"mvn -o -B -ntp -Dmaven.repo.local=/Users/hadiranjbar/Downloads/java/token.usage/investigation/.m2 -Pinvestigation,agent-reports -Dtest=FailureCasesTest -Dexperiment.case=05 -Dexperiment.artifactDir=/Users/hadiranjbar/Downloads/java/token.usage/investigation/raw/v2/05/agent/3 -Dexperiment.reportDir=/Users/hadiranjbar/Downloads/java/token.usage/investigation/raw/v2/05/agent/3/reports -Dspring.output.ansi.enabled=never -Dspring.profiles.active=agent -Dexperiment.deduplicate=true surefire:test",filtered40,investigation/raw/v2/05/agent/3,investigation/extracted/v2/05/agent/3/filtered40.txt,deterministic console extraction (not automatically agent input),python investigation/scripts/analyze.py --batch v2,2,2,3,False,"{""constraint"": true, ""location"": false, ""sql"": true}",2101,33,559,tiktoken 0.14.0 o200k_base,True
05,agent,3,1,True,True,Unique index or primary key violation,"mvn -o -B -ntp -Dmaven.repo.local=/Users/hadiranjbar/Downloads/java/token.usage/investigation/.m2 -Pinvestigation,agent-reports -Dtest=FailureCasesTest -Dexperiment.case=05 -Dexperiment.artifactDir=/Users/hadiranjbar/Downloads/java/token.usage/investigation/raw/v2/05/agent/3 -Dexperiment.reportDir=/Users/hadiranjbar/Downloads/java/token.usage/investigation/raw/v2/05/agent/3/reports -Dspring.output.ansi.enabled=never -Dspring.profiles.active=agent -Dexperiment.deduplicate=true surefire:test",boundary,investigation/raw/v2/05/agent/3,investigation/extracted/v2/05/agent/3/boundary.txt,deterministic console extraction (not automatically agent input),python investigation/scripts/analyze.py --batch v2,2,2,3,False,"{""constraint"": true, ""location"": false, ""sql"": true}",595,7,166,tiktoken 0.14.0 o200k_base,True
05,agent,3,1,True,True,Unique index or primary key violation,"mvn -o -B -ntp -Dmaven.repo.local=/Users/hadiranjbar/Downloads/java/token.usage/investigation/.m2 -Pinvestigation,agent-reports -Dtest=FailureCasesTest -Dexperiment.case=05 -Dexperiment.artifactDir=/Users/hadiranjbar/Downloads/java/token.usage/investigation/raw/v2/05/agent/3 -Dexperiment.reportDir=/Users/hadiranjbar/Downloads/java/token.usage/investigation/raw/v2/05/agent/3/reports -Dspring.output.ansi.enabled=never -Dspring.profiles.active=agent -Dexperiment.deduplicate=true surefire:test",dedup,investigation/raw/v2/05/agent/3,investigation/extracted/v2/05/agent/3/dedup.txt,deterministic console extraction (not automatically agent input),python investigation/scripts/analyze.py --batch v2,2,2,3,False,"{""constraint"": true, ""location"": false, ""sql"": true}",595,7,166,tiktoken 0.14.0 o200k_base,True
05,default,1,1,True,True,Unique index or primary key violation,mvn -o -B -ntp -Dmaven.repo.local=/Users/hadiranjbar/Downloads/java/token.usage/investigation/.m2 -Pinvestigation -Dtest=FailureCasesTest -Dexperiment.case=05 -Dexperiment.artifactDir=/Users/hadiranjbar/Downloads/java/token.usage/investigation/raw/v2/05/default/1 -Dexperiment.reportDir=/Users/hadiranjbar/Downloads/java/token.usage/investigation/raw/v2/05/default/1/reports -Dspring.output.ansi.enabled=never surefire:test,complete,investigation/raw/v2/05/default/1,investigation/extracted/v2/05/default/1/complete.txt,deterministic console extraction (not automatically agent input),python investigation/scripts/analyze.py --batch v2,2,3,3,True,"{""constraint"": true, ""location"": true, ""sql"": true}",4874,80,1333,tiktoken 0.14.0 o200k_base,True
05,default,1,1,True,True,Unique index or primary key violation,mvn -o -B -ntp -Dmaven.repo.local=/Users/hadiranjbar/Downloads/java/token.usage/investigation/.m2 -Pinvestigation -Dtest=FailureCasesTest -Dexperiment.case=05 -Dexperiment.artifactDir=/Users/hadiranjbar/Downloads/java/token.usage/investigation/raw/v2/05/default/1 -Dexperiment.reportDir=/Users/hadiranjbar/Downloads/java/token.usage/investigation/raw/v2/05/default/1/reports -Dspring.output.ansi.enabled=never surefire:test,window20,investigation/raw/v2/05/default/1,investigation/extracted/v2/05/default/1/window20.txt,deterministic console extraction (not automatically agent input),python investigation/scripts/analyze.py --batch v2,2,2,3,False,"{""constraint"": true, ""location"": false, ""sql"": true}",1512,20,390,tiktoken 0.14.0 o200k_base,True
05,default,1,1,True,True,Unique index or primary key violation,mvn -o -B -ntp -Dmaven.repo.local=/Users/hadiranjbar/Downloads/java/token.usage/investigation/.m2 -Pinvestigation -Dtest=FailureCasesTest -Dexperiment.case=05 -Dexperiment.artifactDir=/Users/hadiranjbar/Downloads/java/token.usage/investigation/raw/v2/05/default/1 -Dexperiment.reportDir=/Users/hadiranjbar/Downloads/java/token.usage/investigation/raw/v2/05/default/1/reports -Dspring.output.ansi.enabled=never surefire:test,filtered40,investigation/raw/v2/05/default/1,investigation/extracted/v2/05/default/1/filtered40.txt,deterministic console extraction (not automatically agent input),python investigation/scripts/analyze.py --batch v2,2,3,3,True,"{""constraint"": true, ""location"": true, ""sql"": true}",2619,40,666,tiktoken 0.14.0 o200k_base,True
05,default,1,1,True,True,Unique index or primary key violation,mvn -o -B -ntp -Dmaven.repo.local=/Users/hadiranjbar/Downloads/java/token.usage/investigation/.m2 -Pinvestigation -Dtest=FailureCasesTest -Dexperiment.case=05 -Dexperiment.artifactDir=/Users/hadiranjbar/Downloads/java/token.usage/investigation/raw/v2/05/default/1 -Dexperiment.reportDir=/Users/hadiranjbar/Downloads/java/token.usage/investigation/raw/v2/05/default/1/reports -Dspring.output.ansi.enabled=never surefire:test,boundary,investigation/raw/v2/05/default/1,investigation/extracted/v2/05/default/1/boundary.txt,deterministic console extraction (not automatically agent input),python investigation/scripts/analyze.py --batch v2,2,3,3,True,"{""constraint"": true, ""location"": true, ""sql"": true}",1735,24,445,tiktoken 0.14.0 o200k_base,True
05,default,1,1,True,True,Unique index or primary key violation,mvn -o -B -ntp -Dmaven.repo.local=/Users/hadiranjbar/Downloads/java/token.usage/investigation/.m2 -Pinvestigation -Dtest=FailureCasesTest -Dexperiment.case=05 -Dexperiment.artifactDir=/Users/hadiranjbar/Downloads/java/token.usage/investigation/raw/v2/05/default/1 -Dexperiment.reportDir=/Users/hadiranjbar/Downloads/java/token.usage/investigation/raw/v2/05/default/1/reports -Dspring.output.ansi.enabled=never surefire:test,dedup,investigation/raw/v2/05/default/1,investigation/extracted/v2/05/default/1/dedup.txt,deterministic console extraction (not automatically agent input),python investigation/scripts/analyze.py --batch v2,2,3,3,True,"{""constraint"": true, ""location"": true, ""sql"": true}",1735,24,445,tiktoken 0.14.0 o200k_base,True
05,default,2,1,True,True,Unique index or primary key violation,mvn -o -B -ntp -Dmaven.repo.local=/Users/hadiranjbar/Downloads/java/token.usage/investigation/.m2 -Pinvestigation -Dtest=FailureCasesTest -Dexperiment.case=05 -Dexperiment.artifactDir=/Users/hadiranjbar/Downloads/java/token.usage/investigation/raw/v2/05/default/2 -Dexperiment.reportDir=/Users/hadiranjbar/Downloads/java/token.usage/investigation/raw/v2/05/default/2/reports -Dspring.output.ansi.enabled=never surefire:test,complete,investigation/raw/v2/05/default/2,investigation/extracted/v2/05/default/2/complete.txt,deterministic console extraction (not automatically agent input),python investigation/scripts/analyze.py --batch v2,2,3,3,True,"{""constraint"": true, ""location"": true, ""sql"": true}",4874,80,1333,tiktoken 0.14.0 o200k_base,True
05,default,2,1,True,True,Unique index or primary key violation,mvn -o -B -ntp -Dmaven.repo.local=/Users/hadiranjbar/Downloads/java/token.usage/investigation/.m2 -Pinvestigation -Dtest=FailureCasesTest -Dexperiment.case=05 -Dexperiment.artifactDir=/Users/hadiranjbar/Downloads/java/token.usage/investigation/raw/v2/05/default/2 -Dexperiment.reportDir=/Users/hadiranjbar/Downloads/java/token.usage/investigation/raw/v2/05/default/2/reports -Dspring.output.ansi.enabled=never surefire:test,window20,investigation/raw/v2/05/default/2,investigation/extracted/v2/05/default/2/window20.txt,deterministic console extraction (not automatically agent input),python investigation/scripts/analyze.py --batch v2,2,2,3,False,"{""constraint"": true, ""location"": false, ""sql"": true}",1512,20,390,tiktoken 0.14.0 o200k_base,True
05,default,2,1,True,True,Unique index or primary key violation,mvn -o -B -ntp -Dmaven.repo.local=/Users/hadiranjbar/Downloads/java/token.usage/investigation/.m2 -Pinvestigation -Dtest=FailureCasesTest -Dexperiment.case=05 -Dexperiment.artifactDir=/Users/hadiranjbar/Downloads/java/token.usage/investigation/raw/v2/05/default/2 -Dexperiment.reportDir=/Users/hadiranjbar/Downloads/java/token.usage/investigation/raw/v2/05/default/2/reports -Dspring.output.ansi.enabled=never surefire:test,filtered40,investigation/raw/v2/05/default/2,investigation/extracted/v2/05/default/2/filtered40.txt,deterministic console extraction (not automatically agent input),python investigation/scripts/analyze.py --batch v2,2,3,3,True,"{""constraint"": true, ""location"": true, ""sql"": true}",2619,40,666,tiktoken 0.14.0 o200k_base,True
05,default,2,1,True,True,Unique index or primary key violation,mvn -o -B -ntp -Dmaven.repo.local=/Users/hadiranjbar/Downloads/java/token.usage/investigation/.m2 -Pinvestigation -Dtest=FailureCasesTest -Dexperiment.case=05 -Dexperiment.artifactDir=/Users/hadiranjbar/Downloads/java/token.usage/investigation/raw/v2/05/default/2 -Dexperiment.reportDir=/Users/hadiranjbar/Downloads/java/token.usage/investigation/raw/v2/05/default/2/reports -Dspring.output.ansi.enabled=never surefire:test,boundary,investigation/raw/v2/05/default/2,investigation/extracted/v2/05/default/2/boundary.txt,deterministic console extraction (not automatically agent input),python investigation/scripts/analyze.py --batch v2,2,3,3,True,"{""constraint"": true, ""location"": true, ""sql"": true}",1735,24,445,tiktoken 0.14.0 o200k_base,True
05,default,2,1,True,True,Unique index or primary key violation,mvn -o -B -ntp -Dmaven.repo.local=/Users/hadiranjbar/Downloads/java/token.usage/investigation/.m2 -Pinvestigation -Dtest=FailureCasesTest -Dexperiment.case=05 -Dexperiment.artifactDir=/Users/hadiranjbar/Downloads/java/token.usage/investigation/raw/v2/05/default/2 -Dexperiment.reportDir=/Users/hadiranjbar/Downloads/java/token.usage/investigation/raw/v2/05/default/2/reports -Dspring.output.ansi.enabled=never surefire:test,dedup,investigation/raw/v2/05/default/2,investigation/extracted/v2/05/default/2/dedup.txt,deterministic console extraction (not automatically agent input),python investigation/scripts/analyze.py --batch v2,2,3,3,True,"{""constraint"": true, ""location"": true, ""sql"": true}",1735,24,445,tiktoken 0.14.0 o200k_base,True
05,default,3,1,True,True,Unique index or primary key violation,mvn -o -B -ntp -Dmaven.repo.local=/Users/hadiranjbar/Downloads/java/token.usage/investigation/.m2 -Pinvestigation -Dtest=FailureCasesTest -Dexperiment.case=05 -Dexperiment.artifactDir=/Users/hadiranjbar/Downloads/java/token.usage/investigation/raw/v2/05/default/3 -Dexperiment.reportDir=/Users/hadiranjbar/Downloads/java/token.usage/investigation/raw/v2/05/default/3/reports -Dspring.output.ansi.enabled=never surefire:test,complete,investigation/raw/v2/05/default/3,investigation/extracted/v2/05/default/3/complete.txt,deterministic console extraction (not automatically agent input),python investigation/scripts/analyze.py --batch v2,2,3,3,True,"{""constraint"": true, ""location"": true, ""sql"": true}",4873,80,1333,tiktoken 0.14.0 o200k_base,True
05,default,3,1,True,True,Unique index or primary key violation,mvn -o -B -ntp -Dmaven.repo.local=/Users/hadiranjbar/Downloads/java/token.usage/investigation/.m2 -Pinvestigation -Dtest=FailureCasesTest -Dexperiment.case=05 -Dexperiment.artifactDir=/Users/hadiranjbar/Downloads/java/token.usage/investigation/raw/v2/05/default/3 -Dexperiment.reportDir=/Users/hadiranjbar/Downloads/java/token.usage/investigation/raw/v2/05/default/3/reports -Dspring.output.ansi.enabled=never surefire:test,window20,investigation/raw/v2/05/default/3,investigation/extracted/v2/05/default/3/window20.txt,deterministic console extraction (not automatically agent input),python investigation/scripts/analyze.py --batch v2,2,2,3,False,"{""constraint"": true, ""location"": false, ""sql"": true}",1512,20,390,tiktoken 0.14.0 o200k_base,True
05,default,3,1,True,True,Unique index or primary key violation,mvn -o -B -ntp -Dmaven.repo.local=/Users/hadiranjbar/Downloads/java/token.usage/investigation/.m2 -Pinvestigation -Dtest=FailureCasesTest -Dexperiment.case=05 -Dexperiment.artifactDir=/Users/hadiranjbar/Downloads/java/token.usage/investigation/raw/v2/05/default/3 -Dexperiment.reportDir=/Users/hadiranjbar/Downloads/java/token.usage/investigation/raw/v2/05/default/3/reports -Dspring.output.ansi.enabled=never surefire:test,filtered40,investigation/raw/v2/05/default/3,investigation/extracted/v2/05/default/3/filtered40.txt,deterministic console extraction (not automatically agent input),python investigation/scripts/analyze.py --batch v2,2,3,3,True,"{""constraint"": true, ""location"": true, ""sql"": true}",2619,40,666,tiktoken 0.14.0 o200k_base,True
05,default,3,1,True,True,Unique index or primary key violation,mvn -o -B -ntp -Dmaven.repo.local=/Users/hadiranjbar/Downloads/java/token.usage/investigation/.m2 -Pinvestigation -Dtest=FailureCasesTest -Dexperiment.case=05 -Dexperiment.artifactDir=/Users/hadiranjbar/Downloads/java/token.usage/investigation/raw/v2/05/default/3 -Dexperiment.reportDir=/Users/hadiranjbar/Downloads/java/token.usage/investigation/raw/v2/05/default/3/reports -Dspring.output.ansi.enabled=never surefire:test,boundary,investigation/raw/v2/05/default/3,investigation/extracted/v2/05/default/3/boundary.txt,deterministic console extraction (not automatically agent input),python investigation/scripts/analyze.py --batch v2,2,3,3,True,"{""constraint"": true, ""location"": true, ""sql"": true}",1735,24,445,tiktoken 0.14.0 o200k_base,True
05,default,3,1,True,True,Unique index or primary key violation,mvn -o -B -ntp -Dmaven.repo.local=/Users/hadiranjbar/Downloads/java/token.usage/investigation/.m2 -Pinvestigation -Dtest=FailureCasesTest -Dexperiment.case=05 -Dexperiment.artifactDir=/Users/hadiranjbar/Downloads/java/token.usage/investigation/raw/v2/05/default/3 -Dexperiment.reportDir=/Users/hadiranjbar/Downloads/java/token.usage/investigation/raw/v2/05/default/3/reports -Dspring.output.ansi.enabled=never surefire:test,dedup,investigation/raw/v2/05/default/3,investigation/extracted/v2/05/default/3/dedup.txt,deterministic console extraction (not automatically agent input),python investigation/scripts/analyze.py --batch v2,2,3,3,True,"{""constraint"": true, ""location"": true, ""sql"": true}",1735,24,445,tiktoken 0.14.0 o200k_base,True
05,p1,1,1,True,True,Unique index or primary key violation,mvn -o -B -ntp -Dmaven.repo.local=/Users/hadiranjbar/Downloads/java/token.usage/investigation/.m2 -Pinvestigation -Dtest=FailureCasesTest -Dexperiment.case=05 -Dexperiment.artifactDir=/Users/hadiranjbar/Downloads/java/token.usage/investigation/raw/v2/05/p1/1 -Dexperiment.reportDir=/Users/hadiranjbar/Downloads/java/token.usage/investigation/raw/v2/05/p1/1/reports -Dspring.output.ansi.enabled=never -Dspring.profiles.active=p1 surefire:test,complete,investigation/raw/v2/05/p1/1,investigation/extracted/v2/05/p1/1/complete.txt,deterministic console extraction (not automatically agent input),python investigation/scripts/analyze.py --batch v2,2,3,3,True,"{""constraint"": true, ""location"": true, ""sql"": true}",4716,80,1288,tiktoken 0.14.0 o200k_base,True
05,p1,1,1,True,True,Unique index or primary key violation,mvn -o -B -ntp -Dmaven.repo.local=/Users/hadiranjbar/Downloads/java/token.usage/investigation/.m2 -Pinvestigation -Dtest=FailureCasesTest -Dexperiment.case=05 -Dexperiment.artifactDir=/Users/hadiranjbar/Downloads/java/token.usage/investigation/raw/v2/05/p1/1 -Dexperiment.reportDir=/Users/hadiranjbar/Downloads/java/token.usage/investigation/raw/v2/05/p1/1/reports -Dspring.output.ansi.enabled=never -Dspring.profiles.active=p1 surefire:test,window20,investigation/raw/v2/05/p1/1,investigation/extracted/v2/05/p1/1/window20.txt,deterministic console extraction (not automatically agent input),python investigation/scripts/analyze.py --batch v2,2,2,3,False,"{""constraint"": true, ""location"": false, ""sql"": true}",1512,20,390,tiktoken 0.14.0 o200k_base,True
05,p1,1,1,True,True,Unique index or primary key violation,mvn -o -B -ntp -Dmaven.repo.local=/Users/hadiranjbar/Downloads/java/token.usage/investigation/.m2 -Pinvestigation -Dtest=FailureCasesTest -Dexperiment.case=05 -Dexperiment.artifactDir=/Users/hadiranjbar/Downloads/java/token.usage/investigation/raw/v2/05/p1/1 -Dexperiment.reportDir=/Users/hadiranjbar/Downloads/java/token.usage/investigation/raw/v2/05/p1/1/reports -Dspring.output.ansi.enabled=never -Dspring.profiles.active=p1 surefire:test,filtered40,investigation/raw/v2/05/p1/1,investigation/extracted/v2/05/p1/1/filtered40.txt,deterministic console extraction (not automatically agent input),python investigation/scripts/analyze.py --batch v2,2,3,3,True,"{""constraint"": true, ""location"": true, ""sql"": true}",2619,40,666,tiktoken 0.14.0 o200k_base,True
05,p1,1,1,True,True,Unique index or primary key violation,mvn -o -B -ntp -Dmaven.repo.local=/Users/hadiranjbar/Downloads/java/token.usage/investigation/.m2 -Pinvestigation -Dtest=FailureCasesTest -Dexperiment.case=05 -Dexperiment.artifactDir=/Users/hadiranjbar/Downloads/java/token.usage/investigation/raw/v2/05/p1/1 -Dexperiment.reportDir=/Users/hadiranjbar/Downloads/java/token.usage/investigation/raw/v2/05/p1/1/reports -Dspring.output.ansi.enabled=never -Dspring.profiles.active=p1 surefire:test,boundary,investigation/raw/v2/05/p1/1,investigation/extracted/v2/05/p1/1/boundary.txt,deterministic console extraction (not automatically agent input),python investigation/scripts/analyze.py --batch v2,2,3,3,True,"{""constraint"": true, ""location"": true, ""sql"": true}",1735,24,445,tiktoken 0.14.0 o200k_base,True
05,p1,1,1,True,True,Unique index or primary key violation,mvn -o -B -ntp -Dmaven.repo.local=/Users/hadiranjbar/Downloads/java/token.usage/investigation/.m2 -Pinvestigation -Dtest=FailureCasesTest -Dexperiment.case=05 -Dexperiment.artifactDir=/Users/hadiranjbar/Downloads/java/token.usage/investigation/raw/v2/05/p1/1 -Dexperiment.reportDir=/Users/hadiranjbar/Downloads/java/token.usage/investigation/raw/v2/05/p1/1/reports -Dspring.output.ansi.enabled=never -Dspring.profiles.active=p1 surefire:test,dedup,investigation/raw/v2/05/p1/1,investigation/extracted/v2/05/p1/1/dedup.txt,deterministic console extraction (not automatically agent input),python investigation/scripts/analyze.py --batch v2,2,3,3,True,"{""constraint"": true, ""location"": true, ""sql"": true}",1735,24,445,tiktoken 0.14.0 o200k_base,True
05,p1,2,1,True,True,Unique index or primary key violation,mvn -o -B -ntp -Dmaven.repo.local=/Users/hadiranjbar/Downloads/java/token.usage/investigation/.m2 -Pinvestigation -Dtest=FailureCasesTest -Dexperiment.case=05 -Dexperiment.artifactDir=/Users/hadiranjbar/Downloads/java/token.usage/investigation/raw/v2/05/p1/2 -Dexperiment.reportDir=/Users/hadiranjbar/Downloads/java/token.usage/investigation/raw/v2/05/p1/2/reports -Dspring.output.ansi.enabled=never -Dspring.profiles.active=p1 surefire:test,complete,investigation/raw/v2/05/p1/2,investigation/extracted/v2/05/p1/2/complete.txt,deterministic console extraction (not automatically agent input),python investigation/scripts/analyze.py --batch v2,2,3,3,True,"{""constraint"": true, ""location"": true, ""sql"": true}",4716,80,1288,tiktoken 0.14.0 o200k_base,True
05,p1,2,1,True,True,Unique index or primary key violation,mvn -o -B -ntp -Dmaven.repo.local=/Users/hadiranjbar/Downloads/java/token.usage/investigation/.m2 -Pinvestigation -Dtest=FailureCasesTest -Dexperiment.case=05 -Dexperiment.artifactDir=/Users/hadiranjbar/Downloads/java/token.usage/investigation/raw/v2/05/p1/2 -Dexperiment.reportDir=/Users/hadiranjbar/Downloads/java/token.usage/investigation/raw/v2/05/p1/2/reports -Dspring.output.ansi.enabled=never -Dspring.profiles.active=p1 surefire:test,window20,investigation/raw/v2/05/p1/2,investigation/extracted/v2/05/p1/2/window20.txt,deterministic console extraction (not automatically agent input),python investigation/scripts/analyze.py --batch v2,2,2,3,False,"{""constraint"": true, ""location"": false, ""sql"": true}",1512,20,390,tiktoken 0.14.0 o200k_base,True
05,p1,2,1,True,True,Unique index or primary key violation,mvn -o -B -ntp -Dmaven.repo.local=/Users/hadiranjbar/Downloads/java/token.usage/investigation/.m2 -Pinvestigation -Dtest=FailureCasesTest -Dexperiment.case=05 -Dexperiment.artifactDir=/Users/hadiranjbar/Downloads/java/token.usage/investigation/raw/v2/05/p1/2 -Dexperiment.reportDir=/Users/hadiranjbar/Downloads/java/token.usage/investigation/raw/v2/05/p1/2/reports -Dspring.output.ansi.enabled=never -Dspring.profiles.active=p1 surefire:test,filtered40,investigation/raw/v2/05/p1/2,investigation/extracted/v2/05/p1/2/filtered40.txt,deterministic console extraction (not automatically agent input),python investigation/scripts/analyze.py --batch v2,2,3,3,True,"{""constraint"": true, ""location"": true, ""sql"": true}",2619,40,666,tiktoken 0.14.0 o200k_base,True
05,p1,2,1,True,True,Unique index or primary key violation,mvn -o -B -ntp -Dmaven.repo.local=/Users/hadiranjbar/Downloads/java/token.usage/investigation/.m2 -Pinvestigation -Dtest=FailureCasesTest -Dexperiment.case=05 -Dexperiment.artifactDir=/Users/hadiranjbar/Downloads/java/token.usage/investigation/raw/v2/05/p1/2 -Dexperiment.reportDir=/Users/hadiranjbar/Downloads/java/token.usage/investigation/raw/v2/05/p1/2/reports -Dspring.output.ansi.enabled=never -Dspring.profiles.active=p1 surefire:test,boundary,investigation/raw/v2/05/p1/2,investigation/extracted/v2/05/p1/2/boundary.txt,deterministic console extraction (not automatically agent input),python investigation/scripts/analyze.py --batch v2,2,3,3,True,"{""constraint"": true, ""location"": true, ""sql"": true}",1735,24,445,tiktoken 0.14.0 o200k_base,True
05,p1,2,1,True,True,Unique index or primary key violation,mvn -o -B -ntp -Dmaven.repo.local=/Users/hadiranjbar/Downloads/java/token.usage/investigation/.m2 -Pinvestigation -Dtest=FailureCasesTest -Dexperiment.case=05 -Dexperiment.artifactDir=/Users/hadiranjbar/Downloads/java/token.usage/investigation/raw/v2/05/p1/2 -Dexperiment.reportDir=/Users/hadiranjbar/Downloads/java/token.usage/investigation/raw/v2/05/p1/2/reports -Dspring.output.ansi.enabled=never -Dspring.profiles.active=p1 surefire:test,dedup,investigation/raw/v2/05/p1/2,investigation/extracted/v2/05/p1/2/dedup.txt,deterministic console extraction (not automatically agent input),python investigation/scripts/analyze.py --batch v2,2,3,3,True,"{""constraint"": true, ""location"": true, ""sql"": true}",1735,24,445,tiktoken 0.14.0 o200k_base,True
05,p1,3,1,True,True,Unique index or primary key violation,mvn -o -B -ntp -Dmaven.repo.local=/Users/hadiranjbar/Downloads/java/token.usage/investigation/.m2 -Pinvestigation -Dtest=FailureCasesTest -Dexperiment.case=05 -Dexperiment.artifactDir=/Users/hadiranjbar/Downloads/java/token.usage/investigation/raw/v2/05/p1/3 -Dexperiment.reportDir=/Users/hadiranjbar/Downloads/java/token.usage/investigation/raw/v2/05/p1/3/reports -Dspring.output.ansi.enabled=never -Dspring.profiles.active=p1 surefire:test,complete,investigation/raw/v2/05/p1/3,investigation/extracted/v2/05/p1/3/complete.txt,deterministic console extraction (not automatically agent input),python investigation/scripts/analyze.py --batch v2,2,3,3,True,"{""constraint"": true, ""location"": true, ""sql"": true}",4716,80,1288,tiktoken 0.14.0 o200k_base,True
05,p1,3,1,True,True,Unique index or primary key violation,mvn -o -B -ntp -Dmaven.repo.local=/Users/hadiranjbar/Downloads/java/token.usage/investigation/.m2 -Pinvestigation -Dtest=FailureCasesTest -Dexperiment.case=05 -Dexperiment.artifactDir=/Users/hadiranjbar/Downloads/java/token.usage/investigation/raw/v2/05/p1/3 -Dexperiment.reportDir=/Users/hadiranjbar/Downloads/java/token.usage/investigation/raw/v2/05/p1/3/reports -Dspring.output.ansi.enabled=never -Dspring.profiles.active=p1 surefire:test,window20,investigation/raw/v2/05/p1/3,investigation/extracted/v2/05/p1/3/window20.txt,deterministic console extraction (not automatically agent input),python investigation/scripts/analyze.py --batch v2,2,2,3,False,"{""constraint"": true, ""location"": false, ""sql"": true}",1512,20,390,tiktoken 0.14.0 o200k_base,True
05,p1,3,1,True,True,Unique index or primary key violation,mvn -o -B -ntp -Dmaven.repo.local=/Users/hadiranjbar/Downloads/java/token.usage/investigation/.m2 -Pinvestigation -Dtest=FailureCasesTest -Dexperiment.case=05 -Dexperiment.artifactDir=/Users/hadiranjbar/Downloads/java/token.usage/investigation/raw/v2/05/p1/3 -Dexperiment.reportDir=/Users/hadiranjbar/Downloads/java/token.usage/investigation/raw/v2/05/p1/3/reports -Dspring.output.ansi.enabled=never -Dspring.profiles.active=p1 surefire:test,filtered40,investigation/raw/v2/05/p1/3,investigation/extracted/v2/05/p1/3/filtered40.txt,deterministic console extraction (not automatically agent input),python investigation/scripts/analyze.py --batch v2,2,3,3,True,"{""constraint"": true, ""location"": true, ""sql"": true}",2619,40,666,tiktoken 0.14.0 o200k_base,True
05,p1,3,1,True,True,Unique index or primary key violation,mvn -o -B -ntp -Dmaven.repo.local=/Users/hadiranjbar/Downloads/java/token.usage/investigation/.m2 -Pinvestigation -Dtest=FailureCasesTest -Dexperiment.case=05 -Dexperiment.artifactDir=/Users/hadiranjbar/Downloads/java/token.usage/investigation/raw/v2/05/p1/3 -Dexperiment.reportDir=/Users/hadiranjbar/Downloads/java/token.usage/investigation/raw/v2/05/p1/3/reports -Dspring.output.ansi.enabled=never -Dspring.profiles.active=p1 surefire:test,boundary,investigation/raw/v2/05/p1/3,investigation/extracted/v2/05/p1/3/boundary.txt,deterministic console extraction (not automatically agent input),python investigation/scripts/analyze.py --batch v2,2,3,3,True,"{""constraint"": true, ""location"": true, ""sql"": true}",1735,24,445,tiktoken 0.14.0 o200k_base,True
05,p1,3,1,True,True,Unique index or primary key violation,mvn -o -B -ntp -Dmaven.repo.local=/Users/hadiranjbar/Downloads/java/token.usage/investigation/.m2 -Pinvestigation -Dtest=FailureCasesTest -Dexperiment.case=05 -Dexperiment.artifactDir=/Users/hadiranjbar/Downloads/java/token.usage/investigation/raw/v2/05/p1/3 -Dexperiment.reportDir=/Users/hadiranjbar/Downloads/java/token.usage/investigation/raw/v2/05/p1/3/reports -Dspring.output.ansi.enabled=never -Dspring.profiles.active=p1 surefire:test,dedup,investigation/raw/v2/05/p1/3,investigation/extracted/v2/05/p1/3/dedup.txt,deterministic console extraction (not automatically agent input),python investigation/scripts/analyze.py --batch v2,2,3,3,True,"{""constraint"": true, ""location"": true, ""sql"": true}",1735,24,445,tiktoken 0.14.0 o200k_base,True
05,p4,1,1,True,True,Unique index or primary key violation,"mvn -o -B -ntp -Dmaven.repo.local=/Users/hadiranjbar/Downloads/java/token.usage/investigation/.m2 -Pinvestigation,agent-reports -Dtest=FailureCasesTest -Dexperiment.case=05 -Dexperiment.artifactDir=/Users/hadiranjbar/Downloads/java/token.usage/investigation/raw/v2/05/p4/1 -Dexperiment.reportDir=/Users/hadiranjbar/Downloads/java/token.usage/investigation/raw/v2/05/p4/1/reports -Dspring.output.ansi.enabled=never surefire:test",complete,investigation/raw/v2/05/p4/1,investigation/extracted/v2/05/p4/1/complete.txt,deterministic console extraction (not automatically agent input),python investigation/scripts/analyze.py --batch v2,2,2,3,False,"{""constraint"": true, ""location"": false, ""sql"": true}",3729,63,1055,tiktoken 0.14.0 o200k_base,True
05,p4,1,1,True,True,Unique index or primary key violation,"mvn -o -B -ntp -Dmaven.repo.local=/Users/hadiranjbar/Downloads/java/token.usage/investigation/.m2 -Pinvestigation,agent-reports -Dtest=FailureCasesTest -Dexperiment.case=05 -Dexperiment.artifactDir=/Users/hadiranjbar/Downloads/java/token.usage/investigation/raw/v2/05/p4/1 -Dexperiment.reportDir=/Users/hadiranjbar/Downloads/java/token.usage/investigation/raw/v2/05/p4/1/reports -Dspring.output.ansi.enabled=never surefire:test",window20,investigation/raw/v2/05/p4/1,investigation/extracted/v2/05/p4/1/window20.txt,deterministic console extraction (not automatically agent input),python investigation/scripts/analyze.py --batch v2,2,2,3,False,"{""constraint"": true, ""location"": false, ""sql"": true}",1225,20,323,tiktoken 0.14.0 o200k_base,True
05,p4,1,1,True,True,Unique index or primary key violation,"mvn -o -B -ntp -Dmaven.repo.local=/Users/hadiranjbar/Downloads/java/token.usage/investigation/.m2 -Pinvestigation,agent-reports -Dtest=FailureCasesTest -Dexperiment.case=05 -Dexperiment.artifactDir=/Users/hadiranjbar/Downloads/java/token.usage/investigation/raw/v2/05/p4/1 -Dexperiment.reportDir=/Users/hadiranjbar/Downloads/java/token.usage/investigation/raw/v2/05/p4/1/reports -Dspring.output.ansi.enabled=never surefire:test",filtered40,investigation/raw/v2/05/p4/1,investigation/extracted/v2/05/p4/1/filtered40.txt,deterministic console extraction (not automatically agent input),python investigation/scripts/analyze.py --batch v2,2,2,3,False,"{""constraint"": true, ""location"": false, ""sql"": true}",2098,33,559,tiktoken 0.14.0 o200k_base,True
05,p4,1,1,True,True,Unique index or primary key violation,"mvn -o -B -ntp -Dmaven.repo.local=/Users/hadiranjbar/Downloads/java/token.usage/investigation/.m2 -Pinvestigation,agent-reports -Dtest=FailureCasesTest -Dexperiment.case=05 -Dexperiment.artifactDir=/Users/hadiranjbar/Downloads/java/token.usage/investigation/raw/v2/05/p4/1 -Dexperiment.reportDir=/Users/hadiranjbar/Downloads/java/token.usage/investigation/raw/v2/05/p4/1/reports -Dspring.output.ansi.enabled=never surefire:test",boundary,investigation/raw/v2/05/p4/1,investigation/extracted/v2/05/p4/1/boundary.txt,deterministic console extraction (not automatically agent input),python investigation/scripts/analyze.py --batch v2,2,2,3,False,"{""constraint"": true, ""location"": false, ""sql"": true}",595,7,166,tiktoken 0.14.0 o200k_base,True
05,p4,1,1,True,True,Unique index or primary key violation,"mvn -o -B -ntp -Dmaven.repo.local=/Users/hadiranjbar/Downloads/java/token.usage/investigation/.m2 -Pinvestigation,agent-reports -Dtest=FailureCasesTest -Dexperiment.case=05 -Dexperiment.artifactDir=/Users/hadiranjbar/Downloads/java/token.usage/investigation/raw/v2/05/p4/1 -Dexperiment.reportDir=/Users/hadiranjbar/Downloads/java/token.usage/investigation/raw/v2/05/p4/1/reports -Dspring.output.ansi.enabled=never surefire:test",dedup,investigation/raw/v2/05/p4/1,investigation/extracted/v2/05/p4/1/dedup.txt,deterministic console extraction (not automatically agent input),python investigation/scripts/analyze.py --batch v2,2,2,3,False,"{""constraint"": true, ""location"": false, ""sql"": true}",595,7,166,tiktoken 0.14.0 o200k_base,True
05,p4,2,1,True,True,Unique index or primary key violation,"mvn -o -B -ntp -Dmaven.repo.local=/Users/hadiranjbar/Downloads/java/token.usage/investigation/.m2 -Pinvestigation,agent-reports -Dtest=FailureCasesTest -Dexperiment.case=05 -Dexperiment.artifactDir=/Users/hadiranjbar/Downloads/java/token.usage/investigation/raw/v2/05/p4/2 -Dexperiment.reportDir=/Users/hadiranjbar/Downloads/java/token.usage/investigation/raw/v2/05/p4/2/reports -Dspring.output.ansi.enabled=never surefire:test",complete,investigation/raw/v2/05/p4/2,investigation/extracted/v2/05/p4/2/complete.txt,deterministic console extraction (not automatically agent input),python investigation/scripts/analyze.py --batch v2,2,2,3,False,"{""constraint"": true, ""location"": false, ""sql"": true}",3729,63,1055,tiktoken 0.14.0 o200k_base,True
05,p4,2,1,True,True,Unique index or primary key violation,"mvn -o -B -ntp -Dmaven.repo.local=/Users/hadiranjbar/Downloads/java/token.usage/investigation/.m2 -Pinvestigation,agent-reports -Dtest=FailureCasesTest -Dexperiment.case=05 -Dexperiment.artifactDir=/Users/hadiranjbar/Downloads/java/token.usage/investigation/raw/v2/05/p4/2 -Dexperiment.reportDir=/Users/hadiranjbar/Downloads/java/token.usage/investigation/raw/v2/05/p4/2/reports -Dspring.output.ansi.enabled=never surefire:test",window20,investigation/raw/v2/05/p4/2,investigation/extracted/v2/05/p4/2/window20.txt,deterministic console extraction (not automatically agent input),python investigation/scripts/analyze.py --batch v2,2,2,3,False,"{""constraint"": true, ""location"": false, ""sql"": true}",1225,20,323,tiktoken 0.14.0 o200k_base,True
05,p4,2,1,True,True,Unique index or primary key violation,"mvn -o -B -ntp -Dmaven.repo.local=/Users/hadiranjbar/Downloads/java/token.usage/investigation/.m2 -Pinvestigation,agent-reports -Dtest=FailureCasesTest -Dexperiment.case=05 -Dexperiment.artifactDir=/Users/hadiranjbar/Downloads/java/token.usage/investigation/raw/v2/05/p4/2 -Dexperiment.reportDir=/Users/hadiranjbar/Downloads/java/token.usage/investigation/raw/v2/05/p4/2/reports -Dspring.output.ansi.enabled=never surefire:test",filtered40,investigation/raw/v2/05/p4/2,investigation/extracted/v2/05/p4/2/filtered40.txt,deterministic console extraction (not automatically agent input),python investigation/scripts/analyze.py --batch v2,2,2,3,False,"{""constraint"": true, ""location"": false, ""sql"": true}",2098,33,559,tiktoken 0.14.0 o200k_base,True
05,p4,2,1,True,True,Unique index or primary key violation,"mvn -o -B -ntp -Dmaven.repo.local=/Users/hadiranjbar/Downloads/java/token.usage/investigation/.m2 -Pinvestigation,agent-reports -Dtest=FailureCasesTest -Dexperiment.case=05 -Dexperiment.artifactDir=/Users/hadiranjbar/Downloads/java/token.usage/investigation/raw/v2/05/p4/2 -Dexperiment.reportDir=/Users/hadiranjbar/Downloads/java/token.usage/investigation/raw/v2/05/p4/2/reports -Dspring.output.ansi.enabled=never surefire:test",boundary,investigation/raw/v2/05/p4/2,investigation/extracted/v2/05/p4/2/boundary.txt,deterministic console extraction (not automatically agent input),python investigation/scripts/analyze.py --batch v2,2,2,3,False,"{""constraint"": true, ""location"": false, ""sql"": true}",595,7,166,tiktoken 0.14.0 o200k_base,True
05,p4,2,1,True,True,Unique index or primary key violation,"mvn -o -B -ntp -Dmaven.repo.local=/Users/hadiranjbar/Downloads/java/token.usage/investigation/.m2 -Pinvestigation,agent-reports -Dtest=FailureCasesTest -Dexperiment.case=05 -Dexperiment.artifactDir=/Users/hadiranjbar/Downloads/java/token.usage/investigation/raw/v2/05/p4/2 -Dexperiment.reportDir=/Users/hadiranjbar/Downloads/java/token.usage/investigation/raw/v2/05/p4/2/reports -Dspring.output.ansi.enabled=never surefire:test",dedup,investigation/raw/v2/05/p4/2,investigation/extracted/v2/05/p4/2/dedup.txt,deterministic console extraction (not automatically agent input),python investigation/scripts/analyze.py --batch v2,2,2,3,False,"{""constraint"": true, ""location"": false, ""sql"": true}",595,7,166,tiktoken 0.14.0 o200k_base,True
05,p4,3,1,True,True,Unique index or primary key violation,"mvn -o -B -ntp -Dmaven.repo.local=/Users/hadiranjbar/Downloads/java/token.usage/investigation/.m2 -Pinvestigation,agent-reports -Dtest=FailureCasesTest -Dexperiment.case=05 -Dexperiment.artifactDir=/Users/hadiranjbar/Downloads/java/token.usage/investigation/raw/v2/05/p4/3 -Dexperiment.reportDir=/Users/hadiranjbar/Downloads/java/token.usage/investigation/raw/v2/05/p4/3/reports -Dspring.output.ansi.enabled=never surefire:test",complete,investigation/raw/v2/05/p4/3,investigation/extracted/v2/05/p4/3/complete.txt,deterministic console extraction (not automatically agent input),python investigation/scripts/analyze.py --batch v2,2,2,3,False,"{""constraint"": true, ""location"": false, ""sql"": true}",3728,63,1055,tiktoken 0.14.0 o200k_base,True
05,p4,3,1,True,True,Unique index or primary key violation,"mvn -o -B -ntp -Dmaven.repo.local=/Users/hadiranjbar/Downloads/java/token.usage/investigation/.m2 -Pinvestigation,agent-reports -Dtest=FailureCasesTest -Dexperiment.case=05 -Dexperiment.artifactDir=/Users/hadiranjbar/Downloads/java/token.usage/investigation/raw/v2/05/p4/3 -Dexperiment.reportDir=/Users/hadiranjbar/Downloads/java/token.usage/investigation/raw/v2/05/p4/3/reports -Dspring.output.ansi.enabled=never surefire:test",window20,investigation/raw/v2/05/p4/3,investigation/extracted/v2/05/p4/3/window20.txt,deterministic console extraction (not automatically agent input),python investigation/scripts/analyze.py --batch v2,2,2,3,False,"{""constraint"": true, ""location"": false, ""sql"": true}",1225,20,323,tiktoken 0.14.0 o200k_base,True
05,p4,3,1,True,True,Unique index or primary key violation,"mvn -o -B -ntp -Dmaven.repo.local=/Users/hadiranjbar/Downloads/java/token.usage/investigation/.m2 -Pinvestigation,agent-reports -Dtest=FailureCasesTest -Dexperiment.case=05 -Dexperiment.artifactDir=/Users/hadiranjbar/Downloads/java/token.usage/investigation/raw/v2/05/p4/3 -Dexperiment.reportDir=/Users/hadiranjbar/Downloads/java/token.usage/investigation/raw/v2/05/p4/3/reports -Dspring.output.ansi.enabled=never surefire:test",filtered40,investigation/raw/v2/05/p4/3,investigation/extracted/v2/05/p4/3/filtered40.txt,deterministic console extraction (not automatically agent input),python investigation/scripts/analyze.py --batch v2,2,2,3,False,"{""constraint"": true, ""location"": false, ""sql"": true}",2098,33,559,tiktoken 0.14.0 o200k_base,True
05,p4,3,1,True,True,Unique index or primary key violation,"mvn -o -B -ntp -Dmaven.repo.local=/Users/hadiranjbar/Downloads/java/token.usage/investigation/.m2 -Pinvestigation,agent-reports -Dtest=FailureCasesTest -Dexperiment.case=05 -Dexperiment.artifactDir=/Users/hadiranjbar/Downloads/java/token.usage/investigation/raw/v2/05/p4/3 -Dexperiment.reportDir=/Users/hadiranjbar/Downloads/java/token.usage/investigation/raw/v2/05/p4/3/reports -Dspring.output.ansi.enabled=never surefire:test",boundary,investigation/raw/v2/05/p4/3,investigation/extracted/v2/05/p4/3/boundary.txt,deterministic console extraction (not automatically agent input),python investigation/scripts/analyze.py --batch v2,2,2,3,False,"{""constraint"": true, ""location"": false, ""sql"": true}",595,7,166,tiktoken 0.14.0 o200k_base,True
05,p4,3,1,True,True,Unique index or primary key violation,"mvn -o -B -ntp -Dmaven.repo.local=/Users/hadiranjbar/Downloads/java/token.usage/investigation/.m2 -Pinvestigation,agent-reports -Dtest=FailureCasesTest -Dexperiment.case=05 -Dexperiment.artifactDir=/Users/hadiranjbar/Downloads/java/token.usage/investigation/raw/v2/05/p4/3 -Dexperiment.reportDir=/Users/hadiranjbar/Downloads/java/token.usage/investigation/raw/v2/05/p4/3/reports -Dspring.output.ansi.enabled=never surefire:test",dedup,investigation/raw/v2/05/p4/3,investigation/extracted/v2/05/p4/3/dedup.txt,deterministic console extraction (not automatically agent input),python investigation/scripts/analyze.py --batch v2,2,2,3,False,"{""constraint"": true, ""location"": false, ""sql"": true}",595,7,166,tiktoken 0.14.0 o200k_base,True
06,agent,1,1,True,True,both distinct users must be saved,"mvn -o -B -ntp -Dmaven.repo.local=/Users/hadiranjbar/Downloads/java/token.usage/investigation/.m2 -Pinvestigation,agent-reports -Dtest=FailureCasesTest -Dexperiment.case=06 -Dexperiment.artifactDir=/Users/hadiranjbar/Downloads/java/token.usage/investigation/raw/v2/06/agent/1 -Dexperiment.reportDir=/Users/hadiranjbar/Downloads/java/token.usage/investigation/raw/v2/06/agent/1/reports -Dspring.output.ansi.enabled=never -Dspring.profiles.active=agent -Dexperiment.deduplicate=true surefire:test",complete,investigation/raw/v2/06/agent/1,investigation/extracted/v2/06/agent/1/complete.txt,deterministic console extraction (not automatically agent input),python investigation/scripts/analyze.py --batch v2,3,4,4,True,"{""constraint"": true, ""location"": true, ""request"": true, ""sql"": true}",6299,90,1931,tiktoken 0.14.0 o200k_base,True
06,agent,1,1,True,True,both distinct users must be saved,"mvn -o -B -ntp -Dmaven.repo.local=/Users/hadiranjbar/Downloads/java/token.usage/investigation/.m2 -Pinvestigation,agent-reports -Dtest=FailureCasesTest -Dexperiment.case=06 -Dexperiment.artifactDir=/Users/hadiranjbar/Downloads/java/token.usage/investigation/raw/v2/06/agent/1 -Dexperiment.reportDir=/Users/hadiranjbar/Downloads/java/token.usage/investigation/raw/v2/06/agent/1/reports -Dspring.output.ansi.enabled=never -Dspring.profiles.active=agent -Dexperiment.deduplicate=true surefire:test",window20,investigation/raw/v2/06/agent/1,investigation/extracted/v2/06/agent/1/window20.txt,deterministic console extraction (not automatically agent input),python investigation/scripts/analyze.py --batch v2,3,3,4,False,"{""constraint"": true, ""location"": false, ""request"": true, ""sql"": true}",1868,20,648,tiktoken 0.14.0 o200k_base,True
06,agent,1,1,True,True,both distinct users must be saved,"mvn -o -B -ntp -Dmaven.repo.local=/Users/hadiranjbar/Downloads/java/token.usage/investigation/.m2 -Pinvestigation,agent-reports -Dtest=FailureCasesTest -Dexperiment.case=06 -Dexperiment.artifactDir=/Users/hadiranjbar/Downloads/java/token.usage/investigation/raw/v2/06/agent/1 -Dexperiment.reportDir=/Users/hadiranjbar/Downloads/java/token.usage/investigation/raw/v2/06/agent/1/reports -Dspring.output.ansi.enabled=never -Dspring.profiles.active=agent -Dexperiment.deduplicate=true surefire:test",filtered40,investigation/raw/v2/06/agent/1,investigation/extracted/v2/06/agent/1/filtered40.txt,deterministic console extraction (not automatically agent input),python investigation/scripts/analyze.py --batch v2,3,4,4,True,"{""constraint"": true, ""location"": true, ""request"": true, ""sql"": true}",2730,34,904,tiktoken 0.14.0 o200k_base,True
06,agent,1,1,True,True,both distinct users must be saved,"mvn -o -B -ntp -Dmaven.repo.local=/Users/hadiranjbar/Downloads/java/token.usage/investigation/.m2 -Pinvestigation,agent-reports -Dtest=FailureCasesTest -Dexperiment.case=06 -Dexperiment.artifactDir=/Users/hadiranjbar/Downloads/java/token.usage/investigation/raw/v2/06/agent/1 -Dexperiment.reportDir=/Users/hadiranjbar/Downloads/java/token.usage/investigation/raw/v2/06/agent/1/reports -Dspring.output.ansi.enabled=never -Dspring.profiles.active=agent -Dexperiment.deduplicate=true surefire:test",boundary,investigation/raw/v2/06/agent/1,investigation/extracted/v2/06/agent/1/boundary.txt,deterministic console extraction (not automatically agent input),python investigation/scripts/analyze.py --batch v2,3,4,4,True,"{""constraint"": true, ""location"": true, ""request"": true, ""sql"": true}",3197,36,1020,tiktoken 0.14.0 o200k_base,True
06,agent,1,1,True,True,both distinct users must be saved,"mvn -o -B -ntp -Dmaven.repo.local=/Users/hadiranjbar/Downloads/java/token.usage/investigation/.m2 -Pinvestigation,agent-reports -Dtest=FailureCasesTest -Dexperiment.case=06 -Dexperiment.artifactDir=/Users/hadiranjbar/Downloads/java/token.usage/investigation/raw/v2/06/agent/1 -Dexperiment.reportDir=/Users/hadiranjbar/Downloads/java/token.usage/investigation/raw/v2/06/agent/1/reports -Dspring.output.ansi.enabled=never -Dspring.profiles.active=agent -Dexperiment.deduplicate=true surefire:test",dedup,investigation/raw/v2/06/agent/1,investigation/extracted/v2/06/agent/1/dedup.txt,deterministic console extraction (not automatically agent input),python investigation/scripts/analyze.py --batch v2,3,4,4,True,"{""constraint"": true, ""location"": true, ""request"": true, ""sql"": true}",3197,36,1020,tiktoken 0.14.0 o200k_base,True
06,agent,2,1,True,True,both distinct users must be saved,"mvn -o -B -ntp -Dmaven.repo.local=/Users/hadiranjbar/Downloads/java/token.usage/investigation/.m2 -Pinvestigation,agent-reports -Dtest=FailureCasesTest -Dexperiment.case=06 -Dexperiment.artifactDir=/Users/hadiranjbar/Downloads/java/token.usage/investigation/raw/v2/06/agent/2 -Dexperiment.reportDir=/Users/hadiranjbar/Downloads/java/token.usage/investigation/raw/v2/06/agent/2/reports -Dspring.output.ansi.enabled=never -Dspring.profiles.active=agent -Dexperiment.deduplicate=true surefire:test",complete,investigation/raw/v2/06/agent/2,investigation/extracted/v2/06/agent/2/complete.txt,deterministic console extraction (not automatically agent input),python investigation/scripts/analyze.py --batch v2,3,4,4,True,"{""constraint"": true, ""location"": true, ""request"": true, ""sql"": true}",6298,90,1931,tiktoken 0.14.0 o200k_base,True
06,agent,2,1,True,True,both distinct users must be saved,"mvn -o -B -ntp -Dmaven.repo.local=/Users/hadiranjbar/Downloads/java/token.usage/investigation/.m2 -Pinvestigation,agent-reports -Dtest=FailureCasesTest -Dexperiment.case=06 -Dexperiment.artifactDir=/Users/hadiranjbar/Downloads/java/token.usage/investigation/raw/v2/06/agent/2 -Dexperiment.reportDir=/Users/hadiranjbar/Downloads/java/token.usage/investigation/raw/v2/06/agent/2/reports -Dspring.output.ansi.enabled=never -Dspring.profiles.active=agent -Dexperiment.deduplicate=true surefire:test",window20,investigation/raw/v2/06/agent/2,investigation/extracted/v2/06/agent/2/window20.txt,deterministic console extraction (not automatically agent input),python investigation/scripts/analyze.py --batch v2,3,3,4,False,"{""constraint"": true, ""location"": false, ""request"": true, ""sql"": true}",1868,20,648,tiktoken 0.14.0 o200k_base,True
06,agent,2,1,True,True,both distinct users must be saved,"mvn -o -B -ntp -Dmaven.repo.local=/Users/hadiranjbar/Downloads/java/token.usage/investigation/.m2 -Pinvestigation,agent-reports -Dtest=FailureCasesTest -Dexperiment.case=06 -Dexperiment.artifactDir=/Users/hadiranjbar/Downloads/java/token.usage/investigation/raw/v2/06/agent/2 -Dexperiment.reportDir=/Users/hadiranjbar/Downloads/java/token.usage/investigation/raw/v2/06/agent/2/reports -Dspring.output.ansi.enabled=never -Dspring.profiles.active=agent -Dexperiment.deduplicate=true surefire:test",filtered40,investigation/raw/v2/06/agent/2,investigation/extracted/v2/06/agent/2/filtered40.txt,deterministic console extraction (not automatically agent input),python investigation/scripts/analyze.py --batch v2,3,4,4,True,"{""constraint"": true, ""location"": true, ""request"": true, ""sql"": true}",2730,34,904,tiktoken 0.14.0 o200k_base,True
06,agent,2,1,True,True,both distinct users must be saved,"mvn -o -B -ntp -Dmaven.repo.local=/Users/hadiranjbar/Downloads/java/token.usage/investigation/.m2 -Pinvestigation,agent-reports -Dtest=FailureCasesTest -Dexperiment.case=06 -Dexperiment.artifactDir=/Users/hadiranjbar/Downloads/java/token.usage/investigation/raw/v2/06/agent/2 -Dexperiment.reportDir=/Users/hadiranjbar/Downloads/java/token.usage/investigation/raw/v2/06/agent/2/reports -Dspring.output.ansi.enabled=never -Dspring.profiles.active=agent -Dexperiment.deduplicate=true surefire:test",boundary,investigation/raw/v2/06/agent/2,investigation/extracted/v2/06/agent/2/boundary.txt,deterministic console extraction (not automatically agent input),python investigation/scripts/analyze.py --batch v2,3,4,4,True,"{""constraint"": true, ""location"": true, ""request"": true, ""sql"": true}",3197,36,1020,tiktoken 0.14.0 o200k_base,True
06,agent,2,1,True,True,both distinct users must be saved,"mvn -o -B -ntp -Dmaven.repo.local=/Users/hadiranjbar/Downloads/java/token.usage/investigation/.m2 -Pinvestigation,agent-reports -Dtest=FailureCasesTest -Dexperiment.case=06 -Dexperiment.artifactDir=/Users/hadiranjbar/Downloads/java/token.usage/investigation/raw/v2/06/agent/2 -Dexperiment.reportDir=/Users/hadiranjbar/Downloads/java/token.usage/investigation/raw/v2/06/agent/2/reports -Dspring.output.ansi.enabled=never -Dspring.profiles.active=agent -Dexperiment.deduplicate=true surefire:test",dedup,investigation/raw/v2/06/agent/2,investigation/extracted/v2/06/agent/2/dedup.txt,deterministic console extraction (not automatically agent input),python investigation/scripts/analyze.py --batch v2,3,4,4,True,"{""constraint"": true, ""location"": true, ""request"": true, ""sql"": true}",3197,36,1020,tiktoken 0.14.0 o200k_base,True
06,agent,3,1,True,True,both distinct users must be saved,"mvn -o -B -ntp -Dmaven.repo.local=/Users/hadiranjbar/Downloads/java/token.usage/investigation/.m2 -Pinvestigation,agent-reports -Dtest=FailureCasesTest -Dexperiment.case=06 -Dexperiment.artifactDir=/Users/hadiranjbar/Downloads/java/token.usage/investigation/raw/v2/06/agent/3 -Dexperiment.reportDir=/Users/hadiranjbar/Downloads/java/token.usage/investigation/raw/v2/06/agent/3/reports -Dspring.output.ansi.enabled=never -Dspring.profiles.active=agent -Dexperiment.deduplicate=true surefire:test",complete,investigation/raw/v2/06/agent/3,investigation/extracted/v2/06/agent/3/complete.txt,deterministic console extraction (not automatically agent input),python investigation/scripts/analyze.py --batch v2,3,4,4,True,"{""constraint"": true, ""location"": true, ""request"": true, ""sql"": true}",6299,90,1931,tiktoken 0.14.0 o200k_base,True
06,agent,3,1,True,True,both distinct users must be saved,"mvn -o -B -ntp -Dmaven.repo.local=/Users/hadiranjbar/Downloads/java/token.usage/investigation/.m2 -Pinvestigation,agent-reports -Dtest=FailureCasesTest -Dexperiment.case=06 -Dexperiment.artifactDir=/Users/hadiranjbar/Downloads/java/token.usage/investigation/raw/v2/06/agent/3 -Dexperiment.reportDir=/Users/hadiranjbar/Downloads/java/token.usage/investigation/raw/v2/06/agent/3/reports -Dspring.output.ansi.enabled=never -Dspring.profiles.active=agent -Dexperiment.deduplicate=true surefire:test",window20,investigation/raw/v2/06/agent/3,investigation/extracted/v2/06/agent/3/window20.txt,deterministic console extraction (not automatically agent input),python investigation/scripts/analyze.py --batch v2,3,3,4,False,"{""constraint"": true, ""location"": false, ""request"": true, ""sql"": true}",1868,20,648,tiktoken 0.14.0 o200k_base,True
06,agent,3,1,True,True,both distinct users must be saved,"mvn -o -B -ntp -Dmaven.repo.local=/Users/hadiranjbar/Downloads/java/token.usage/investigation/.m2 -Pinvestigation,agent-reports -Dtest=FailureCasesTest -Dexperiment.case=06 -Dexperiment.artifactDir=/Users/hadiranjbar/Downloads/java/token.usage/investigation/raw/v2/06/agent/3 -Dexperiment.reportDir=/Users/hadiranjbar/Downloads/java/token.usage/investigation/raw/v2/06/agent/3/reports -Dspring.output.ansi.enabled=never -Dspring.profiles.active=agent -Dexperiment.deduplicate=true surefire:test",filtered40,investigation/raw/v2/06/agent/3,investigation/extracted/v2/06/agent/3/filtered40.txt,deterministic console extraction (not automatically agent input),python investigation/scripts/analyze.py --batch v2,3,4,4,True,"{""constraint"": true, ""location"": true, ""request"": true, ""sql"": true}",2730,34,904,tiktoken 0.14.0 o200k_base,True
06,agent,3,1,True,True,both distinct users must be saved,"mvn -o -B -ntp -Dmaven.repo.local=/Users/hadiranjbar/Downloads/java/token.usage/investigation/.m2 -Pinvestigation,agent-reports -Dtest=FailureCasesTest -Dexperiment.case=06 -Dexperiment.artifactDir=/Users/hadiranjbar/Downloads/java/token.usage/investigation/raw/v2/06/agent/3 -Dexperiment.reportDir=/Users/hadiranjbar/Downloads/java/token.usage/investigation/raw/v2/06/agent/3/reports -Dspring.output.ansi.enabled=never -Dspring.profiles.active=agent -Dexperiment.deduplicate=true surefire:test",boundary,investigation/raw/v2/06/agent/3,investigation/extracted/v2/06/agent/3/boundary.txt,deterministic console extraction (not automatically agent input),python investigation/scripts/analyze.py --batch v2,3,4,4,True,"{""constraint"": true, ""location"": true, ""request"": true, ""sql"": true}",3197,36,1020,tiktoken 0.14.0 o200k_base,True
06,agent,3,1,True,True,both distinct users must be saved,"mvn -o -B -ntp -Dmaven.repo.local=/Users/hadiranjbar/Downloads/java/token.usage/investigation/.m2 -Pinvestigation,agent-reports -Dtest=FailureCasesTest -Dexperiment.case=06 -Dexperiment.artifactDir=/Users/hadiranjbar/Downloads/java/token.usage/investigation/raw/v2/06/agent/3 -Dexperiment.reportDir=/Users/hadiranjbar/Downloads/java/token.usage/investigation/raw/v2/06/agent/3/reports -Dspring.output.ansi.enabled=never -Dspring.profiles.active=agent -Dexperiment.deduplicate=true surefire:test",dedup,investigation/raw/v2/06/agent/3,investigation/extracted/v2/06/agent/3/dedup.txt,deterministic console extraction (not automatically agent input),python investigation/scripts/analyze.py --batch v2,3,4,4,True,"{""constraint"": true, ""location"": true, ""request"": true, ""sql"": true}",3197,36,1020,tiktoken 0.14.0 o200k_base,True
06,default,1,1,True,True,both distinct users must be saved,mvn -o -B -ntp -Dmaven.repo.local=/Users/hadiranjbar/Downloads/java/token.usage/investigation/.m2 -Pinvestigation -Dtest=FailureCasesTest -Dexperiment.case=06 -Dexperiment.artifactDir=/Users/hadiranjbar/Downloads/java/token.usage/investigation/raw/v2/06/default/1 -Dexperiment.reportDir=/Users/hadiranjbar/Downloads/java/token.usage/investigation/raw/v2/06/default/1/reports -Dspring.output.ansi.enabled=never surefire:test,complete,investigation/raw/v2/06/default/1,investigation/extracted/v2/06/default/1/complete.txt,deterministic console extraction (not automatically agent input),python investigation/scripts/analyze.py --batch v2,3,4,4,True,"{""constraint"": true, ""location"": true, ""request"": true, ""sql"": true}",31672,275,9234,tiktoken 0.14.0 o200k_base,True
06,default,1,1,True,True,both distinct users must be saved,mvn -o -B -ntp -Dmaven.repo.local=/Users/hadiranjbar/Downloads/java/token.usage/investigation/.m2 -Pinvestigation -Dtest=FailureCasesTest -Dexperiment.case=06 -Dexperiment.artifactDir=/Users/hadiranjbar/Downloads/java/token.usage/investigation/raw/v2/06/default/1 -Dexperiment.reportDir=/Users/hadiranjbar/Downloads/java/token.usage/investigation/raw/v2/06/default/1/reports -Dspring.output.ansi.enabled=never surefire:test,window20,investigation/raw/v2/06/default/1,investigation/extracted/v2/06/default/1/window20.txt,deterministic console extraction (not automatically agent input),python investigation/scripts/analyze.py --batch v2,3,3,4,False,"{""constraint"": true, ""location"": false, ""request"": true, ""sql"": true}",1930,20,670,tiktoken 0.14.0 o200k_base,True
06,default,1,1,True,True,both distinct users must be saved,mvn -o -B -ntp -Dmaven.repo.local=/Users/hadiranjbar/Downloads/java/token.usage/investigation/.m2 -Pinvestigation -Dtest=FailureCasesTest -Dexperiment.case=06 -Dexperiment.artifactDir=/Users/hadiranjbar/Downloads/java/token.usage/investigation/raw/v2/06/default/1 -Dexperiment.reportDir=/Users/hadiranjbar/Downloads/java/token.usage/investigation/raw/v2/06/default/1/reports -Dspring.output.ansi.enabled=never surefire:test,filtered40,investigation/raw/v2/06/default/1,investigation/extracted/v2/06/default/1/filtered40.txt,deterministic console extraction (not automatically agent input),python investigation/scripts/analyze.py --batch v2,3,4,4,True,"{""constraint"": true, ""location"": true, ""request"": true, ""sql"": true}",2192,23,747,tiktoken 0.14.0 o200k_base,True
06,default,1,1,True,True,both distinct users must be saved,mvn -o -B -ntp -Dmaven.repo.local=/Users/hadiranjbar/Downloads/java/token.usage/investigation/.m2 -Pinvestigation -Dtest=FailureCasesTest -Dexperiment.case=06 -Dexperiment.artifactDir=/Users/hadiranjbar/Downloads/java/token.usage/investigation/raw/v2/06/default/1 -Dexperiment.reportDir=/Users/hadiranjbar/Downloads/java/token.usage/investigation/raw/v2/06/default/1/reports -Dspring.output.ansi.enabled=never surefire:test,boundary,investigation/raw/v2/06/default/1,investigation/extracted/v2/06/default/1/boundary.txt,deterministic console extraction (not automatically agent input),python investigation/scripts/analyze.py --batch v2,3,4,4,True,"{""constraint"": true, ""location"": true, ""request"": true, ""sql"": true}",28707,221,8392,tiktoken 0.14.0 o200k_base,True
06,default,1,1,True,True,both distinct users must be saved,mvn -o -B -ntp -Dmaven.repo.local=/Users/hadiranjbar/Downloads/java/token.usage/investigation/.m2 -Pinvestigation -Dtest=FailureCasesTest -Dexperiment.case=06 -Dexperiment.artifactDir=/Users/hadiranjbar/Downloads/java/token.usage/investigation/raw/v2/06/default/1 -Dexperiment.reportDir=/Users/hadiranjbar/Downloads/java/token.usage/investigation/raw/v2/06/default/1/reports -Dspring.output.ansi.enabled=never surefire:test,dedup,investigation/raw/v2/06/default/1,investigation/extracted/v2/06/default/1/dedup.txt,deterministic console extraction (not automatically agent input),python investigation/scripts/analyze.py --batch v2,3,4,4,True,"{""constraint"": true, ""location"": true, ""request"": true, ""sql"": true}",28522,221,8346,tiktoken 0.14.0 o200k_base,True
06,default,2,1,True,True,both distinct users must be saved,mvn -o -B -ntp -Dmaven.repo.local=/Users/hadiranjbar/Downloads/java/token.usage/investigation/.m2 -Pinvestigation -Dtest=FailureCasesTest -Dexperiment.case=06 -Dexperiment.artifactDir=/Users/hadiranjbar/Downloads/java/token.usage/investigation/raw/v2/06/default/2 -Dexperiment.reportDir=/Users/hadiranjbar/Downloads/java/token.usage/investigation/raw/v2/06/default/2/reports -Dspring.output.ansi.enabled=never surefire:test,complete,investigation/raw/v2/06/default/2,investigation/extracted/v2/06/default/2/complete.txt,deterministic console extraction (not automatically agent input),python investigation/scripts/analyze.py --batch v2,3,4,4,True,"{""constraint"": true, ""location"": true, ""request"": true, ""sql"": true}",31672,275,9234,tiktoken 0.14.0 o200k_base,True
06,default,2,1,True,True,both distinct users must be saved,mvn -o -B -ntp -Dmaven.repo.local=/Users/hadiranjbar/Downloads/java/token.usage/investigation/.m2 -Pinvestigation -Dtest=FailureCasesTest -Dexperiment.case=06 -Dexperiment.artifactDir=/Users/hadiranjbar/Downloads/java/token.usage/investigation/raw/v2/06/default/2 -Dexperiment.reportDir=/Users/hadiranjbar/Downloads/java/token.usage/investigation/raw/v2/06/default/2/reports -Dspring.output.ansi.enabled=never surefire:test,window20,investigation/raw/v2/06/default/2,investigation/extracted/v2/06/default/2/window20.txt,deterministic console extraction (not automatically agent input),python investigation/scripts/analyze.py --batch v2,3,3,4,False,"{""constraint"": true, ""location"": false, ""request"": true, ""sql"": true}",1930,20,670,tiktoken 0.14.0 o200k_base,True
06,default,2,1,True,True,both distinct users must be saved,mvn -o -B -ntp -Dmaven.repo.local=/Users/hadiranjbar/Downloads/java/token.usage/investigation/.m2 -Pinvestigation -Dtest=FailureCasesTest -Dexperiment.case=06 -Dexperiment.artifactDir=/Users/hadiranjbar/Downloads/java/token.usage/investigation/raw/v2/06/default/2 -Dexperiment.reportDir=/Users/hadiranjbar/Downloads/java/token.usage/investigation/raw/v2/06/default/2/reports -Dspring.output.ansi.enabled=never surefire:test,filtered40,investigation/raw/v2/06/default/2,investigation/extracted/v2/06/default/2/filtered40.txt,deterministic console extraction (not automatically agent input),python investigation/scripts/analyze.py --batch v2,3,4,4,True,"{""constraint"": true, ""location"": true, ""request"": true, ""sql"": true}",2192,23,747,tiktoken 0.14.0 o200k_base,True
06,default,2,1,True,True,both distinct users must be saved,mvn -o -B -ntp -Dmaven.repo.local=/Users/hadiranjbar/Downloads/java/token.usage/investigation/.m2 -Pinvestigation -Dtest=FailureCasesTest -Dexperiment.case=06 -Dexperiment.artifactDir=/Users/hadiranjbar/Downloads/java/token.usage/investigation/raw/v2/06/default/2 -Dexperiment.reportDir=/Users/hadiranjbar/Downloads/java/token.usage/investigation/raw/v2/06/default/2/reports -Dspring.output.ansi.enabled=never surefire:test,boundary,investigation/raw/v2/06/default/2,investigation/extracted/v2/06/default/2/boundary.txt,deterministic console extraction (not automatically agent input),python investigation/scripts/analyze.py --batch v2,3,4,4,True,"{""constraint"": true, ""location"": true, ""request"": true, ""sql"": true}",28707,221,8392,tiktoken 0.14.0 o200k_base,True
06,default,2,1,True,True,both distinct users must be saved,mvn -o -B -ntp -Dmaven.repo.local=/Users/hadiranjbar/Downloads/java/token.usage/investigation/.m2 -Pinvestigation -Dtest=FailureCasesTest -Dexperiment.case=06 -Dexperiment.artifactDir=/Users/hadiranjbar/Downloads/java/token.usage/investigation/raw/v2/06/default/2 -Dexperiment.reportDir=/Users/hadiranjbar/Downloads/java/token.usage/investigation/raw/v2/06/default/2/reports -Dspring.output.ansi.enabled=never surefire:test,dedup,investigation/raw/v2/06/default/2,investigation/extracted/v2/06/default/2/dedup.txt,deterministic console extraction (not automatically agent input),python investigation/scripts/analyze.py --batch v2,3,4,4,True,"{""constraint"": true, ""location"": true, ""request"": true, ""sql"": true}",28522,221,8346,tiktoken 0.14.0 o200k_base,True
06,default,3,1,True,True,both distinct users must be saved,mvn -o -B -ntp -Dmaven.repo.local=/Users/hadiranjbar/Downloads/java/token.usage/investigation/.m2 -Pinvestigation -Dtest=FailureCasesTest -Dexperiment.case=06 -Dexperiment.artifactDir=/Users/hadiranjbar/Downloads/java/token.usage/investigation/raw/v2/06/default/3 -Dexperiment.reportDir=/Users/hadiranjbar/Downloads/java/token.usage/investigation/raw/v2/06/default/3/reports -Dspring.output.ansi.enabled=never surefire:test,complete,investigation/raw/v2/06/default/3,investigation/extracted/v2/06/default/3/complete.txt,deterministic console extraction (not automatically agent input),python investigation/scripts/analyze.py --batch v2,3,4,4,True,"{""constraint"": true, ""location"": true, ""request"": true, ""sql"": true}",31672,275,9234,tiktoken 0.14.0 o200k_base,True
06,default,3,1,True,True,both distinct users must be saved,mvn -o -B -ntp -Dmaven.repo.local=/Users/hadiranjbar/Downloads/java/token.usage/investigation/.m2 -Pinvestigation -Dtest=FailureCasesTest -Dexperiment.case=06 -Dexperiment.artifactDir=/Users/hadiranjbar/Downloads/java/token.usage/investigation/raw/v2/06/default/3 -Dexperiment.reportDir=/Users/hadiranjbar/Downloads/java/token.usage/investigation/raw/v2/06/default/3/reports -Dspring.output.ansi.enabled=never surefire:test,window20,investigation/raw/v2/06/default/3,investigation/extracted/v2/06/default/3/window20.txt,deterministic console extraction (not automatically agent input),python investigation/scripts/analyze.py --batch v2,3,3,4,False,"{""constraint"": true, ""location"": false, ""request"": true, ""sql"": true}",1930,20,670,tiktoken 0.14.0 o200k_base,True
06,default,3,1,True,True,both distinct users must be saved,mvn -o -B -ntp -Dmaven.repo.local=/Users/hadiranjbar/Downloads/java/token.usage/investigation/.m2 -Pinvestigation -Dtest=FailureCasesTest -Dexperiment.case=06 -Dexperiment.artifactDir=/Users/hadiranjbar/Downloads/java/token.usage/investigation/raw/v2/06/default/3 -Dexperiment.reportDir=/Users/hadiranjbar/Downloads/java/token.usage/investigation/raw/v2/06/default/3/reports -Dspring.output.ansi.enabled=never surefire:test,filtered40,investigation/raw/v2/06/default/3,investigation/extracted/v2/06/default/3/filtered40.txt,deterministic console extraction (not automatically agent input),python investigation/scripts/analyze.py --batch v2,3,4,4,True,"{""constraint"": true, ""location"": true, ""request"": true, ""sql"": true}",2192,23,747,tiktoken 0.14.0 o200k_base,True
06,default,3,1,True,True,both distinct users must be saved,mvn -o -B -ntp -Dmaven.repo.local=/Users/hadiranjbar/Downloads/java/token.usage/investigation/.m2 -Pinvestigation -Dtest=FailureCasesTest -Dexperiment.case=06 -Dexperiment.artifactDir=/Users/hadiranjbar/Downloads/java/token.usage/investigation/raw/v2/06/default/3 -Dexperiment.reportDir=/Users/hadiranjbar/Downloads/java/token.usage/investigation/raw/v2/06/default/3/reports -Dspring.output.ansi.enabled=never surefire:test,boundary,investigation/raw/v2/06/default/3,investigation/extracted/v2/06/default/3/boundary.txt,deterministic console extraction (not automatically agent input),python investigation/scripts/analyze.py --batch v2,3,4,4,True,"{""constraint"": true, ""location"": true, ""request"": true, ""sql"": true}",28707,221,8392,tiktoken 0.14.0 o200k_base,True
06,default,3,1,True,True,both distinct users must be saved,mvn -o -B -ntp -Dmaven.repo.local=/Users/hadiranjbar/Downloads/java/token.usage/investigation/.m2 -Pinvestigation -Dtest=FailureCasesTest -Dexperiment.case=06 -Dexperiment.artifactDir=/Users/hadiranjbar/Downloads/java/token.usage/investigation/raw/v2/06/default/3 -Dexperiment.reportDir=/Users/hadiranjbar/Downloads/java/token.usage/investigation/raw/v2/06/default/3/reports -Dspring.output.ansi.enabled=never surefire:test,dedup,investigation/raw/v2/06/default/3,investigation/extracted/v2/06/default/3/dedup.txt,deterministic console extraction (not automatically agent input),python investigation/scripts/analyze.py --batch v2,3,4,4,True,"{""constraint"": true, ""location"": true, ""request"": true, ""sql"": true}",28522,221,8346,tiktoken 0.14.0 o200k_base,True
06,p1,1,1,True,True,both distinct users must be saved,mvn -o -B -ntp -Dmaven.repo.local=/Users/hadiranjbar/Downloads/java/token.usage/investigation/.m2 -Pinvestigation -Dtest=FailureCasesTest -Dexperiment.case=06 -Dexperiment.artifactDir=/Users/hadiranjbar/Downloads/java/token.usage/investigation/raw/v2/06/p1/1 -Dexperiment.reportDir=/Users/hadiranjbar/Downloads/java/token.usage/investigation/raw/v2/06/p1/1/reports -Dspring.output.ansi.enabled=never -Dspring.profiles.active=p1 surefire:test,complete,investigation/raw/v2/06/p1/1,investigation/extracted/v2/06/p1/1/complete.txt,deterministic console extraction (not automatically agent input),python investigation/scripts/analyze.py --batch v2,3,4,4,True,"{""constraint"": true, ""location"": true, ""request"": true, ""sql"": true}",31390,275,9145,tiktoken 0.14.0 o200k_base,True
06,p1,1,1,True,True,both distinct users must be saved,mvn -o -B -ntp -Dmaven.repo.local=/Users/hadiranjbar/Downloads/java/token.usage/investigation/.m2 -Pinvestigation -Dtest=FailureCasesTest -Dexperiment.case=06 -Dexperiment.artifactDir=/Users/hadiranjbar/Downloads/java/token.usage/investigation/raw/v2/06/p1/1 -Dexperiment.reportDir=/Users/hadiranjbar/Downloads/java/token.usage/investigation/raw/v2/06/p1/1/reports -Dspring.output.ansi.enabled=never -Dspring.profiles.active=p1 surefire:test,window20,investigation/raw/v2/06/p1/1,investigation/extracted/v2/06/p1/1/window20.txt,deterministic console extraction (not automatically agent input),python investigation/scripts/analyze.py --batch v2,3,3,4,False,"{""constraint"": true, ""location"": false, ""request"": true, ""sql"": true}",1868,20,648,tiktoken 0.14.0 o200k_base,True
06,p1,1,1,True,True,both distinct users must be saved,mvn -o -B -ntp -Dmaven.repo.local=/Users/hadiranjbar/Downloads/java/token.usage/investigation/.m2 -Pinvestigation -Dtest=FailureCasesTest -Dexperiment.case=06 -Dexperiment.artifactDir=/Users/hadiranjbar/Downloads/java/token.usage/investigation/raw/v2/06/p1/1 -Dexperiment.reportDir=/Users/hadiranjbar/Downloads/java/token.usage/investigation/raw/v2/06/p1/1/reports -Dspring.output.ansi.enabled=never -Dspring.profiles.active=p1 surefire:test,filtered40,investigation/raw/v2/06/p1/1,investigation/extracted/v2/06/p1/1/filtered40.txt,deterministic console extraction (not automatically agent input),python investigation/scripts/analyze.py --batch v2,3,4,4,True,"{""constraint"": true, ""location"": true, ""request"": true, ""sql"": true}",2130,23,725,tiktoken 0.14.0 o200k_base,True
06,p1,1,1,True,True,both distinct users must be saved,mvn -o -B -ntp -Dmaven.repo.local=/Users/hadiranjbar/Downloads/java/token.usage/investigation/.m2 -Pinvestigation -Dtest=FailureCasesTest -Dexperiment.case=06 -Dexperiment.artifactDir=/Users/hadiranjbar/Downloads/java/token.usage/investigation/raw/v2/06/p1/1 -Dexperiment.reportDir=/Users/hadiranjbar/Downloads/java/token.usage/investigation/raw/v2/06/p1/1/reports -Dspring.output.ansi.enabled=never -Dspring.profiles.active=p1 surefire:test,boundary,investigation/raw/v2/06/p1/1,investigation/extracted/v2/06/p1/1/boundary.txt,deterministic console extraction (not automatically agent input),python investigation/scripts/analyze.py --batch v2,3,4,4,True,"{""constraint"": true, ""location"": true, ""request"": true, ""sql"": true}",28583,221,8348,tiktoken 0.14.0 o200k_base,True
06,p1,1,1,True,True,both distinct users must be saved,mvn -o -B -ntp -Dmaven.repo.local=/Users/hadiranjbar/Downloads/java/token.usage/investigation/.m2 -Pinvestigation -Dtest=FailureCasesTest -Dexperiment.case=06 -Dexperiment.artifactDir=/Users/hadiranjbar/Downloads/java/token.usage/investigation/raw/v2/06/p1/1 -Dexperiment.reportDir=/Users/hadiranjbar/Downloads/java/token.usage/investigation/raw/v2/06/p1/1/reports -Dspring.output.ansi.enabled=never -Dspring.profiles.active=p1 surefire:test,dedup,investigation/raw/v2/06/p1/1,investigation/extracted/v2/06/p1/1/dedup.txt,deterministic console extraction (not automatically agent input),python investigation/scripts/analyze.py --batch v2,3,4,4,True,"{""constraint"": true, ""location"": true, ""request"": true, ""sql"": true}",28398,221,8302,tiktoken 0.14.0 o200k_base,True
06,p1,2,1,True,True,both distinct users must be saved,mvn -o -B -ntp -Dmaven.repo.local=/Users/hadiranjbar/Downloads/java/token.usage/investigation/.m2 -Pinvestigation -Dtest=FailureCasesTest -Dexperiment.case=06 -Dexperiment.artifactDir=/Users/hadiranjbar/Downloads/java/token.usage/investigation/raw/v2/06/p1/2 -Dexperiment.reportDir=/Users/hadiranjbar/Downloads/java/token.usage/investigation/raw/v2/06/p1/2/reports -Dspring.output.ansi.enabled=never -Dspring.profiles.active=p1 surefire:test,complete,investigation/raw/v2/06/p1/2,investigation/extracted/v2/06/p1/2/complete.txt,deterministic console extraction (not automatically agent input),python investigation/scripts/analyze.py --batch v2,3,4,4,True,"{""constraint"": true, ""location"": true, ""request"": true, ""sql"": true}",31390,275,9145,tiktoken 0.14.0 o200k_base,True
06,p1,2,1,True,True,both distinct users must be saved,mvn -o -B -ntp -Dmaven.repo.local=/Users/hadiranjbar/Downloads/java/token.usage/investigation/.m2 -Pinvestigation -Dtest=FailureCasesTest -Dexperiment.case=06 -Dexperiment.artifactDir=/Users/hadiranjbar/Downloads/java/token.usage/investigation/raw/v2/06/p1/2 -Dexperiment.reportDir=/Users/hadiranjbar/Downloads/java/token.usage/investigation/raw/v2/06/p1/2/reports -Dspring.output.ansi.enabled=never -Dspring.profiles.active=p1 surefire:test,window20,investigation/raw/v2/06/p1/2,investigation/extracted/v2/06/p1/2/window20.txt,deterministic console extraction (not automatically agent input),python investigation/scripts/analyze.py --batch v2,3,3,4,False,"{""constraint"": true, ""location"": false, ""request"": true, ""sql"": true}",1868,20,648,tiktoken 0.14.0 o200k_base,True
06,p1,2,1,True,True,both distinct users must be saved,mvn -o -B -ntp -Dmaven.repo.local=/Users/hadiranjbar/Downloads/java/token.usage/investigation/.m2 -Pinvestigation -Dtest=FailureCasesTest -Dexperiment.case=06 -Dexperiment.artifactDir=/Users/hadiranjbar/Downloads/java/token.usage/investigation/raw/v2/06/p1/2 -Dexperiment.reportDir=/Users/hadiranjbar/Downloads/java/token.usage/investigation/raw/v2/06/p1/2/reports -Dspring.output.ansi.enabled=never -Dspring.profiles.active=p1 surefire:test,filtered40,investigation/raw/v2/06/p1/2,investigation/extracted/v2/06/p1/2/filtered40.txt,deterministic console extraction (not automatically agent input),python investigation/scripts/analyze.py --batch v2,3,4,4,True,"{""constraint"": true, ""location"": true, ""request"": true, ""sql"": true}",2130,23,725,tiktoken 0.14.0 o200k_base,True
06,p1,2,1,True,True,both distinct users must be saved,mvn -o -B -ntp -Dmaven.repo.local=/Users/hadiranjbar/Downloads/java/token.usage/investigation/.m2 -Pinvestigation -Dtest=FailureCasesTest -Dexperiment.case=06 -Dexperiment.artifactDir=/Users/hadiranjbar/Downloads/java/token.usage/investigation/raw/v2/06/p1/2 -Dexperiment.reportDir=/Users/hadiranjbar/Downloads/java/token.usage/investigation/raw/v2/06/p1/2/reports -Dspring.output.ansi.enabled=never -Dspring.profiles.active=p1 surefire:test,boundary,investigation/raw/v2/06/p1/2,investigation/extracted/v2/06/p1/2/boundary.txt,deterministic console extraction (not automatically agent input),python investigation/scripts/analyze.py --batch v2,3,4,4,True,"{""constraint"": true, ""location"": true, ""request"": true, ""sql"": true}",28583,221,8348,tiktoken 0.14.0 o200k_base,True
06,p1,2,1,True,True,both distinct users must be saved,mvn -o -B -ntp -Dmaven.repo.local=/Users/hadiranjbar/Downloads/java/token.usage/investigation/.m2 -Pinvestigation -Dtest=FailureCasesTest -Dexperiment.case=06 -Dexperiment.artifactDir=/Users/hadiranjbar/Downloads/java/token.usage/investigation/raw/v2/06/p1/2 -Dexperiment.reportDir=/Users/hadiranjbar/Downloads/java/token.usage/investigation/raw/v2/06/p1/2/reports -Dspring.output.ansi.enabled=never -Dspring.profiles.active=p1 surefire:test,dedup,investigation/raw/v2/06/p1/2,investigation/extracted/v2/06/p1/2/dedup.txt,deterministic console extraction (not automatically agent input),python investigation/scripts/analyze.py --batch v2,3,4,4,True,"{""constraint"": true, ""location"": true, ""request"": true, ""sql"": true}",28398,221,8302,tiktoken 0.14.0 o200k_base,True
06,p1,3,1,True,True,both distinct users must be saved,mvn -o -B -ntp -Dmaven.repo.local=/Users/hadiranjbar/Downloads/java/token.usage/investigation/.m2 -Pinvestigation -Dtest=FailureCasesTest -Dexperiment.case=06 -Dexperiment.artifactDir=/Users/hadiranjbar/Downloads/java/token.usage/investigation/raw/v2/06/p1/3 -Dexperiment.reportDir=/Users/hadiranjbar/Downloads/java/token.usage/investigation/raw/v2/06/p1/3/reports -Dspring.output.ansi.enabled=never -Dspring.profiles.active=p1 surefire:test,complete,investigation/raw/v2/06/p1/3,investigation/extracted/v2/06/p1/3/complete.txt,deterministic console extraction (not automatically agent input),python investigation/scripts/analyze.py --batch v2,3,4,4,True,"{""constraint"": true, ""location"": true, ""request"": true, ""sql"": true}",31390,275,9145,tiktoken 0.14.0 o200k_base,True
06,p1,3,1,True,True,both distinct users must be saved,mvn -o -B -ntp -Dmaven.repo.local=/Users/hadiranjbar/Downloads/java/token.usage/investigation/.m2 -Pinvestigation -Dtest=FailureCasesTest -Dexperiment.case=06 -Dexperiment.artifactDir=/Users/hadiranjbar/Downloads/java/token.usage/investigation/raw/v2/06/p1/3 -Dexperiment.reportDir=/Users/hadiranjbar/Downloads/java/token.usage/investigation/raw/v2/06/p1/3/reports -Dspring.output.ansi.enabled=never -Dspring.profiles.active=p1 surefire:test,window20,investigation/raw/v2/06/p1/3,investigation/extracted/v2/06/p1/3/window20.txt,deterministic console extraction (not automatically agent input),python investigation/scripts/analyze.py --batch v2,3,3,4,False,"{""constraint"": true, ""location"": false, ""request"": true, ""sql"": true}",1868,20,648,tiktoken 0.14.0 o200k_base,True
06,p1,3,1,True,True,both distinct users must be saved,mvn -o -B -ntp -Dmaven.repo.local=/Users/hadiranjbar/Downloads/java/token.usage/investigation/.m2 -Pinvestigation -Dtest=FailureCasesTest -Dexperiment.case=06 -Dexperiment.artifactDir=/Users/hadiranjbar/Downloads/java/token.usage/investigation/raw/v2/06/p1/3 -Dexperiment.reportDir=/Users/hadiranjbar/Downloads/java/token.usage/investigation/raw/v2/06/p1/3/reports -Dspring.output.ansi.enabled=never -Dspring.profiles.active=p1 surefire:test,filtered40,investigation/raw/v2/06/p1/3,investigation/extracted/v2/06/p1/3/filtered40.txt,deterministic console extraction (not automatically agent input),python investigation/scripts/analyze.py --batch v2,3,4,4,True,"{""constraint"": true, ""location"": true, ""request"": true, ""sql"": true}",2130,23,725,tiktoken 0.14.0 o200k_base,True
06,p1,3,1,True,True,both distinct users must be saved,mvn -o -B -ntp -Dmaven.repo.local=/Users/hadiranjbar/Downloads/java/token.usage/investigation/.m2 -Pinvestigation -Dtest=FailureCasesTest -Dexperiment.case=06 -Dexperiment.artifactDir=/Users/hadiranjbar/Downloads/java/token.usage/investigation/raw/v2/06/p1/3 -Dexperiment.reportDir=/Users/hadiranjbar/Downloads/java/token.usage/investigation/raw/v2/06/p1/3/reports -Dspring.output.ansi.enabled=never -Dspring.profiles.active=p1 surefire:test,boundary,investigation/raw/v2/06/p1/3,investigation/extracted/v2/06/p1/3/boundary.txt,deterministic console extraction (not automatically agent input),python investigation/scripts/analyze.py --batch v2,3,4,4,True,"{""constraint"": true, ""location"": true, ""request"": true, ""sql"": true}",28583,221,8348,tiktoken 0.14.0 o200k_base,True
06,p1,3,1,True,True,both distinct users must be saved,mvn -o -B -ntp -Dmaven.repo.local=/Users/hadiranjbar/Downloads/java/token.usage/investigation/.m2 -Pinvestigation -Dtest=FailureCasesTest -Dexperiment.case=06 -Dexperiment.artifactDir=/Users/hadiranjbar/Downloads/java/token.usage/investigation/raw/v2/06/p1/3 -Dexperiment.reportDir=/Users/hadiranjbar/Downloads/java/token.usage/investigation/raw/v2/06/p1/3/reports -Dspring.output.ansi.enabled=never -Dspring.profiles.active=p1 surefire:test,dedup,investigation/raw/v2/06/p1/3,investigation/extracted/v2/06/p1/3/dedup.txt,deterministic console extraction (not automatically agent input),python investigation/scripts/analyze.py --batch v2,3,4,4,True,"{""constraint"": true, ""location"": true, ""request"": true, ""sql"": true}",28398,221,8302,tiktoken 0.14.0 o200k_base,True
06,p2,1,1,True,True,both distinct users must be saved,mvn -o -B -ntp -Dmaven.repo.local=/Users/hadiranjbar/Downloads/java/token.usage/investigation/.m2 -Pinvestigation -Dtest=FailureCasesTest -Dexperiment.case=06 -Dexperiment.artifactDir=/Users/hadiranjbar/Downloads/java/token.usage/investigation/raw/v2/06/p2/1 -Dexperiment.reportDir=/Users/hadiranjbar/Downloads/java/token.usage/investigation/raw/v2/06/p2/1/reports -Dspring.output.ansi.enabled=never -Dspring.profiles.active=p2 surefire:test,complete,investigation/raw/v2/06/p2/1,investigation/extracted/v2/06/p2/1/complete.txt,deterministic console extraction (not automatically agent input),python investigation/scripts/analyze.py --batch v2,3,4,4,True,"{""constraint"": true, ""location"": true, ""request"": true, ""sql"": true}",9341,123,2883,tiktoken 0.14.0 o200k_base,True
06,p2,1,1,True,True,both distinct users must be saved,mvn -o -B -ntp -Dmaven.repo.local=/Users/hadiranjbar/Downloads/java/token.usage/investigation/.m2 -Pinvestigation -Dtest=FailureCasesTest -Dexperiment.case=06 -Dexperiment.artifactDir=/Users/hadiranjbar/Downloads/java/token.usage/investigation/raw/v2/06/p2/1 -Dexperiment.reportDir=/Users/hadiranjbar/Downloads/java/token.usage/investigation/raw/v2/06/p2/1/reports -Dspring.output.ansi.enabled=never -Dspring.profiles.active=p2 surefire:test,window20,investigation/raw/v2/06/p2/1,investigation/extracted/v2/06/p2/1/window20.txt,deterministic console extraction (not automatically agent input),python investigation/scripts/analyze.py --batch v2,3,3,4,False,"{""constraint"": true, ""location"": false, ""request"": true, ""sql"": true}",1930,20,670,tiktoken 0.14.0 o200k_base,True
06,p2,1,1,True,True,both distinct users must be saved,mvn -o -B -ntp -Dmaven.repo.local=/Users/hadiranjbar/Downloads/java/token.usage/investigation/.m2 -Pinvestigation -Dtest=FailureCasesTest -Dexperiment.case=06 -Dexperiment.artifactDir=/Users/hadiranjbar/Downloads/java/token.usage/investigation/raw/v2/06/p2/1 -Dexperiment.reportDir=/Users/hadiranjbar/Downloads/java/token.usage/investigation/raw/v2/06/p2/1/reports -Dspring.output.ansi.enabled=never -Dspring.profiles.active=p2 surefire:test,filtered40,investigation/raw/v2/06/p2/1,investigation/extracted/v2/06/p2/1/filtered40.txt,deterministic console extraction (not automatically agent input),python investigation/scripts/analyze.py --batch v2,3,4,4,True,"{""constraint"": true, ""location"": true, ""request"": true, ""sql"": true}",3287,34,1109,tiktoken 0.14.0 o200k_base,True
06,p2,1,1,True,True,both distinct users must be saved,mvn -o -B -ntp -Dmaven.repo.local=/Users/hadiranjbar/Downloads/java/token.usage/investigation/.m2 -Pinvestigation -Dtest=FailureCasesTest -Dexperiment.case=06 -Dexperiment.artifactDir=/Users/hadiranjbar/Downloads/java/token.usage/investigation/raw/v2/06/p2/1 -Dexperiment.reportDir=/Users/hadiranjbar/Downloads/java/token.usage/investigation/raw/v2/06/p2/1/reports -Dspring.output.ansi.enabled=never -Dspring.profiles.active=p2 surefire:test,boundary,investigation/raw/v2/06/p2/1,investigation/extracted/v2/06/p2/1/boundary.txt,deterministic console extraction (not automatically agent input),python investigation/scripts/analyze.py --batch v2,3,4,4,True,"{""constraint"": true, ""location"": true, ""request"": true, ""sql"": true}",6261,69,1980,tiktoken 0.14.0 o200k_base,True
06,p2,1,1,True,True,both distinct users must be saved,mvn -o -B -ntp -Dmaven.repo.local=/Users/hadiranjbar/Downloads/java/token.usage/investigation/.m2 -Pinvestigation -Dtest=FailureCasesTest -Dexperiment.case=06 -Dexperiment.artifactDir=/Users/hadiranjbar/Downloads/java/token.usage/investigation/raw/v2/06/p2/1 -Dexperiment.reportDir=/Users/hadiranjbar/Downloads/java/token.usage/investigation/raw/v2/06/p2/1/reports -Dspring.output.ansi.enabled=never -Dspring.profiles.active=p2 surefire:test,dedup,investigation/raw/v2/06/p2/1,investigation/extracted/v2/06/p2/1/dedup.txt,deterministic console extraction (not automatically agent input),python investigation/scripts/analyze.py --batch v2,3,4,4,True,"{""constraint"": true, ""location"": true, ""request"": true, ""sql"": true}",6076,69,1934,tiktoken 0.14.0 o200k_base,True
06,p2,2,1,True,True,both distinct users must be saved,mvn -o -B -ntp -Dmaven.repo.local=/Users/hadiranjbar/Downloads/java/token.usage/investigation/.m2 -Pinvestigation -Dtest=FailureCasesTest -Dexperiment.case=06 -Dexperiment.artifactDir=/Users/hadiranjbar/Downloads/java/token.usage/investigation/raw/v2/06/p2/2 -Dexperiment.reportDir=/Users/hadiranjbar/Downloads/java/token.usage/investigation/raw/v2/06/p2/2/reports -Dspring.output.ansi.enabled=never -Dspring.profiles.active=p2 surefire:test,complete,investigation/raw/v2/06/p2/2,investigation/extracted/v2/06/p2/2/complete.txt,deterministic console extraction (not automatically agent input),python investigation/scripts/analyze.py --batch v2,3,4,4,True,"{""constraint"": true, ""location"": true, ""request"": true, ""sql"": true}",9341,123,2883,tiktoken 0.14.0 o200k_base,True
06,p2,2,1,True,True,both distinct users must be saved,mvn -o -B -ntp -Dmaven.repo.local=/Users/hadiranjbar/Downloads/java/token.usage/investigation/.m2 -Pinvestigation -Dtest=FailureCasesTest -Dexperiment.case=06 -Dexperiment.artifactDir=/Users/hadiranjbar/Downloads/java/token.usage/investigation/raw/v2/06/p2/2 -Dexperiment.reportDir=/Users/hadiranjbar/Downloads/java/token.usage/investigation/raw/v2/06/p2/2/reports -Dspring.output.ansi.enabled=never -Dspring.profiles.active=p2 surefire:test,window20,investigation/raw/v2/06/p2/2,investigation/extracted/v2/06/p2/2/window20.txt,deterministic console extraction (not automatically agent input),python investigation/scripts/analyze.py --batch v2,3,3,4,False,"{""constraint"": true, ""location"": false, ""request"": true, ""sql"": true}",1930,20,670,tiktoken 0.14.0 o200k_base,True
06,p2,2,1,True,True,both distinct users must be saved,mvn -o -B -ntp -Dmaven.repo.local=/Users/hadiranjbar/Downloads/java/token.usage/investigation/.m2 -Pinvestigation -Dtest=FailureCasesTest -Dexperiment.case=06 -Dexperiment.artifactDir=/Users/hadiranjbar/Downloads/java/token.usage/investigation/raw/v2/06/p2/2 -Dexperiment.reportDir=/Users/hadiranjbar/Downloads/java/token.usage/investigation/raw/v2/06/p2/2/reports -Dspring.output.ansi.enabled=never -Dspring.profiles.active=p2 surefire:test,filtered40,investigation/raw/v2/06/p2/2,investigation/extracted/v2/06/p2/2/filtered40.txt,deterministic console extraction (not automatically agent input),python investigation/scripts/analyze.py --batch v2,3,4,4,True,"{""constraint"": true, ""location"": true, ""request"": true, ""sql"": true}",3287,34,1109,tiktoken 0.14.0 o200k_base,True
06,p2,2,1,True,True,both distinct users must be saved,mvn -o -B -ntp -Dmaven.repo.local=/Users/hadiranjbar/Downloads/java/token.usage/investigation/.m2 -Pinvestigation -Dtest=FailureCasesTest -Dexperiment.case=06 -Dexperiment.artifactDir=/Users/hadiranjbar/Downloads/java/token.usage/investigation/raw/v2/06/p2/2 -Dexperiment.reportDir=/Users/hadiranjbar/Downloads/java/token.usage/investigation/raw/v2/06/p2/2/reports -Dspring.output.ansi.enabled=never -Dspring.profiles.active=p2 surefire:test,boundary,investigation/raw/v2/06/p2/2,investigation/extracted/v2/06/p2/2/boundary.txt,deterministic console extraction (not automatically agent input),python investigation/scripts/analyze.py --batch v2,3,4,4,True,"{""constraint"": true, ""location"": true, ""request"": true, ""sql"": true}",6261,69,1980,tiktoken 0.14.0 o200k_base,True
06,p2,2,1,True,True,both distinct users must be saved,mvn -o -B -ntp -Dmaven.repo.local=/Users/hadiranjbar/Downloads/java/token.usage/investigation/.m2 -Pinvestigation -Dtest=FailureCasesTest -Dexperiment.case=06 -Dexperiment.artifactDir=/Users/hadiranjbar/Downloads/java/token.usage/investigation/raw/v2/06/p2/2 -Dexperiment.reportDir=/Users/hadiranjbar/Downloads/java/token.usage/investigation/raw/v2/06/p2/2/reports -Dspring.output.ansi.enabled=never -Dspring.profiles.active=p2 surefire:test,dedup,investigation/raw/v2/06/p2/2,investigation/extracted/v2/06/p2/2/dedup.txt,deterministic console extraction (not automatically agent input),python investigation/scripts/analyze.py --batch v2,3,4,4,True,"{""constraint"": true, ""location"": true, ""request"": true, ""sql"": true}",6076,69,1934,tiktoken 0.14.0 o200k_base,True
06,p2,3,1,True,True,both distinct users must be saved,mvn -o -B -ntp -Dmaven.repo.local=/Users/hadiranjbar/Downloads/java/token.usage/investigation/.m2 -Pinvestigation -Dtest=FailureCasesTest -Dexperiment.case=06 -Dexperiment.artifactDir=/Users/hadiranjbar/Downloads/java/token.usage/investigation/raw/v2/06/p2/3 -Dexperiment.reportDir=/Users/hadiranjbar/Downloads/java/token.usage/investigation/raw/v2/06/p2/3/reports -Dspring.output.ansi.enabled=never -Dspring.profiles.active=p2 surefire:test,complete,investigation/raw/v2/06/p2/3,investigation/extracted/v2/06/p2/3/complete.txt,deterministic console extraction (not automatically agent input),python investigation/scripts/analyze.py --batch v2,3,4,4,True,"{""constraint"": true, ""location"": true, ""request"": true, ""sql"": true}",9341,123,2883,tiktoken 0.14.0 o200k_base,True
06,p2,3,1,True,True,both distinct users must be saved,mvn -o -B -ntp -Dmaven.repo.local=/Users/hadiranjbar/Downloads/java/token.usage/investigation/.m2 -Pinvestigation -Dtest=FailureCasesTest -Dexperiment.case=06 -Dexperiment.artifactDir=/Users/hadiranjbar/Downloads/java/token.usage/investigation/raw/v2/06/p2/3 -Dexperiment.reportDir=/Users/hadiranjbar/Downloads/java/token.usage/investigation/raw/v2/06/p2/3/reports -Dspring.output.ansi.enabled=never -Dspring.profiles.active=p2 surefire:test,window20,investigation/raw/v2/06/p2/3,investigation/extracted/v2/06/p2/3/window20.txt,deterministic console extraction (not automatically agent input),python investigation/scripts/analyze.py --batch v2,3,3,4,False,"{""constraint"": true, ""location"": false, ""request"": true, ""sql"": true}",1930,20,670,tiktoken 0.14.0 o200k_base,True
06,p2,3,1,True,True,both distinct users must be saved,mvn -o -B -ntp -Dmaven.repo.local=/Users/hadiranjbar/Downloads/java/token.usage/investigation/.m2 -Pinvestigation -Dtest=FailureCasesTest -Dexperiment.case=06 -Dexperiment.artifactDir=/Users/hadiranjbar/Downloads/java/token.usage/investigation/raw/v2/06/p2/3 -Dexperiment.reportDir=/Users/hadiranjbar/Downloads/java/token.usage/investigation/raw/v2/06/p2/3/reports -Dspring.output.ansi.enabled=never -Dspring.profiles.active=p2 surefire:test,filtered40,investigation/raw/v2/06/p2/3,investigation/extracted/v2/06/p2/3/filtered40.txt,deterministic console extraction (not automatically agent input),python investigation/scripts/analyze.py --batch v2,3,4,4,True,"{""constraint"": true, ""location"": true, ""request"": true, ""sql"": true}",3287,34,1109,tiktoken 0.14.0 o200k_base,True
06,p2,3,1,True,True,both distinct users must be saved,mvn -o -B -ntp -Dmaven.repo.local=/Users/hadiranjbar/Downloads/java/token.usage/investigation/.m2 -Pinvestigation -Dtest=FailureCasesTest -Dexperiment.case=06 -Dexperiment.artifactDir=/Users/hadiranjbar/Downloads/java/token.usage/investigation/raw/v2/06/p2/3 -Dexperiment.reportDir=/Users/hadiranjbar/Downloads/java/token.usage/investigation/raw/v2/06/p2/3/reports -Dspring.output.ansi.enabled=never -Dspring.profiles.active=p2 surefire:test,boundary,investigation/raw/v2/06/p2/3,investigation/extracted/v2/06/p2/3/boundary.txt,deterministic console extraction (not automatically agent input),python investigation/scripts/analyze.py --batch v2,3,4,4,True,"{""constraint"": true, ""location"": true, ""request"": true, ""sql"": true}",6261,69,1980,tiktoken 0.14.0 o200k_base,True
06,p2,3,1,True,True,both distinct users must be saved,mvn -o -B -ntp -Dmaven.repo.local=/Users/hadiranjbar/Downloads/java/token.usage/investigation/.m2 -Pinvestigation -Dtest=FailureCasesTest -Dexperiment.case=06 -Dexperiment.artifactDir=/Users/hadiranjbar/Downloads/java/token.usage/investigation/raw/v2/06/p2/3 -Dexperiment.reportDir=/Users/hadiranjbar/Downloads/java/token.usage/investigation/raw/v2/06/p2/3/reports -Dspring.output.ansi.enabled=never -Dspring.profiles.active=p2 surefire:test,dedup,investigation/raw/v2/06/p2/3,investigation/extracted/v2/06/p2/3/dedup.txt,deterministic console extraction (not automatically agent input),python investigation/scripts/analyze.py --batch v2,3,4,4,True,"{""constraint"": true, ""location"": true, ""request"": true, ""sql"": true}",6076,69,1934,tiktoken 0.14.0 o200k_base,True
06,p3,1,1,True,True,both distinct users must be saved,mvn -o -B -ntp -Dmaven.repo.local=/Users/hadiranjbar/Downloads/java/token.usage/investigation/.m2 -Pinvestigation -Dtest=FailureCasesTest -Dexperiment.case=06 -Dexperiment.artifactDir=/Users/hadiranjbar/Downloads/java/token.usage/investigation/raw/v2/06/p3/1 -Dexperiment.reportDir=/Users/hadiranjbar/Downloads/java/token.usage/investigation/raw/v2/06/p3/1/reports -Dspring.output.ansi.enabled=never -Dexperiment.deduplicate=true surefire:test,complete,investigation/raw/v2/06/p3/1,investigation/extracted/v2/06/p3/1/complete.txt,deterministic console extraction (not automatically agent input),python investigation/scripts/analyze.py --batch v2,3,4,4,True,"{""constraint"": true, ""location"": true, ""request"": true, ""sql"": true}",17897,171,5198,tiktoken 0.14.0 o200k_base,True
06,p3,1,1,True,True,both distinct users must be saved,mvn -o -B -ntp -Dmaven.repo.local=/Users/hadiranjbar/Downloads/java/token.usage/investigation/.m2 -Pinvestigation -Dtest=FailureCasesTest -Dexperiment.case=06 -Dexperiment.artifactDir=/Users/hadiranjbar/Downloads/java/token.usage/investigation/raw/v2/06/p3/1 -Dexperiment.reportDir=/Users/hadiranjbar/Downloads/java/token.usage/investigation/raw/v2/06/p3/1/reports -Dspring.output.ansi.enabled=never -Dexperiment.deduplicate=true surefire:test,window20,investigation/raw/v2/06/p3/1,investigation/extracted/v2/06/p3/1/window20.txt,deterministic console extraction (not automatically agent input),python investigation/scripts/analyze.py --batch v2,3,3,4,False,"{""constraint"": true, ""location"": false, ""request"": true, ""sql"": true}",1930,20,670,tiktoken 0.14.0 o200k_base,True
06,p3,1,1,True,True,both distinct users must be saved,mvn -o -B -ntp -Dmaven.repo.local=/Users/hadiranjbar/Downloads/java/token.usage/investigation/.m2 -Pinvestigation -Dtest=FailureCasesTest -Dexperiment.case=06 -Dexperiment.artifactDir=/Users/hadiranjbar/Downloads/java/token.usage/investigation/raw/v2/06/p3/1 -Dexperiment.reportDir=/Users/hadiranjbar/Downloads/java/token.usage/investigation/raw/v2/06/p3/1/reports -Dspring.output.ansi.enabled=never -Dexperiment.deduplicate=true surefire:test,filtered40,investigation/raw/v2/06/p3/1,investigation/extracted/v2/06/p3/1/filtered40.txt,deterministic console extraction (not automatically agent input),python investigation/scripts/analyze.py --batch v2,3,4,4,True,"{""constraint"": true, ""location"": true, ""request"": true, ""sql"": true}",2192,23,747,tiktoken 0.14.0 o200k_base,True
06,p3,1,1,True,True,both distinct users must be saved,mvn -o -B -ntp -Dmaven.repo.local=/Users/hadiranjbar/Downloads/java/token.usage/investigation/.m2 -Pinvestigation -Dtest=FailureCasesTest -Dexperiment.case=06 -Dexperiment.artifactDir=/Users/hadiranjbar/Downloads/java/token.usage/investigation/raw/v2/06/p3/1 -Dexperiment.reportDir=/Users/hadiranjbar/Downloads/java/token.usage/investigation/raw/v2/06/p3/1/reports -Dspring.output.ansi.enabled=never -Dexperiment.deduplicate=true surefire:test,boundary,investigation/raw/v2/06/p3/1,investigation/extracted/v2/06/p3/1/boundary.txt,deterministic console extraction (not automatically agent input),python investigation/scripts/analyze.py --batch v2,3,4,4,True,"{""constraint"": true, ""location"": true, ""request"": true, ""sql"": true}",14938,117,4355,tiktoken 0.14.0 o200k_base,True
06,p3,1,1,True,True,both distinct users must be saved,mvn -o -B -ntp -Dmaven.repo.local=/Users/hadiranjbar/Downloads/java/token.usage/investigation/.m2 -Pinvestigation -Dtest=FailureCasesTest -Dexperiment.case=06 -Dexperiment.artifactDir=/Users/hadiranjbar/Downloads/java/token.usage/investigation/raw/v2/06/p3/1 -Dexperiment.reportDir=/Users/hadiranjbar/Downloads/java/token.usage/investigation/raw/v2/06/p3/1/reports -Dspring.output.ansi.enabled=never -Dexperiment.deduplicate=true surefire:test,dedup,investigation/raw/v2/06/p3/1,investigation/extracted/v2/06/p3/1/dedup.txt,deterministic console extraction (not automatically agent input),python investigation/scripts/analyze.py --batch v2,3,4,4,True,"{""constraint"": true, ""location"": true, ""request"": true, ""sql"": true}",14938,117,4355,tiktoken 0.14.0 o200k_base,True
06,p3,2,1,True,True,both distinct users must be saved,mvn -o -B -ntp -Dmaven.repo.local=/Users/hadiranjbar/Downloads/java/token.usage/investigation/.m2 -Pinvestigation -Dtest=FailureCasesTest -Dexperiment.case=06 -Dexperiment.artifactDir=/Users/hadiranjbar/Downloads/java/token.usage/investigation/raw/v2/06/p3/2 -Dexperiment.reportDir=/Users/hadiranjbar/Downloads/java/token.usage/investigation/raw/v2/06/p3/2/reports -Dspring.output.ansi.enabled=never -Dexperiment.deduplicate=true surefire:test,complete,investigation/raw/v2/06/p3/2,investigation/extracted/v2/06/p3/2/complete.txt,deterministic console extraction (not automatically agent input),python investigation/scripts/analyze.py --batch v2,3,4,4,True,"{""constraint"": true, ""location"": true, ""request"": true, ""sql"": true}",17898,171,5198,tiktoken 0.14.0 o200k_base,True
06,p3,2,1,True,True,both distinct users must be saved,mvn -o -B -ntp -Dmaven.repo.local=/Users/hadiranjbar/Downloads/java/token.usage/investigation/.m2 -Pinvestigation -Dtest=FailureCasesTest -Dexperiment.case=06 -Dexperiment.artifactDir=/Users/hadiranjbar/Downloads/java/token.usage/investigation/raw/v2/06/p3/2 -Dexperiment.reportDir=/Users/hadiranjbar/Downloads/java/token.usage/investigation/raw/v2/06/p3/2/reports -Dspring.output.ansi.enabled=never -Dexperiment.deduplicate=true surefire:test,window20,investigation/raw/v2/06/p3/2,investigation/extracted/v2/06/p3/2/window20.txt,deterministic console extraction (not automatically agent input),python investigation/scripts/analyze.py --batch v2,3,3,4,False,"{""constraint"": true, ""location"": false, ""request"": true, ""sql"": true}",1930,20,670,tiktoken 0.14.0 o200k_base,True
06,p3,2,1,True,True,both distinct users must be saved,mvn -o -B -ntp -Dmaven.repo.local=/Users/hadiranjbar/Downloads/java/token.usage/investigation/.m2 -Pinvestigation -Dtest=FailureCasesTest -Dexperiment.case=06 -Dexperiment.artifactDir=/Users/hadiranjbar/Downloads/java/token.usage/investigation/raw/v2/06/p3/2 -Dexperiment.reportDir=/Users/hadiranjbar/Downloads/java/token.usage/investigation/raw/v2/06/p3/2/reports -Dspring.output.ansi.enabled=never -Dexperiment.deduplicate=true surefire:test,filtered40,investigation/raw/v2/06/p3/2,investigation/extracted/v2/06/p3/2/filtered40.txt,deterministic console extraction (not automatically agent input),python investigation/scripts/analyze.py --batch v2,3,4,4,True,"{""constraint"": true, ""location"": true, ""request"": true, ""sql"": true}",2192,23,747,tiktoken 0.14.0 o200k_base,True
06,p3,2,1,True,True,both distinct users must be saved,mvn -o -B -ntp -Dmaven.repo.local=/Users/hadiranjbar/Downloads/java/token.usage/investigation/.m2 -Pinvestigation -Dtest=FailureCasesTest -Dexperiment.case=06 -Dexperiment.artifactDir=/Users/hadiranjbar/Downloads/java/token.usage/investigation/raw/v2/06/p3/2 -Dexperiment.reportDir=/Users/hadiranjbar/Downloads/java/token.usage/investigation/raw/v2/06/p3/2/reports -Dspring.output.ansi.enabled=never -Dexperiment.deduplicate=true surefire:test,boundary,investigation/raw/v2/06/p3/2,investigation/extracted/v2/06/p3/2/boundary.txt,deterministic console extraction (not automatically agent input),python investigation/scripts/analyze.py --batch v2,3,4,4,True,"{""constraint"": true, ""location"": true, ""request"": true, ""sql"": true}",14938,117,4355,tiktoken 0.14.0 o200k_base,True
06,p3,2,1,True,True,both distinct users must be saved,mvn -o -B -ntp -Dmaven.repo.local=/Users/hadiranjbar/Downloads/java/token.usage/investigation/.m2 -Pinvestigation -Dtest=FailureCasesTest -Dexperiment.case=06 -Dexperiment.artifactDir=/Users/hadiranjbar/Downloads/java/token.usage/investigation/raw/v2/06/p3/2 -Dexperiment.reportDir=/Users/hadiranjbar/Downloads/java/token.usage/investigation/raw/v2/06/p3/2/reports -Dspring.output.ansi.enabled=never -Dexperiment.deduplicate=true surefire:test,dedup,investigation/raw/v2/06/p3/2,investigation/extracted/v2/06/p3/2/dedup.txt,deterministic console extraction (not automatically agent input),python investigation/scripts/analyze.py --batch v2,3,4,4,True,"{""constraint"": true, ""location"": true, ""request"": true, ""sql"": true}",14938,117,4355,tiktoken 0.14.0 o200k_base,True
06,p3,3,1,True,True,both distinct users must be saved,mvn -o -B -ntp -Dmaven.repo.local=/Users/hadiranjbar/Downloads/java/token.usage/investigation/.m2 -Pinvestigation -Dtest=FailureCasesTest -Dexperiment.case=06 -Dexperiment.artifactDir=/Users/hadiranjbar/Downloads/java/token.usage/investigation/raw/v2/06/p3/3 -Dexperiment.reportDir=/Users/hadiranjbar/Downloads/java/token.usage/investigation/raw/v2/06/p3/3/reports -Dspring.output.ansi.enabled=never -Dexperiment.deduplicate=true surefire:test,complete,investigation/raw/v2/06/p3/3,investigation/extracted/v2/06/p3/3/complete.txt,deterministic console extraction (not automatically agent input),python investigation/scripts/analyze.py --batch v2,3,4,4,True,"{""constraint"": true, ""location"": true, ""request"": true, ""sql"": true}",17898,171,5198,tiktoken 0.14.0 o200k_base,True
06,p3,3,1,True,True,both distinct users must be saved,mvn -o -B -ntp -Dmaven.repo.local=/Users/hadiranjbar/Downloads/java/token.usage/investigation/.m2 -Pinvestigation -Dtest=FailureCasesTest -Dexperiment.case=06 -Dexperiment.artifactDir=/Users/hadiranjbar/Downloads/java/token.usage/investigation/raw/v2/06/p3/3 -Dexperiment.reportDir=/Users/hadiranjbar/Downloads/java/token.usage/investigation/raw/v2/06/p3/3/reports -Dspring.output.ansi.enabled=never -Dexperiment.deduplicate=true surefire:test,window20,investigation/raw/v2/06/p3/3,investigation/extracted/v2/06/p3/3/window20.txt,deterministic console extraction (not automatically agent input),python investigation/scripts/analyze.py --batch v2,3,3,4,False,"{""constraint"": true, ""location"": false, ""request"": true, ""sql"": true}",1930,20,670,tiktoken 0.14.0 o200k_base,True
06,p3,3,1,True,True,both distinct users must be saved,mvn -o -B -ntp -Dmaven.repo.local=/Users/hadiranjbar/Downloads/java/token.usage/investigation/.m2 -Pinvestigation -Dtest=FailureCasesTest -Dexperiment.case=06 -Dexperiment.artifactDir=/Users/hadiranjbar/Downloads/java/token.usage/investigation/raw/v2/06/p3/3 -Dexperiment.reportDir=/Users/hadiranjbar/Downloads/java/token.usage/investigation/raw/v2/06/p3/3/reports -Dspring.output.ansi.enabled=never -Dexperiment.deduplicate=true surefire:test,filtered40,investigation/raw/v2/06/p3/3,investigation/extracted/v2/06/p3/3/filtered40.txt,deterministic console extraction (not automatically agent input),python investigation/scripts/analyze.py --batch v2,3,4,4,True,"{""constraint"": true, ""location"": true, ""request"": true, ""sql"": true}",2192,23,747,tiktoken 0.14.0 o200k_base,True
06,p3,3,1,True,True,both distinct users must be saved,mvn -o -B -ntp -Dmaven.repo.local=/Users/hadiranjbar/Downloads/java/token.usage/investigation/.m2 -Pinvestigation -Dtest=FailureCasesTest -Dexperiment.case=06 -Dexperiment.artifactDir=/Users/hadiranjbar/Downloads/java/token.usage/investigation/raw/v2/06/p3/3 -Dexperiment.reportDir=/Users/hadiranjbar/Downloads/java/token.usage/investigation/raw/v2/06/p3/3/reports -Dspring.output.ansi.enabled=never -Dexperiment.deduplicate=true surefire:test,boundary,investigation/raw/v2/06/p3/3,investigation/extracted/v2/06/p3/3/boundary.txt,deterministic console extraction (not automatically agent input),python investigation/scripts/analyze.py --batch v2,3,4,4,True,"{""constraint"": true, ""location"": true, ""request"": true, ""sql"": true}",14938,117,4355,tiktoken 0.14.0 o200k_base,True
06,p3,3,1,True,True,both distinct users must be saved,mvn -o -B -ntp -Dmaven.repo.local=/Users/hadiranjbar/Downloads/java/token.usage/investigation/.m2 -Pinvestigation -Dtest=FailureCasesTest -Dexperiment.case=06 -Dexperiment.artifactDir=/Users/hadiranjbar/Downloads/java/token.usage/investigation/raw/v2/06/p3/3 -Dexperiment.reportDir=/Users/hadiranjbar/Downloads/java/token.usage/investigation/raw/v2/06/p3/3/reports -Dspring.output.ansi.enabled=never -Dexperiment.deduplicate=true surefire:test,dedup,investigation/raw/v2/06/p3/3,investigation/extracted/v2/06/p3/3/dedup.txt,deterministic console extraction (not automatically agent input),python investigation/scripts/analyze.py --batch v2,3,4,4,True,"{""constraint"": true, ""location"": true, ""request"": true, ""sql"": true}",14938,117,4355,tiktoken 0.14.0 o200k_base,True
06,p4,1,1,True,True,both distinct users must be saved,"mvn -o -B -ntp -Dmaven.repo.local=/Users/hadiranjbar/Downloads/java/token.usage/investigation/.m2 -Pinvestigation,agent-reports -Dtest=FailureCasesTest -Dexperiment.case=06 -Dexperiment.artifactDir=/Users/hadiranjbar/Downloads/java/token.usage/investigation/raw/v2/06/p4/1 -Dexperiment.reportDir=/Users/hadiranjbar/Downloads/java/token.usage/investigation/raw/v2/06/p4/1/reports -Dspring.output.ansi.enabled=never surefire:test",complete,investigation/raw/v2/06/p4/1,investigation/extracted/v2/06/p4/1/complete.txt,deterministic console extraction (not automatically agent input),python investigation/scripts/analyze.py --batch v2,3,4,4,True,"{""constraint"": true, ""location"": true, ""request"": true, ""sql"": true}",31273,270,9150,tiktoken 0.14.0 o200k_base,True
06,p4,1,1,True,True,both distinct users must be saved,"mvn -o -B -ntp -Dmaven.repo.local=/Users/hadiranjbar/Downloads/java/token.usage/investigation/.m2 -Pinvestigation,agent-reports -Dtest=FailureCasesTest -Dexperiment.case=06 -Dexperiment.artifactDir=/Users/hadiranjbar/Downloads/java/token.usage/investigation/raw/v2/06/p4/1 -Dexperiment.reportDir=/Users/hadiranjbar/Downloads/java/token.usage/investigation/raw/v2/06/p4/1/reports -Dspring.output.ansi.enabled=never surefire:test",window20,investigation/raw/v2/06/p4/1,investigation/extracted/v2/06/p4/1/window20.txt,deterministic console extraction (not automatically agent input),python investigation/scripts/analyze.py --batch v2,3,3,4,False,"{""constraint"": true, ""location"": false, ""request"": true, ""sql"": true}",1930,20,670,tiktoken 0.14.0 o200k_base,True
06,p4,1,1,True,True,both distinct users must be saved,"mvn -o -B -ntp -Dmaven.repo.local=/Users/hadiranjbar/Downloads/java/token.usage/investigation/.m2 -Pinvestigation,agent-reports -Dtest=FailureCasesTest -Dexperiment.case=06 -Dexperiment.artifactDir=/Users/hadiranjbar/Downloads/java/token.usage/investigation/raw/v2/06/p4/1 -Dexperiment.reportDir=/Users/hadiranjbar/Downloads/java/token.usage/investigation/raw/v2/06/p4/1/reports -Dspring.output.ansi.enabled=never surefire:test",filtered40,investigation/raw/v2/06/p4/1,investigation/extracted/v2/06/p4/1/filtered40.txt,deterministic console extraction (not automatically agent input),python investigation/scripts/analyze.py --batch v2,3,4,4,True,"{""constraint"": true, ""location"": true, ""request"": true, ""sql"": true}",2192,23,747,tiktoken 0.14.0 o200k_base,True
06,p4,1,1,True,True,both distinct users must be saved,"mvn -o -B -ntp -Dmaven.repo.local=/Users/hadiranjbar/Downloads/java/token.usage/investigation/.m2 -Pinvestigation,agent-reports -Dtest=FailureCasesTest -Dexperiment.case=06 -Dexperiment.artifactDir=/Users/hadiranjbar/Downloads/java/token.usage/investigation/raw/v2/06/p4/1 -Dexperiment.reportDir=/Users/hadiranjbar/Downloads/java/token.usage/investigation/raw/v2/06/p4/1/reports -Dspring.output.ansi.enabled=never surefire:test",boundary,investigation/raw/v2/06/p4/1,investigation/extracted/v2/06/p4/1/boundary.txt,deterministic console extraction (not automatically agent input),python investigation/scripts/analyze.py --batch v2,3,4,4,True,"{""constraint"": true, ""location"": true, ""request"": true, ""sql"": true}",28313,216,8307,tiktoken 0.14.0 o200k_base,True
06,p4,1,1,True,True,both distinct users must be saved,"mvn -o -B -ntp -Dmaven.repo.local=/Users/hadiranjbar/Downloads/java/token.usage/investigation/.m2 -Pinvestigation,agent-reports -Dtest=FailureCasesTest -Dexperiment.case=06 -Dexperiment.artifactDir=/Users/hadiranjbar/Downloads/java/token.usage/investigation/raw/v2/06/p4/1 -Dexperiment.reportDir=/Users/hadiranjbar/Downloads/java/token.usage/investigation/raw/v2/06/p4/1/reports -Dspring.output.ansi.enabled=never surefire:test",dedup,investigation/raw/v2/06/p4/1,investigation/extracted/v2/06/p4/1/dedup.txt,deterministic console extraction (not automatically agent input),python investigation/scripts/analyze.py --batch v2,3,4,4,True,"{""constraint"": true, ""location"": true, ""request"": true, ""sql"": true}",28128,216,8261,tiktoken 0.14.0 o200k_base,True
06,p4,2,1,True,True,both distinct users must be saved,"mvn -o -B -ntp -Dmaven.repo.local=/Users/hadiranjbar/Downloads/java/token.usage/investigation/.m2 -Pinvestigation,agent-reports -Dtest=FailureCasesTest -Dexperiment.case=06 -Dexperiment.artifactDir=/Users/hadiranjbar/Downloads/java/token.usage/investigation/raw/v2/06/p4/2 -Dexperiment.reportDir=/Users/hadiranjbar/Downloads/java/token.usage/investigation/raw/v2/06/p4/2/reports -Dspring.output.ansi.enabled=never surefire:test",complete,investigation/raw/v2/06/p4/2,investigation/extracted/v2/06/p4/2/complete.txt,deterministic console extraction (not automatically agent input),python investigation/scripts/analyze.py --batch v2,3,4,4,True,"{""constraint"": true, ""location"": true, ""request"": true, ""sql"": true}",31273,270,9150,tiktoken 0.14.0 o200k_base,True
06,p4,2,1,True,True,both distinct users must be saved,"mvn -o -B -ntp -Dmaven.repo.local=/Users/hadiranjbar/Downloads/java/token.usage/investigation/.m2 -Pinvestigation,agent-reports -Dtest=FailureCasesTest -Dexperiment.case=06 -Dexperiment.artifactDir=/Users/hadiranjbar/Downloads/java/token.usage/investigation/raw/v2/06/p4/2 -Dexperiment.reportDir=/Users/hadiranjbar/Downloads/java/token.usage/investigation/raw/v2/06/p4/2/reports -Dspring.output.ansi.enabled=never surefire:test",window20,investigation/raw/v2/06/p4/2,investigation/extracted/v2/06/p4/2/window20.txt,deterministic console extraction (not automatically agent input),python investigation/scripts/analyze.py --batch v2,3,3,4,False,"{""constraint"": true, ""location"": false, ""request"": true, ""sql"": true}",1930,20,670,tiktoken 0.14.0 o200k_base,True
06,p4,2,1,True,True,both distinct users must be saved,"mvn -o -B -ntp -Dmaven.repo.local=/Users/hadiranjbar/Downloads/java/token.usage/investigation/.m2 -Pinvestigation,agent-reports -Dtest=FailureCasesTest -Dexperiment.case=06 -Dexperiment.artifactDir=/Users/hadiranjbar/Downloads/java/token.usage/investigation/raw/v2/06/p4/2 -Dexperiment.reportDir=/Users/hadiranjbar/Downloads/java/token.usage/investigation/raw/v2/06/p4/2/reports -Dspring.output.ansi.enabled=never surefire:test",filtered40,investigation/raw/v2/06/p4/2,investigation/extracted/v2/06/p4/2/filtered40.txt,deterministic console extraction (not automatically agent input),python investigation/scripts/analyze.py --batch v2,3,4,4,True,"{""constraint"": true, ""location"": true, ""request"": true, ""sql"": true}",2192,23,747,tiktoken 0.14.0 o200k_base,True
06,p4,2,1,True,True,both distinct users must be saved,"mvn -o -B -ntp -Dmaven.repo.local=/Users/hadiranjbar/Downloads/java/token.usage/investigation/.m2 -Pinvestigation,agent-reports -Dtest=FailureCasesTest -Dexperiment.case=06 -Dexperiment.artifactDir=/Users/hadiranjbar/Downloads/java/token.usage/investigation/raw/v2/06/p4/2 -Dexperiment.reportDir=/Users/hadiranjbar/Downloads/java/token.usage/investigation/raw/v2/06/p4/2/reports -Dspring.output.ansi.enabled=never surefire:test",boundary,investigation/raw/v2/06/p4/2,investigation/extracted/v2/06/p4/2/boundary.txt,deterministic console extraction (not automatically agent input),python investigation/scripts/analyze.py --batch v2,3,4,4,True,"{""constraint"": true, ""location"": true, ""request"": true, ""sql"": true}",28313,216,8307,tiktoken 0.14.0 o200k_base,True
06,p4,2,1,True,True,both distinct users must be saved,"mvn -o -B -ntp -Dmaven.repo.local=/Users/hadiranjbar/Downloads/java/token.usage/investigation/.m2 -Pinvestigation,agent-reports -Dtest=FailureCasesTest -Dexperiment.case=06 -Dexperiment.artifactDir=/Users/hadiranjbar/Downloads/java/token.usage/investigation/raw/v2/06/p4/2 -Dexperiment.reportDir=/Users/hadiranjbar/Downloads/java/token.usage/investigation/raw/v2/06/p4/2/reports -Dspring.output.ansi.enabled=never surefire:test",dedup,investigation/raw/v2/06/p4/2,investigation/extracted/v2/06/p4/2/dedup.txt,deterministic console extraction (not automatically agent input),python investigation/scripts/analyze.py --batch v2,3,4,4,True,"{""constraint"": true, ""location"": true, ""request"": true, ""sql"": true}",28128,216,8261,tiktoken 0.14.0 o200k_base,True
06,p4,3,1,True,True,both distinct users must be saved,"mvn -o -B -ntp -Dmaven.repo.local=/Users/hadiranjbar/Downloads/java/token.usage/investigation/.m2 -Pinvestigation,agent-reports -Dtest=FailureCasesTest -Dexperiment.case=06 -Dexperiment.artifactDir=/Users/hadiranjbar/Downloads/java/token.usage/investigation/raw/v2/06/p4/3 -Dexperiment.reportDir=/Users/hadiranjbar/Downloads/java/token.usage/investigation/raw/v2/06/p4/3/reports -Dspring.output.ansi.enabled=never surefire:test",complete,investigation/raw/v2/06/p4/3,investigation/extracted/v2/06/p4/3/complete.txt,deterministic console extraction (not automatically agent input),python investigation/scripts/analyze.py --batch v2,3,4,4,True,"{""constraint"": true, ""location"": true, ""request"": true, ""sql"": true}",31273,270,9150,tiktoken 0.14.0 o200k_base,True
06,p4,3,1,True,True,both distinct users must be saved,"mvn -o -B -ntp -Dmaven.repo.local=/Users/hadiranjbar/Downloads/java/token.usage/investigation/.m2 -Pinvestigation,agent-reports -Dtest=FailureCasesTest -Dexperiment.case=06 -Dexperiment.artifactDir=/Users/hadiranjbar/Downloads/java/token.usage/investigation/raw/v2/06/p4/3 -Dexperiment.reportDir=/Users/hadiranjbar/Downloads/java/token.usage/investigation/raw/v2/06/p4/3/reports -Dspring.output.ansi.enabled=never surefire:test",window20,investigation/raw/v2/06/p4/3,investigation/extracted/v2/06/p4/3/window20.txt,deterministic console extraction (not automatically agent input),python investigation/scripts/analyze.py --batch v2,3,3,4,False,"{""constraint"": true, ""location"": false, ""request"": true, ""sql"": true}",1930,20,670,tiktoken 0.14.0 o200k_base,True
06,p4,3,1,True,True,both distinct users must be saved,"mvn -o -B -ntp -Dmaven.repo.local=/Users/hadiranjbar/Downloads/java/token.usage/investigation/.m2 -Pinvestigation,agent-reports -Dtest=FailureCasesTest -Dexperiment.case=06 -Dexperiment.artifactDir=/Users/hadiranjbar/Downloads/java/token.usage/investigation/raw/v2/06/p4/3 -Dexperiment.reportDir=/Users/hadiranjbar/Downloads/java/token.usage/investigation/raw/v2/06/p4/3/reports -Dspring.output.ansi.enabled=never surefire:test",filtered40,investigation/raw/v2/06/p4/3,investigation/extracted/v2/06/p4/3/filtered40.txt,deterministic console extraction (not automatically agent input),python investigation/scripts/analyze.py --batch v2,3,4,4,True,"{""constraint"": true, ""location"": true, ""request"": true, ""sql"": true}",2192,23,747,tiktoken 0.14.0 o200k_base,True
06,p4,3,1,True,True,both distinct users must be saved,"mvn -o -B -ntp -Dmaven.repo.local=/Users/hadiranjbar/Downloads/java/token.usage/investigation/.m2 -Pinvestigation,agent-reports -Dtest=FailureCasesTest -Dexperiment.case=06 -Dexperiment.artifactDir=/Users/hadiranjbar/Downloads/java/token.usage/investigation/raw/v2/06/p4/3 -Dexperiment.reportDir=/Users/hadiranjbar/Downloads/java/token.usage/investigation/raw/v2/06/p4/3/reports -Dspring.output.ansi.enabled=never surefire:test",boundary,investigation/raw/v2/06/p4/3,investigation/extracted/v2/06/p4/3/boundary.txt,deterministic console extraction (not automatically agent input),python investigation/scripts/analyze.py --batch v2,3,4,4,True,"{""constraint"": true, ""location"": true, ""request"": true, ""sql"": true}",28313,216,8307,tiktoken 0.14.0 o200k_base,True
06,p4,3,1,True,True,both distinct users must be saved,"mvn -o -B -ntp -Dmaven.repo.local=/Users/hadiranjbar/Downloads/java/token.usage/investigation/.m2 -Pinvestigation,agent-reports -Dtest=FailureCasesTest -Dexperiment.case=06 -Dexperiment.artifactDir=/Users/hadiranjbar/Downloads/java/token.usage/investigation/raw/v2/06/p4/3 -Dexperiment.reportDir=/Users/hadiranjbar/Downloads/java/token.usage/investigation/raw/v2/06/p4/3/reports -Dspring.output.ansi.enabled=never surefire:test",dedup,investigation/raw/v2/06/p4/3,investigation/extracted/v2/06/p4/3/dedup.txt,deterministic console extraction (not automatically agent input),python investigation/scripts/analyze.py --batch v2,3,4,4,True,"{""constraint"": true, ""location"": true, ""request"": true, ""sql"": true}",28128,216,8261,tiktoken 0.14.0 o200k_base,True
07,agent,1,1,True,True,404 Not Found,"mvn -o -B -ntp -Dmaven.repo.local=/Users/hadiranjbar/Downloads/java/token.usage/investigation/.m2 -Pinvestigation,agent-reports -Dtest=FailureCasesTest -Dexperiment.case=07 -Dexperiment.artifactDir=/Users/hadiranjbar/Downloads/java/token.usage/investigation/raw/v2/07/agent/1 -Dexperiment.reportDir=/Users/hadiranjbar/Downloads/java/token.usage/investigation/raw/v2/07/agent/1/reports -Dspring.output.ansi.enabled=never -Dspring.profiles.active=agent -Dexperiment.deduplicate=true surefire:test",complete,investigation/raw/v2/07/agent/1,investigation/extracted/v2/07/agent/1/complete.txt,deterministic console extraction (not automatically agent input),python investigation/scripts/analyze.py --batch v2,2,3,4,False,"{""body"": true, ""location"": false, ""request"": true, ""status"": true}",3491,60,1029,tiktoken 0.14.0 o200k_base,True
07,agent,1,1,True,True,404 Not Found,"mvn -o -B -ntp -Dmaven.repo.local=/Users/hadiranjbar/Downloads/java/token.usage/investigation/.m2 -Pinvestigation,agent-reports -Dtest=FailureCasesTest -Dexperiment.case=07 -Dexperiment.artifactDir=/Users/hadiranjbar/Downloads/java/token.usage/investigation/raw/v2/07/agent/1 -Dexperiment.reportDir=/Users/hadiranjbar/Downloads/java/token.usage/investigation/raw/v2/07/agent/1/reports -Dspring.output.ansi.enabled=never -Dspring.profiles.active=agent -Dexperiment.deduplicate=true surefire:test",window20,investigation/raw/v2/07/agent/1,investigation/extracted/v2/07/agent/1/window20.txt,deterministic console extraction (not automatically agent input),python investigation/scripts/analyze.py --batch v2,2,3,4,False,"{""body"": true, ""location"": false, ""request"": true, ""status"": true}",1099,20,293,tiktoken 0.14.0 o200k_base,True
07,agent,1,1,True,True,404 Not Found,"mvn -o -B -ntp -Dmaven.repo.local=/Users/hadiranjbar/Downloads/java/token.usage/investigation/.m2 -Pinvestigation,agent-reports -Dtest=FailureCasesTest -Dexperiment.case=07 -Dexperiment.artifactDir=/Users/hadiranjbar/Downloads/java/token.usage/investigation/raw/v2/07/agent/1 -Dexperiment.reportDir=/Users/hadiranjbar/Downloads/java/token.usage/investigation/raw/v2/07/agent/1/reports -Dspring.output.ansi.enabled=never -Dspring.profiles.active=agent -Dexperiment.deduplicate=true surefire:test",filtered40,investigation/raw/v2/07/agent/1,investigation/extracted/v2/07/agent/1/filtered40.txt,deterministic console extraction (not automatically agent input),python investigation/scripts/analyze.py --batch v2,2,3,4,False,"{""body"": true, ""location"": false, ""request"": true, ""status"": true}",1721,30,465,tiktoken 0.14.0 o200k_base,True
07,agent,1,1,True,True,404 Not Found,"mvn -o -B -ntp -Dmaven.repo.local=/Users/hadiranjbar/Downloads/java/token.usage/investigation/.m2 -Pinvestigation,agent-reports -Dtest=FailureCasesTest -Dexperiment.case=07 -Dexperiment.artifactDir=/Users/hadiranjbar/Downloads/java/token.usage/investigation/raw/v2/07/agent/1 -Dexperiment.reportDir=/Users/hadiranjbar/Downloads/java/token.usage/investigation/raw/v2/07/agent/1/reports -Dspring.output.ansi.enabled=never -Dspring.profiles.active=agent -Dexperiment.deduplicate=true surefire:test",boundary,investigation/raw/v2/07/agent/1,investigation/extracted/v2/07/agent/1/boundary.txt,deterministic console extraction (not automatically agent input),python investigation/scripts/analyze.py --batch v2,2,3,4,False,"{""body"": true, ""location"": false, ""request"": true, ""status"": true}",422,5,120,tiktoken 0.14.0 o200k_base,True
07,agent,1,1,True,True,404 Not Found,"mvn -o -B -ntp -Dmaven.repo.local=/Users/hadiranjbar/Downloads/java/token.usage/investigation/.m2 -Pinvestigation,agent-reports -Dtest=FailureCasesTest -Dexperiment.case=07 -Dexperiment.artifactDir=/Users/hadiranjbar/Downloads/java/token.usage/investigation/raw/v2/07/agent/1 -Dexperiment.reportDir=/Users/hadiranjbar/Downloads/java/token.usage/investigation/raw/v2/07/agent/1/reports -Dspring.output.ansi.enabled=never -Dspring.profiles.active=agent -Dexperiment.deduplicate=true surefire:test",dedup,investigation/raw/v2/07/agent/1,investigation/extracted/v2/07/agent/1/dedup.txt,deterministic console extraction (not automatically agent input),python investigation/scripts/analyze.py --batch v2,2,3,4,False,"{""body"": true, ""location"": false, ""request"": true, ""status"": true}",422,5,120,tiktoken 0.14.0 o200k_base,True
07,agent,2,1,True,True,404 Not Found,"mvn -o -B -ntp -Dmaven.repo.local=/Users/hadiranjbar/Downloads/java/token.usage/investigation/.m2 -Pinvestigation,agent-reports -Dtest=FailureCasesTest -Dexperiment.case=07 -Dexperiment.artifactDir=/Users/hadiranjbar/Downloads/java/token.usage/investigation/raw/v2/07/agent/2 -Dexperiment.reportDir=/Users/hadiranjbar/Downloads/java/token.usage/investigation/raw/v2/07/agent/2/reports -Dspring.output.ansi.enabled=never -Dspring.profiles.active=agent -Dexperiment.deduplicate=true surefire:test",complete,investigation/raw/v2/07/agent/2,investigation/extracted/v2/07/agent/2/complete.txt,deterministic console extraction (not automatically agent input),python investigation/scripts/analyze.py --batch v2,2,3,4,False,"{""body"": true, ""location"": false, ""request"": true, ""status"": true}",3491,60,1029,tiktoken 0.14.0 o200k_base,True
07,agent,2,1,True,True,404 Not Found,"mvn -o -B -ntp -Dmaven.repo.local=/Users/hadiranjbar/Downloads/java/token.usage/investigation/.m2 -Pinvestigation,agent-reports -Dtest=FailureCasesTest -Dexperiment.case=07 -Dexperiment.artifactDir=/Users/hadiranjbar/Downloads/java/token.usage/investigation/raw/v2/07/agent/2 -Dexperiment.reportDir=/Users/hadiranjbar/Downloads/java/token.usage/investigation/raw/v2/07/agent/2/reports -Dspring.output.ansi.enabled=never -Dspring.profiles.active=agent -Dexperiment.deduplicate=true surefire:test",window20,investigation/raw/v2/07/agent/2,investigation/extracted/v2/07/agent/2/window20.txt,deterministic console extraction (not automatically agent input),python investigation/scripts/analyze.py --batch v2,2,3,4,False,"{""body"": true, ""location"": false, ""request"": true, ""status"": true}",1099,20,293,tiktoken 0.14.0 o200k_base,True
07,agent,2,1,True,True,404 Not Found,"mvn -o -B -ntp -Dmaven.repo.local=/Users/hadiranjbar/Downloads/java/token.usage/investigation/.m2 -Pinvestigation,agent-reports -Dtest=FailureCasesTest -Dexperiment.case=07 -Dexperiment.artifactDir=/Users/hadiranjbar/Downloads/java/token.usage/investigation/raw/v2/07/agent/2 -Dexperiment.reportDir=/Users/hadiranjbar/Downloads/java/token.usage/investigation/raw/v2/07/agent/2/reports -Dspring.output.ansi.enabled=never -Dspring.profiles.active=agent -Dexperiment.deduplicate=true surefire:test",filtered40,investigation/raw/v2/07/agent/2,investigation/extracted/v2/07/agent/2/filtered40.txt,deterministic console extraction (not automatically agent input),python investigation/scripts/analyze.py --batch v2,2,3,4,False,"{""body"": true, ""location"": false, ""request"": true, ""status"": true}",1721,30,465,tiktoken 0.14.0 o200k_base,True
07,agent,2,1,True,True,404 Not Found,"mvn -o -B -ntp -Dmaven.repo.local=/Users/hadiranjbar/Downloads/java/token.usage/investigation/.m2 -Pinvestigation,agent-reports -Dtest=FailureCasesTest -Dexperiment.case=07 -Dexperiment.artifactDir=/Users/hadiranjbar/Downloads/java/token.usage/investigation/raw/v2/07/agent/2 -Dexperiment.reportDir=/Users/hadiranjbar/Downloads/java/token.usage/investigation/raw/v2/07/agent/2/reports -Dspring.output.ansi.enabled=never -Dspring.profiles.active=agent -Dexperiment.deduplicate=true surefire:test",boundary,investigation/raw/v2/07/agent/2,investigation/extracted/v2/07/agent/2/boundary.txt,deterministic console extraction (not automatically agent input),python investigation/scripts/analyze.py --batch v2,2,3,4,False,"{""body"": true, ""location"": false, ""request"": true, ""status"": true}",422,5,120,tiktoken 0.14.0 o200k_base,True
07,agent,2,1,True,True,404 Not Found,"mvn -o -B -ntp -Dmaven.repo.local=/Users/hadiranjbar/Downloads/java/token.usage/investigation/.m2 -Pinvestigation,agent-reports -Dtest=FailureCasesTest -Dexperiment.case=07 -Dexperiment.artifactDir=/Users/hadiranjbar/Downloads/java/token.usage/investigation/raw/v2/07/agent/2 -Dexperiment.reportDir=/Users/hadiranjbar/Downloads/java/token.usage/investigation/raw/v2/07/agent/2/reports -Dspring.output.ansi.enabled=never -Dspring.profiles.active=agent -Dexperiment.deduplicate=true surefire:test",dedup,investigation/raw/v2/07/agent/2,investigation/extracted/v2/07/agent/2/dedup.txt,deterministic console extraction (not automatically agent input),python investigation/scripts/analyze.py --batch v2,2,3,4,False,"{""body"": true, ""location"": false, ""request"": true, ""status"": true}",422,5,120,tiktoken 0.14.0 o200k_base,True
07,agent,3,1,True,True,404 Not Found,"mvn -o -B -ntp -Dmaven.repo.local=/Users/hadiranjbar/Downloads/java/token.usage/investigation/.m2 -Pinvestigation,agent-reports -Dtest=FailureCasesTest -Dexperiment.case=07 -Dexperiment.artifactDir=/Users/hadiranjbar/Downloads/java/token.usage/investigation/raw/v2/07/agent/3 -Dexperiment.reportDir=/Users/hadiranjbar/Downloads/java/token.usage/investigation/raw/v2/07/agent/3/reports -Dspring.output.ansi.enabled=never -Dspring.profiles.active=agent -Dexperiment.deduplicate=true surefire:test",complete,investigation/raw/v2/07/agent/3,investigation/extracted/v2/07/agent/3/complete.txt,deterministic console extraction (not automatically agent input),python investigation/scripts/analyze.py --batch v2,2,3,4,False,"{""body"": true, ""location"": false, ""request"": true, ""status"": true}",3491,60,1029,tiktoken 0.14.0 o200k_base,True
07,agent,3,1,True,True,404 Not Found,"mvn -o -B -ntp -Dmaven.repo.local=/Users/hadiranjbar/Downloads/java/token.usage/investigation/.m2 -Pinvestigation,agent-reports -Dtest=FailureCasesTest -Dexperiment.case=07 -Dexperiment.artifactDir=/Users/hadiranjbar/Downloads/java/token.usage/investigation/raw/v2/07/agent/3 -Dexperiment.reportDir=/Users/hadiranjbar/Downloads/java/token.usage/investigation/raw/v2/07/agent/3/reports -Dspring.output.ansi.enabled=never -Dspring.profiles.active=agent -Dexperiment.deduplicate=true surefire:test",window20,investigation/raw/v2/07/agent/3,investigation/extracted/v2/07/agent/3/window20.txt,deterministic console extraction (not automatically agent input),python investigation/scripts/analyze.py --batch v2,2,3,4,False,"{""body"": true, ""location"": false, ""request"": true, ""status"": true}",1099,20,293,tiktoken 0.14.0 o200k_base,True
07,agent,3,1,True,True,404 Not Found,"mvn -o -B -ntp -Dmaven.repo.local=/Users/hadiranjbar/Downloads/java/token.usage/investigation/.m2 -Pinvestigation,agent-reports -Dtest=FailureCasesTest -Dexperiment.case=07 -Dexperiment.artifactDir=/Users/hadiranjbar/Downloads/java/token.usage/investigation/raw/v2/07/agent/3 -Dexperiment.reportDir=/Users/hadiranjbar/Downloads/java/token.usage/investigation/raw/v2/07/agent/3/reports -Dspring.output.ansi.enabled=never -Dspring.profiles.active=agent -Dexperiment.deduplicate=true surefire:test",filtered40,investigation/raw/v2/07/agent/3,investigation/extracted/v2/07/agent/3/filtered40.txt,deterministic console extraction (not automatically agent input),python investigation/scripts/analyze.py --batch v2,2,3,4,False,"{""body"": true, ""location"": false, ""request"": true, ""status"": true}",1721,30,465,tiktoken 0.14.0 o200k_base,True
07,agent,3,1,True,True,404 Not Found,"mvn -o -B -ntp -Dmaven.repo.local=/Users/hadiranjbar/Downloads/java/token.usage/investigation/.m2 -Pinvestigation,agent-reports -Dtest=FailureCasesTest -Dexperiment.case=07 -Dexperiment.artifactDir=/Users/hadiranjbar/Downloads/java/token.usage/investigation/raw/v2/07/agent/3 -Dexperiment.reportDir=/Users/hadiranjbar/Downloads/java/token.usage/investigation/raw/v2/07/agent/3/reports -Dspring.output.ansi.enabled=never -Dspring.profiles.active=agent -Dexperiment.deduplicate=true surefire:test",boundary,investigation/raw/v2/07/agent/3,investigation/extracted/v2/07/agent/3/boundary.txt,deterministic console extraction (not automatically agent input),python investigation/scripts/analyze.py --batch v2,2,3,4,False,"{""body"": true, ""location"": false, ""request"": true, ""status"": true}",422,5,120,tiktoken 0.14.0 o200k_base,True
07,agent,3,1,True,True,404 Not Found,"mvn -o -B -ntp -Dmaven.repo.local=/Users/hadiranjbar/Downloads/java/token.usage/investigation/.m2 -Pinvestigation,agent-reports -Dtest=FailureCasesTest -Dexperiment.case=07 -Dexperiment.artifactDir=/Users/hadiranjbar/Downloads/java/token.usage/investigation/raw/v2/07/agent/3 -Dexperiment.reportDir=/Users/hadiranjbar/Downloads/java/token.usage/investigation/raw/v2/07/agent/3/reports -Dspring.output.ansi.enabled=never -Dspring.profiles.active=agent -Dexperiment.deduplicate=true surefire:test",dedup,investigation/raw/v2/07/agent/3,investigation/extracted/v2/07/agent/3/dedup.txt,deterministic console extraction (not automatically agent input),python investigation/scripts/analyze.py --batch v2,2,3,4,False,"{""body"": true, ""location"": false, ""request"": true, ""status"": true}",422,5,120,tiktoken 0.14.0 o200k_base,True
07,default,1,1,True,True,404 Not Found,mvn -o -B -ntp -Dmaven.repo.local=/Users/hadiranjbar/Downloads/java/token.usage/investigation/.m2 -Pinvestigation -Dtest=FailureCasesTest -Dexperiment.case=07 -Dexperiment.artifactDir=/Users/hadiranjbar/Downloads/java/token.usage/investigation/raw/v2/07/default/1 -Dexperiment.reportDir=/Users/hadiranjbar/Downloads/java/token.usage/investigation/raw/v2/07/default/1/reports -Dspring.output.ansi.enabled=never surefire:test,complete,investigation/raw/v2/07/default/1,investigation/extracted/v2/07/default/1/complete.txt,deterministic console extraction (not automatically agent input),python investigation/scripts/analyze.py --batch v2,2,4,4,True,"{""body"": true, ""location"": true, ""request"": true, ""status"": true}",4923,75,1260,tiktoken 0.14.0 o200k_base,True
07,default,1,1,True,True,404 Not Found,mvn -o -B -ntp -Dmaven.repo.local=/Users/hadiranjbar/Downloads/java/token.usage/investigation/.m2 -Pinvestigation -Dtest=FailureCasesTest -Dexperiment.case=07 -Dexperiment.artifactDir=/Users/hadiranjbar/Downloads/java/token.usage/investigation/raw/v2/07/default/1 -Dexperiment.reportDir=/Users/hadiranjbar/Downloads/java/token.usage/investigation/raw/v2/07/default/1/reports -Dspring.output.ansi.enabled=never surefire:test,window20,investigation/raw/v2/07/default/1,investigation/extracted/v2/07/default/1/window20.txt,deterministic console extraction (not automatically agent input),python investigation/scripts/analyze.py --batch v2,2,4,4,True,"{""body"": true, ""location"": true, ""request"": true, ""status"": true}",1991,20,420,tiktoken 0.14.0 o200k_base,True
07,default,1,1,True,True,404 Not Found,mvn -o -B -ntp -Dmaven.repo.local=/Users/hadiranjbar/Downloads/java/token.usage/investigation/.m2 -Pinvestigation -Dtest=FailureCasesTest -Dexperiment.case=07 -Dexperiment.artifactDir=/Users/hadiranjbar/Downloads/java/token.usage/investigation/raw/v2/07/default/1 -Dexperiment.reportDir=/Users/hadiranjbar/Downloads/java/token.usage/investigation/raw/v2/07/default/1/reports -Dspring.output.ansi.enabled=never surefire:test,filtered40,investigation/raw/v2/07/default/1,investigation/extracted/v2/07/default/1/filtered40.txt,deterministic console extraction (not automatically agent input),python investigation/scripts/analyze.py --batch v2,2,4,4,True,"{""body"": true, ""location"": true, ""request"": true, ""status"": true}",1424,26,393,tiktoken 0.14.0 o200k_base,True
07,default,1,1,True,True,404 Not Found,mvn -o -B -ntp -Dmaven.repo.local=/Users/hadiranjbar/Downloads/java/token.usage/investigation/.m2 -Pinvestigation -Dtest=FailureCasesTest -Dexperiment.case=07 -Dexperiment.artifactDir=/Users/hadiranjbar/Downloads/java/token.usage/investigation/raw/v2/07/default/1 -Dexperiment.reportDir=/Users/hadiranjbar/Downloads/java/token.usage/investigation/raw/v2/07/default/1/reports -Dspring.output.ansi.enabled=never surefire:test,boundary,investigation/raw/v2/07/default/1,investigation/extracted/v2/07/default/1/boundary.txt,deterministic console extraction (not automatically agent input),python investigation/scripts/analyze.py --batch v2,2,4,4,True,"{""body"": true, ""location"": true, ""request"": true, ""status"": true}",1991,20,420,tiktoken 0.14.0 o200k_base,True
07,default,1,1,True,True,404 Not Found,mvn -o -B -ntp -Dmaven.repo.local=/Users/hadiranjbar/Downloads/java/token.usage/investigation/.m2 -Pinvestigation -Dtest=FailureCasesTest -Dexperiment.case=07 -Dexperiment.artifactDir=/Users/hadiranjbar/Downloads/java/token.usage/investigation/raw/v2/07/default/1 -Dexperiment.reportDir=/Users/hadiranjbar/Downloads/java/token.usage/investigation/raw/v2/07/default/1/reports -Dspring.output.ansi.enabled=never surefire:test,dedup,investigation/raw/v2/07/default/1,investigation/extracted/v2/07/default/1/dedup.txt,deterministic console extraction (not automatically agent input),python investigation/scripts/analyze.py --batch v2,2,4,4,True,"{""body"": true, ""location"": true, ""request"": true, ""status"": true}",1991,20,420,tiktoken 0.14.0 o200k_base,True
07,default,2,1,True,True,404 Not Found,mvn -o -B -ntp -Dmaven.repo.local=/Users/hadiranjbar/Downloads/java/token.usage/investigation/.m2 -Pinvestigation -Dtest=FailureCasesTest -Dexperiment.case=07 -Dexperiment.artifactDir=/Users/hadiranjbar/Downloads/java/token.usage/investigation/raw/v2/07/default/2 -Dexperiment.reportDir=/Users/hadiranjbar/Downloads/java/token.usage/investigation/raw/v2/07/default/2/reports -Dspring.output.ansi.enabled=never surefire:test,complete,investigation/raw/v2/07/default/2,investigation/extracted/v2/07/default/2/complete.txt,deterministic console extraction (not automatically agent input),python investigation/scripts/analyze.py --batch v2,2,4,4,True,"{""body"": true, ""location"": true, ""request"": true, ""status"": true}",4923,75,1260,tiktoken 0.14.0 o200k_base,True
07,default,2,1,True,True,404 Not Found,mvn -o -B -ntp -Dmaven.repo.local=/Users/hadiranjbar/Downloads/java/token.usage/investigation/.m2 -Pinvestigation -Dtest=FailureCasesTest -Dexperiment.case=07 -Dexperiment.artifactDir=/Users/hadiranjbar/Downloads/java/token.usage/investigation/raw/v2/07/default/2 -Dexperiment.reportDir=/Users/hadiranjbar/Downloads/java/token.usage/investigation/raw/v2/07/default/2/reports -Dspring.output.ansi.enabled=never surefire:test,window20,investigation/raw/v2/07/default/2,investigation/extracted/v2/07/default/2/window20.txt,deterministic console extraction (not automatically agent input),python investigation/scripts/analyze.py --batch v2,2,4,4,True,"{""body"": true, ""location"": true, ""request"": true, ""status"": true}",1991,20,420,tiktoken 0.14.0 o200k_base,True
07,default,2,1,True,True,404 Not Found,mvn -o -B -ntp -Dmaven.repo.local=/Users/hadiranjbar/Downloads/java/token.usage/investigation/.m2 -Pinvestigation -Dtest=FailureCasesTest -Dexperiment.case=07 -Dexperiment.artifactDir=/Users/hadiranjbar/Downloads/java/token.usage/investigation/raw/v2/07/default/2 -Dexperiment.reportDir=/Users/hadiranjbar/Downloads/java/token.usage/investigation/raw/v2/07/default/2/reports -Dspring.output.ansi.enabled=never surefire:test,filtered40,investigation/raw/v2/07/default/2,investigation/extracted/v2/07/default/2/filtered40.txt,deterministic console extraction (not automatically agent input),python investigation/scripts/analyze.py --batch v2,2,4,4,True,"{""body"": true, ""location"": true, ""request"": true, ""status"": true}",1424,26,393,tiktoken 0.14.0 o200k_base,True
07,default,2,1,True,True,404 Not Found,mvn -o -B -ntp -Dmaven.repo.local=/Users/hadiranjbar/Downloads/java/token.usage/investigation/.m2 -Pinvestigation -Dtest=FailureCasesTest -Dexperiment.case=07 -Dexperiment.artifactDir=/Users/hadiranjbar/Downloads/java/token.usage/investigation/raw/v2/07/default/2 -Dexperiment.reportDir=/Users/hadiranjbar/Downloads/java/token.usage/investigation/raw/v2/07/default/2/reports -Dspring.output.ansi.enabled=never surefire:test,boundary,investigation/raw/v2/07/default/2,investigation/extracted/v2/07/default/2/boundary.txt,deterministic console extraction (not automatically agent input),python investigation/scripts/analyze.py --batch v2,2,4,4,True,"{""body"": true, ""location"": true, ""request"": true, ""status"": true}",1991,20,420,tiktoken 0.14.0 o200k_base,True
07,default,2,1,True,True,404 Not Found,mvn -o -B -ntp -Dmaven.repo.local=/Users/hadiranjbar/Downloads/java/token.usage/investigation/.m2 -Pinvestigation -Dtest=FailureCasesTest -Dexperiment.case=07 -Dexperiment.artifactDir=/Users/hadiranjbar/Downloads/java/token.usage/investigation/raw/v2/07/default/2 -Dexperiment.reportDir=/Users/hadiranjbar/Downloads/java/token.usage/investigation/raw/v2/07/default/2/reports -Dspring.output.ansi.enabled=never surefire:test,dedup,investigation/raw/v2/07/default/2,investigation/extracted/v2/07/default/2/dedup.txt,deterministic console extraction (not automatically agent input),python investigation/scripts/analyze.py --batch v2,2,4,4,True,"{""body"": true, ""location"": true, ""request"": true, ""status"": true}",1991,20,420,tiktoken 0.14.0 o200k_base,True
07,default,3,1,True,True,404 Not Found,mvn -o -B -ntp -Dmaven.repo.local=/Users/hadiranjbar/Downloads/java/token.usage/investigation/.m2 -Pinvestigation -Dtest=FailureCasesTest -Dexperiment.case=07 -Dexperiment.artifactDir=/Users/hadiranjbar/Downloads/java/token.usage/investigation/raw/v2/07/default/3 -Dexperiment.reportDir=/Users/hadiranjbar/Downloads/java/token.usage/investigation/raw/v2/07/default/3/reports -Dspring.output.ansi.enabled=never surefire:test,complete,investigation/raw/v2/07/default/3,investigation/extracted/v2/07/default/3/complete.txt,deterministic console extraction (not automatically agent input),python investigation/scripts/analyze.py --batch v2,2,4,4,True,"{""body"": true, ""location"": true, ""request"": true, ""status"": true}",4923,75,1260,tiktoken 0.14.0 o200k_base,True
07,default,3,1,True,True,404 Not Found,mvn -o -B -ntp -Dmaven.repo.local=/Users/hadiranjbar/Downloads/java/token.usage/investigation/.m2 -Pinvestigation -Dtest=FailureCasesTest -Dexperiment.case=07 -Dexperiment.artifactDir=/Users/hadiranjbar/Downloads/java/token.usage/investigation/raw/v2/07/default/3 -Dexperiment.reportDir=/Users/hadiranjbar/Downloads/java/token.usage/investigation/raw/v2/07/default/3/reports -Dspring.output.ansi.enabled=never surefire:test,window20,investigation/raw/v2/07/default/3,investigation/extracted/v2/07/default/3/window20.txt,deterministic console extraction (not automatically agent input),python investigation/scripts/analyze.py --batch v2,2,4,4,True,"{""body"": true, ""location"": true, ""request"": true, ""status"": true}",1991,20,420,tiktoken 0.14.0 o200k_base,True
07,default,3,1,True,True,404 Not Found,mvn -o -B -ntp -Dmaven.repo.local=/Users/hadiranjbar/Downloads/java/token.usage/investigation/.m2 -Pinvestigation -Dtest=FailureCasesTest -Dexperiment.case=07 -Dexperiment.artifactDir=/Users/hadiranjbar/Downloads/java/token.usage/investigation/raw/v2/07/default/3 -Dexperiment.reportDir=/Users/hadiranjbar/Downloads/java/token.usage/investigation/raw/v2/07/default/3/reports -Dspring.output.ansi.enabled=never surefire:test,filtered40,investigation/raw/v2/07/default/3,investigation/extracted/v2/07/default/3/filtered40.txt,deterministic console extraction (not automatically agent input),python investigation/scripts/analyze.py --batch v2,2,4,4,True,"{""body"": true, ""location"": true, ""request"": true, ""status"": true}",1424,26,393,tiktoken 0.14.0 o200k_base,True
07,default,3,1,True,True,404 Not Found,mvn -o -B -ntp -Dmaven.repo.local=/Users/hadiranjbar/Downloads/java/token.usage/investigation/.m2 -Pinvestigation -Dtest=FailureCasesTest -Dexperiment.case=07 -Dexperiment.artifactDir=/Users/hadiranjbar/Downloads/java/token.usage/investigation/raw/v2/07/default/3 -Dexperiment.reportDir=/Users/hadiranjbar/Downloads/java/token.usage/investigation/raw/v2/07/default/3/reports -Dspring.output.ansi.enabled=never surefire:test,boundary,investigation/raw/v2/07/default/3,investigation/extracted/v2/07/default/3/boundary.txt,deterministic console extraction (not automatically agent input),python investigation/scripts/analyze.py --batch v2,2,4,4,True,"{""body"": true, ""location"": true, ""request"": true, ""status"": true}",1991,20,420,tiktoken 0.14.0 o200k_base,True
07,default,3,1,True,True,404 Not Found,mvn -o -B -ntp -Dmaven.repo.local=/Users/hadiranjbar/Downloads/java/token.usage/investigation/.m2 -Pinvestigation -Dtest=FailureCasesTest -Dexperiment.case=07 -Dexperiment.artifactDir=/Users/hadiranjbar/Downloads/java/token.usage/investigation/raw/v2/07/default/3 -Dexperiment.reportDir=/Users/hadiranjbar/Downloads/java/token.usage/investigation/raw/v2/07/default/3/reports -Dspring.output.ansi.enabled=never surefire:test,dedup,investigation/raw/v2/07/default/3,investigation/extracted/v2/07/default/3/dedup.txt,deterministic console extraction (not automatically agent input),python investigation/scripts/analyze.py --batch v2,2,4,4,True,"{""body"": true, ""location"": true, ""request"": true, ""status"": true}",1991,20,420,tiktoken 0.14.0 o200k_base,True
07,p1,1,1,True,True,404 Not Found,mvn -o -B -ntp -Dmaven.repo.local=/Users/hadiranjbar/Downloads/java/token.usage/investigation/.m2 -Pinvestigation -Dtest=FailureCasesTest -Dexperiment.case=07 -Dexperiment.artifactDir=/Users/hadiranjbar/Downloads/java/token.usage/investigation/raw/v2/07/p1/1 -Dexperiment.reportDir=/Users/hadiranjbar/Downloads/java/token.usage/investigation/raw/v2/07/p1/1/reports -Dspring.output.ansi.enabled=never -Dspring.profiles.active=p1 surefire:test,complete,investigation/raw/v2/07/p1/1,investigation/extracted/v2/07/p1/1/complete.txt,deterministic console extraction (not automatically agent input),python investigation/scripts/analyze.py --batch v2,2,4,4,True,"{""body"": true, ""location"": true, ""request"": true, ""status"": true}",4764,75,1215,tiktoken 0.14.0 o200k_base,True
07,p1,1,1,True,True,404 Not Found,mvn -o -B -ntp -Dmaven.repo.local=/Users/hadiranjbar/Downloads/java/token.usage/investigation/.m2 -Pinvestigation -Dtest=FailureCasesTest -Dexperiment.case=07 -Dexperiment.artifactDir=/Users/hadiranjbar/Downloads/java/token.usage/investigation/raw/v2/07/p1/1 -Dexperiment.reportDir=/Users/hadiranjbar/Downloads/java/token.usage/investigation/raw/v2/07/p1/1/reports -Dspring.output.ansi.enabled=never -Dspring.profiles.active=p1 surefire:test,window20,investigation/raw/v2/07/p1/1,investigation/extracted/v2/07/p1/1/window20.txt,deterministic console extraction (not automatically agent input),python investigation/scripts/analyze.py --batch v2,2,4,4,True,"{""body"": true, ""location"": true, ""request"": true, ""status"": true}",1991,20,420,tiktoken 0.14.0 o200k_base,True
07,p1,1,1,True,True,404 Not Found,mvn -o -B -ntp -Dmaven.repo.local=/Users/hadiranjbar/Downloads/java/token.usage/investigation/.m2 -Pinvestigation -Dtest=FailureCasesTest -Dexperiment.case=07 -Dexperiment.artifactDir=/Users/hadiranjbar/Downloads/java/token.usage/investigation/raw/v2/07/p1/1 -Dexperiment.reportDir=/Users/hadiranjbar/Downloads/java/token.usage/investigation/raw/v2/07/p1/1/reports -Dspring.output.ansi.enabled=never -Dspring.profiles.active=p1 surefire:test,filtered40,investigation/raw/v2/07/p1/1,investigation/extracted/v2/07/p1/1/filtered40.txt,deterministic console extraction (not automatically agent input),python investigation/scripts/analyze.py --batch v2,2,4,4,True,"{""body"": true, ""location"": true, ""request"": true, ""status"": true}",1419,26,394,tiktoken 0.14.0 o200k_base,True
07,p1,1,1,True,True,404 Not Found,mvn -o -B -ntp -Dmaven.repo.local=/Users/hadiranjbar/Downloads/java/token.usage/investigation/.m2 -Pinvestigation -Dtest=FailureCasesTest -Dexperiment.case=07 -Dexperiment.artifactDir=/Users/hadiranjbar/Downloads/java/token.usage/investigation/raw/v2/07/p1/1 -Dexperiment.reportDir=/Users/hadiranjbar/Downloads/java/token.usage/investigation/raw/v2/07/p1/1/reports -Dspring.output.ansi.enabled=never -Dspring.profiles.active=p1 surefire:test,boundary,investigation/raw/v2/07/p1/1,investigation/extracted/v2/07/p1/1/boundary.txt,deterministic console extraction (not automatically agent input),python investigation/scripts/analyze.py --batch v2,2,4,4,True,"{""body"": true, ""location"": true, ""request"": true, ""status"": true}",1991,20,420,tiktoken 0.14.0 o200k_base,True
07,p1,1,1,True,True,404 Not Found,mvn -o -B -ntp -Dmaven.repo.local=/Users/hadiranjbar/Downloads/java/token.usage/investigation/.m2 -Pinvestigation -Dtest=FailureCasesTest -Dexperiment.case=07 -Dexperiment.artifactDir=/Users/hadiranjbar/Downloads/java/token.usage/investigation/raw/v2/07/p1/1 -Dexperiment.reportDir=/Users/hadiranjbar/Downloads/java/token.usage/investigation/raw/v2/07/p1/1/reports -Dspring.output.ansi.enabled=never -Dspring.profiles.active=p1 surefire:test,dedup,investigation/raw/v2/07/p1/1,investigation/extracted/v2/07/p1/1/dedup.txt,deterministic console extraction (not automatically agent input),python investigation/scripts/analyze.py --batch v2,2,4,4,True,"{""body"": true, ""location"": true, ""request"": true, ""status"": true}",1991,20,420,tiktoken 0.14.0 o200k_base,True
07,p1,2,1,True,True,404 Not Found,mvn -o -B -ntp -Dmaven.repo.local=/Users/hadiranjbar/Downloads/java/token.usage/investigation/.m2 -Pinvestigation -Dtest=FailureCasesTest -Dexperiment.case=07 -Dexperiment.artifactDir=/Users/hadiranjbar/Downloads/java/token.usage/investigation/raw/v2/07/p1/2 -Dexperiment.reportDir=/Users/hadiranjbar/Downloads/java/token.usage/investigation/raw/v2/07/p1/2/reports -Dspring.output.ansi.enabled=never -Dspring.profiles.active=p1 surefire:test,complete,investigation/raw/v2/07/p1/2,investigation/extracted/v2/07/p1/2/complete.txt,deterministic console extraction (not automatically agent input),python investigation/scripts/analyze.py --batch v2,2,4,4,True,"{""body"": true, ""location"": true, ""request"": true, ""status"": true}",4764,75,1215,tiktoken 0.14.0 o200k_base,True
07,p1,2,1,True,True,404 Not Found,mvn -o -B -ntp -Dmaven.repo.local=/Users/hadiranjbar/Downloads/java/token.usage/investigation/.m2 -Pinvestigation -Dtest=FailureCasesTest -Dexperiment.case=07 -Dexperiment.artifactDir=/Users/hadiranjbar/Downloads/java/token.usage/investigation/raw/v2/07/p1/2 -Dexperiment.reportDir=/Users/hadiranjbar/Downloads/java/token.usage/investigation/raw/v2/07/p1/2/reports -Dspring.output.ansi.enabled=never -Dspring.profiles.active=p1 surefire:test,window20,investigation/raw/v2/07/p1/2,investigation/extracted/v2/07/p1/2/window20.txt,deterministic console extraction (not automatically agent input),python investigation/scripts/analyze.py --batch v2,2,4,4,True,"{""body"": true, ""location"": true, ""request"": true, ""status"": true}",1991,20,420,tiktoken 0.14.0 o200k_base,True
07,p1,2,1,True,True,404 Not Found,mvn -o -B -ntp -Dmaven.repo.local=/Users/hadiranjbar/Downloads/java/token.usage/investigation/.m2 -Pinvestigation -Dtest=FailureCasesTest -Dexperiment.case=07 -Dexperiment.artifactDir=/Users/hadiranjbar/Downloads/java/token.usage/investigation/raw/v2/07/p1/2 -Dexperiment.reportDir=/Users/hadiranjbar/Downloads/java/token.usage/investigation/raw/v2/07/p1/2/reports -Dspring.output.ansi.enabled=never -Dspring.profiles.active=p1 surefire:test,filtered40,investigation/raw/v2/07/p1/2,investigation/extracted/v2/07/p1/2/filtered40.txt,deterministic console extraction (not automatically agent input),python investigation/scripts/analyze.py --batch v2,2,4,4,True,"{""body"": true, ""location"": true, ""request"": true, ""status"": true}",1419,26,394,tiktoken 0.14.0 o200k_base,True
07,p1,2,1,True,True,404 Not Found,mvn -o -B -ntp -Dmaven.repo.local=/Users/hadiranjbar/Downloads/java/token.usage/investigation/.m2 -Pinvestigation -Dtest=FailureCasesTest -Dexperiment.case=07 -Dexperiment.artifactDir=/Users/hadiranjbar/Downloads/java/token.usage/investigation/raw/v2/07/p1/2 -Dexperiment.reportDir=/Users/hadiranjbar/Downloads/java/token.usage/investigation/raw/v2/07/p1/2/reports -Dspring.output.ansi.enabled=never -Dspring.profiles.active=p1 surefire:test,boundary,investigation/raw/v2/07/p1/2,investigation/extracted/v2/07/p1/2/boundary.txt,deterministic console extraction (not automatically agent input),python investigation/scripts/analyze.py --batch v2,2,4,4,True,"{""body"": true, ""location"": true, ""request"": true, ""status"": true}",1991,20,420,tiktoken 0.14.0 o200k_base,True
07,p1,2,1,True,True,404 Not Found,mvn -o -B -ntp -Dmaven.repo.local=/Users/hadiranjbar/Downloads/java/token.usage/investigation/.m2 -Pinvestigation -Dtest=FailureCasesTest -Dexperiment.case=07 -Dexperiment.artifactDir=/Users/hadiranjbar/Downloads/java/token.usage/investigation/raw/v2/07/p1/2 -Dexperiment.reportDir=/Users/hadiranjbar/Downloads/java/token.usage/investigation/raw/v2/07/p1/2/reports -Dspring.output.ansi.enabled=never -Dspring.profiles.active=p1 surefire:test,dedup,investigation/raw/v2/07/p1/2,investigation/extracted/v2/07/p1/2/dedup.txt,deterministic console extraction (not automatically agent input),python investigation/scripts/analyze.py --batch v2,2,4,4,True,"{""body"": true, ""location"": true, ""request"": true, ""status"": true}",1991,20,420,tiktoken 0.14.0 o200k_base,True
07,p1,3,1,True,True,404 Not Found,mvn -o -B -ntp -Dmaven.repo.local=/Users/hadiranjbar/Downloads/java/token.usage/investigation/.m2 -Pinvestigation -Dtest=FailureCasesTest -Dexperiment.case=07 -Dexperiment.artifactDir=/Users/hadiranjbar/Downloads/java/token.usage/investigation/raw/v2/07/p1/3 -Dexperiment.reportDir=/Users/hadiranjbar/Downloads/java/token.usage/investigation/raw/v2/07/p1/3/reports -Dspring.output.ansi.enabled=never -Dspring.profiles.active=p1 surefire:test,complete,investigation/raw/v2/07/p1/3,investigation/extracted/v2/07/p1/3/complete.txt,deterministic console extraction (not automatically agent input),python investigation/scripts/analyze.py --batch v2,2,4,4,True,"{""body"": true, ""location"": true, ""request"": true, ""status"": true}",4765,75,1215,tiktoken 0.14.0 o200k_base,True
07,p1,3,1,True,True,404 Not Found,mvn -o -B -ntp -Dmaven.repo.local=/Users/hadiranjbar/Downloads/java/token.usage/investigation/.m2 -Pinvestigation -Dtest=FailureCasesTest -Dexperiment.case=07 -Dexperiment.artifactDir=/Users/hadiranjbar/Downloads/java/token.usage/investigation/raw/v2/07/p1/3 -Dexperiment.reportDir=/Users/hadiranjbar/Downloads/java/token.usage/investigation/raw/v2/07/p1/3/reports -Dspring.output.ansi.enabled=never -Dspring.profiles.active=p1 surefire:test,window20,investigation/raw/v2/07/p1/3,investigation/extracted/v2/07/p1/3/window20.txt,deterministic console extraction (not automatically agent input),python investigation/scripts/analyze.py --batch v2,2,4,4,True,"{""body"": true, ""location"": true, ""request"": true, ""status"": true}",1991,20,420,tiktoken 0.14.0 o200k_base,True
07,p1,3,1,True,True,404 Not Found,mvn -o -B -ntp -Dmaven.repo.local=/Users/hadiranjbar/Downloads/java/token.usage/investigation/.m2 -Pinvestigation -Dtest=FailureCasesTest -Dexperiment.case=07 -Dexperiment.artifactDir=/Users/hadiranjbar/Downloads/java/token.usage/investigation/raw/v2/07/p1/3 -Dexperiment.reportDir=/Users/hadiranjbar/Downloads/java/token.usage/investigation/raw/v2/07/p1/3/reports -Dspring.output.ansi.enabled=never -Dspring.profiles.active=p1 surefire:test,filtered40,investigation/raw/v2/07/p1/3,investigation/extracted/v2/07/p1/3/filtered40.txt,deterministic console extraction (not automatically agent input),python investigation/scripts/analyze.py --batch v2,2,4,4,True,"{""body"": true, ""location"": true, ""request"": true, ""status"": true}",1419,26,394,tiktoken 0.14.0 o200k_base,True
07,p1,3,1,True,True,404 Not Found,mvn -o -B -ntp -Dmaven.repo.local=/Users/hadiranjbar/Downloads/java/token.usage/investigation/.m2 -Pinvestigation -Dtest=FailureCasesTest -Dexperiment.case=07 -Dexperiment.artifactDir=/Users/hadiranjbar/Downloads/java/token.usage/investigation/raw/v2/07/p1/3 -Dexperiment.reportDir=/Users/hadiranjbar/Downloads/java/token.usage/investigation/raw/v2/07/p1/3/reports -Dspring.output.ansi.enabled=never -Dspring.profiles.active=p1 surefire:test,boundary,investigation/raw/v2/07/p1/3,investigation/extracted/v2/07/p1/3/boundary.txt,deterministic console extraction (not automatically agent input),python investigation/scripts/analyze.py --batch v2,2,4,4,True,"{""body"": true, ""location"": true, ""request"": true, ""status"": true}",1991,20,420,tiktoken 0.14.0 o200k_base,True
07,p1,3,1,True,True,404 Not Found,mvn -o -B -ntp -Dmaven.repo.local=/Users/hadiranjbar/Downloads/java/token.usage/investigation/.m2 -Pinvestigation -Dtest=FailureCasesTest -Dexperiment.case=07 -Dexperiment.artifactDir=/Users/hadiranjbar/Downloads/java/token.usage/investigation/raw/v2/07/p1/3 -Dexperiment.reportDir=/Users/hadiranjbar/Downloads/java/token.usage/investigation/raw/v2/07/p1/3/reports -Dspring.output.ansi.enabled=never -Dspring.profiles.active=p1 surefire:test,dedup,investigation/raw/v2/07/p1/3,investigation/extracted/v2/07/p1/3/dedup.txt,deterministic console extraction (not automatically agent input),python investigation/scripts/analyze.py --batch v2,2,4,4,True,"{""body"": true, ""location"": true, ""request"": true, ""status"": true}",1991,20,420,tiktoken 0.14.0 o200k_base,True
07,p4,1,1,True,True,404 Not Found,"mvn -o -B -ntp -Dmaven.repo.local=/Users/hadiranjbar/Downloads/java/token.usage/investigation/.m2 -Pinvestigation,agent-reports -Dtest=FailureCasesTest -Dexperiment.case=07 -Dexperiment.artifactDir=/Users/hadiranjbar/Downloads/java/token.usage/investigation/raw/v2/07/p4/1 -Dexperiment.reportDir=/Users/hadiranjbar/Downloads/java/token.usage/investigation/raw/v2/07/p4/1/reports -Dspring.output.ansi.enabled=never surefire:test",complete,investigation/raw/v2/07/p4/1,investigation/extracted/v2/07/p4/1/complete.txt,deterministic console extraction (not automatically agent input),python investigation/scripts/analyze.py --batch v2,2,3,4,False,"{""body"": true, ""location"": false, ""request"": true, ""status"": true}",3349,60,961,tiktoken 0.14.0 o200k_base,True
07,p4,1,1,True,True,404 Not Found,"mvn -o -B -ntp -Dmaven.repo.local=/Users/hadiranjbar/Downloads/java/token.usage/investigation/.m2 -Pinvestigation,agent-reports -Dtest=FailureCasesTest -Dexperiment.case=07 -Dexperiment.artifactDir=/Users/hadiranjbar/Downloads/java/token.usage/investigation/raw/v2/07/p4/1 -Dexperiment.reportDir=/Users/hadiranjbar/Downloads/java/token.usage/investigation/raw/v2/07/p4/1/reports -Dspring.output.ansi.enabled=never surefire:test",window20,investigation/raw/v2/07/p4/1,investigation/extracted/v2/07/p4/1/window20.txt,deterministic console extraction (not automatically agent input),python investigation/scripts/analyze.py --batch v2,2,3,4,False,"{""body"": true, ""location"": false, ""request"": true, ""status"": true}",1099,20,293,tiktoken 0.14.0 o200k_base,True
07,p4,1,1,True,True,404 Not Found,"mvn -o -B -ntp -Dmaven.repo.local=/Users/hadiranjbar/Downloads/java/token.usage/investigation/.m2 -Pinvestigation,agent-reports -Dtest=FailureCasesTest -Dexperiment.case=07 -Dexperiment.artifactDir=/Users/hadiranjbar/Downloads/java/token.usage/investigation/raw/v2/07/p4/1 -Dexperiment.reportDir=/Users/hadiranjbar/Downloads/java/token.usage/investigation/raw/v2/07/p4/1/reports -Dspring.output.ansi.enabled=never surefire:test",filtered40,investigation/raw/v2/07/p4/1,investigation/extracted/v2/07/p4/1/filtered40.txt,deterministic console extraction (not automatically agent input),python investigation/scripts/analyze.py --batch v2,2,3,4,False,"{""body"": true, ""location"": false, ""request"": true, ""status"": true}",1718,30,465,tiktoken 0.14.0 o200k_base,True
07,p4,1,1,True,True,404 Not Found,"mvn -o -B -ntp -Dmaven.repo.local=/Users/hadiranjbar/Downloads/java/token.usage/investigation/.m2 -Pinvestigation,agent-reports -Dtest=FailureCasesTest -Dexperiment.case=07 -Dexperiment.artifactDir=/Users/hadiranjbar/Downloads/java/token.usage/investigation/raw/v2/07/p4/1 -Dexperiment.reportDir=/Users/hadiranjbar/Downloads/java/token.usage/investigation/raw/v2/07/p4/1/reports -Dspring.output.ansi.enabled=never surefire:test",boundary,investigation/raw/v2/07/p4/1,investigation/extracted/v2/07/p4/1/boundary.txt,deterministic console extraction (not automatically agent input),python investigation/scripts/analyze.py --batch v2,2,3,4,False,"{""body"": true, ""location"": false, ""request"": true, ""status"": true}",422,5,120,tiktoken 0.14.0 o200k_base,True
07,p4,1,1,True,True,404 Not Found,"mvn -o -B -ntp -Dmaven.repo.local=/Users/hadiranjbar/Downloads/java/token.usage/investigation/.m2 -Pinvestigation,agent-reports -Dtest=FailureCasesTest -Dexperiment.case=07 -Dexperiment.artifactDir=/Users/hadiranjbar/Downloads/java/token.usage/investigation/raw/v2/07/p4/1 -Dexperiment.reportDir=/Users/hadiranjbar/Downloads/java/token.usage/investigation/raw/v2/07/p4/1/reports -Dspring.output.ansi.enabled=never surefire:test",dedup,investigation/raw/v2/07/p4/1,investigation/extracted/v2/07/p4/1/dedup.txt,deterministic console extraction (not automatically agent input),python investigation/scripts/analyze.py --batch v2,2,3,4,False,"{""body"": true, ""location"": false, ""request"": true, ""status"": true}",422,5,120,tiktoken 0.14.0 o200k_base,True
07,p4,2,1,True,True,404 Not Found,"mvn -o -B -ntp -Dmaven.repo.local=/Users/hadiranjbar/Downloads/java/token.usage/investigation/.m2 -Pinvestigation,agent-reports -Dtest=FailureCasesTest -Dexperiment.case=07 -Dexperiment.artifactDir=/Users/hadiranjbar/Downloads/java/token.usage/investigation/raw/v2/07/p4/2 -Dexperiment.reportDir=/Users/hadiranjbar/Downloads/java/token.usage/investigation/raw/v2/07/p4/2/reports -Dspring.output.ansi.enabled=never surefire:test",complete,investigation/raw/v2/07/p4/2,investigation/extracted/v2/07/p4/2/complete.txt,deterministic console extraction (not automatically agent input),python investigation/scripts/analyze.py --batch v2,2,3,4,False,"{""body"": true, ""location"": false, ""request"": true, ""status"": true}",3349,60,961,tiktoken 0.14.0 o200k_base,True
07,p4,2,1,True,True,404 Not Found,"mvn -o -B -ntp -Dmaven.repo.local=/Users/hadiranjbar/Downloads/java/token.usage/investigation/.m2 -Pinvestigation,agent-reports -Dtest=FailureCasesTest -Dexperiment.case=07 -Dexperiment.artifactDir=/Users/hadiranjbar/Downloads/java/token.usage/investigation/raw/v2/07/p4/2 -Dexperiment.reportDir=/Users/hadiranjbar/Downloads/java/token.usage/investigation/raw/v2/07/p4/2/reports -Dspring.output.ansi.enabled=never surefire:test",window20,investigation/raw/v2/07/p4/2,investigation/extracted/v2/07/p4/2/window20.txt,deterministic console extraction (not automatically agent input),python investigation/scripts/analyze.py --batch v2,2,3,4,False,"{""body"": true, ""location"": false, ""request"": true, ""status"": true}",1099,20,293,tiktoken 0.14.0 o200k_base,True
07,p4,2,1,True,True,404 Not Found,"mvn -o -B -ntp -Dmaven.repo.local=/Users/hadiranjbar/Downloads/java/token.usage/investigation/.m2 -Pinvestigation,agent-reports -Dtest=FailureCasesTest -Dexperiment.case=07 -Dexperiment.artifactDir=/Users/hadiranjbar/Downloads/java/token.usage/investigation/raw/v2/07/p4/2 -Dexperiment.reportDir=/Users/hadiranjbar/Downloads/java/token.usage/investigation/raw/v2/07/p4/2/reports -Dspring.output.ansi.enabled=never surefire:test",filtered40,investigation/raw/v2/07/p4/2,investigation/extracted/v2/07/p4/2/filtered40.txt,deterministic console extraction (not automatically agent input),python investigation/scripts/analyze.py --batch v2,2,3,4,False,"{""body"": true, ""location"": false, ""request"": true, ""status"": true}",1718,30,465,tiktoken 0.14.0 o200k_base,True
07,p4,2,1,True,True,404 Not Found,"mvn -o -B -ntp -Dmaven.repo.local=/Users/hadiranjbar/Downloads/java/token.usage/investigation/.m2 -Pinvestigation,agent-reports -Dtest=FailureCasesTest -Dexperiment.case=07 -Dexperiment.artifactDir=/Users/hadiranjbar/Downloads/java/token.usage/investigation/raw/v2/07/p4/2 -Dexperiment.reportDir=/Users/hadiranjbar/Downloads/java/token.usage/investigation/raw/v2/07/p4/2/reports -Dspring.output.ansi.enabled=never surefire:test",boundary,investigation/raw/v2/07/p4/2,investigation/extracted/v2/07/p4/2/boundary.txt,deterministic console extraction (not automatically agent input),python investigation/scripts/analyze.py --batch v2,2,3,4,False,"{""body"": true, ""location"": false, ""request"": true, ""status"": true}",422,5,120,tiktoken 0.14.0 o200k_base,True
07,p4,2,1,True,True,404 Not Found,"mvn -o -B -ntp -Dmaven.repo.local=/Users/hadiranjbar/Downloads/java/token.usage/investigation/.m2 -Pinvestigation,agent-reports -Dtest=FailureCasesTest -Dexperiment.case=07 -Dexperiment.artifactDir=/Users/hadiranjbar/Downloads/java/token.usage/investigation/raw/v2/07/p4/2 -Dexperiment.reportDir=/Users/hadiranjbar/Downloads/java/token.usage/investigation/raw/v2/07/p4/2/reports -Dspring.output.ansi.enabled=never surefire:test",dedup,investigation/raw/v2/07/p4/2,investigation/extracted/v2/07/p4/2/dedup.txt,deterministic console extraction (not automatically agent input),python investigation/scripts/analyze.py --batch v2,2,3,4,False,"{""body"": true, ""location"": false, ""request"": true, ""status"": true}",422,5,120,tiktoken 0.14.0 o200k_base,True
07,p4,3,1,True,True,404 Not Found,"mvn -o -B -ntp -Dmaven.repo.local=/Users/hadiranjbar/Downloads/java/token.usage/investigation/.m2 -Pinvestigation,agent-reports -Dtest=FailureCasesTest -Dexperiment.case=07 -Dexperiment.artifactDir=/Users/hadiranjbar/Downloads/java/token.usage/investigation/raw/v2/07/p4/3 -Dexperiment.reportDir=/Users/hadiranjbar/Downloads/java/token.usage/investigation/raw/v2/07/p4/3/reports -Dspring.output.ansi.enabled=never surefire:test",complete,investigation/raw/v2/07/p4/3,investigation/extracted/v2/07/p4/3/complete.txt,deterministic console extraction (not automatically agent input),python investigation/scripts/analyze.py --batch v2,2,3,4,False,"{""body"": true, ""location"": false, ""request"": true, ""status"": true}",3349,60,961,tiktoken 0.14.0 o200k_base,True
07,p4,3,1,True,True,404 Not Found,"mvn -o -B -ntp -Dmaven.repo.local=/Users/hadiranjbar/Downloads/java/token.usage/investigation/.m2 -Pinvestigation,agent-reports -Dtest=FailureCasesTest -Dexperiment.case=07 -Dexperiment.artifactDir=/Users/hadiranjbar/Downloads/java/token.usage/investigation/raw/v2/07/p4/3 -Dexperiment.reportDir=/Users/hadiranjbar/Downloads/java/token.usage/investigation/raw/v2/07/p4/3/reports -Dspring.output.ansi.enabled=never surefire:test",window20,investigation/raw/v2/07/p4/3,investigation/extracted/v2/07/p4/3/window20.txt,deterministic console extraction (not automatically agent input),python investigation/scripts/analyze.py --batch v2,2,3,4,False,"{""body"": true, ""location"": false, ""request"": true, ""status"": true}",1099,20,293,tiktoken 0.14.0 o200k_base,True
07,p4,3,1,True,True,404 Not Found,"mvn -o -B -ntp -Dmaven.repo.local=/Users/hadiranjbar/Downloads/java/token.usage/investigation/.m2 -Pinvestigation,agent-reports -Dtest=FailureCasesTest -Dexperiment.case=07 -Dexperiment.artifactDir=/Users/hadiranjbar/Downloads/java/token.usage/investigation/raw/v2/07/p4/3 -Dexperiment.reportDir=/Users/hadiranjbar/Downloads/java/token.usage/investigation/raw/v2/07/p4/3/reports -Dspring.output.ansi.enabled=never surefire:test",filtered40,investigation/raw/v2/07/p4/3,investigation/extracted/v2/07/p4/3/filtered40.txt,deterministic console extraction (not automatically agent input),python investigation/scripts/analyze.py --batch v2,2,3,4,False,"{""body"": true, ""location"": false, ""request"": true, ""status"": true}",1718,30,465,tiktoken 0.14.0 o200k_base,True
07,p4,3,1,True,True,404 Not Found,"mvn -o -B -ntp -Dmaven.repo.local=/Users/hadiranjbar/Downloads/java/token.usage/investigation/.m2 -Pinvestigation,agent-reports -Dtest=FailureCasesTest -Dexperiment.case=07 -Dexperiment.artifactDir=/Users/hadiranjbar/Downloads/java/token.usage/investigation/raw/v2/07/p4/3 -Dexperiment.reportDir=/Users/hadiranjbar/Downloads/java/token.usage/investigation/raw/v2/07/p4/3/reports -Dspring.output.ansi.enabled=never surefire:test",boundary,investigation/raw/v2/07/p4/3,investigation/extracted/v2/07/p4/3/boundary.txt,deterministic console extraction (not automatically agent input),python investigation/scripts/analyze.py --batch v2,2,3,4,False,"{""body"": true, ""location"": false, ""request"": true, ""status"": true}",422,5,120,tiktoken 0.14.0 o200k_base,True
07,p4,3,1,True,True,404 Not Found,"mvn -o -B -ntp -Dmaven.repo.local=/Users/hadiranjbar/Downloads/java/token.usage/investigation/.m2 -Pinvestigation,agent-reports -Dtest=FailureCasesTest -Dexperiment.case=07 -Dexperiment.artifactDir=/Users/hadiranjbar/Downloads/java/token.usage/investigation/raw/v2/07/p4/3 -Dexperiment.reportDir=/Users/hadiranjbar/Downloads/java/token.usage/investigation/raw/v2/07/p4/3/reports -Dspring.output.ansi.enabled=never surefire:test",dedup,investigation/raw/v2/07/p4/3,investigation/extracted/v2/07/p4/3/dedup.txt,deterministic console extraction (not automatically agent input),python investigation/scripts/analyze.py --batch v2,2,3,4,False,"{""body"": true, ""location"": false, ""request"": true, ""status"": true}",422,5,120,tiktoken 0.14.0 o200k_base,True
08,agent,1,1,True,True,java.util.concurrent.ExecutionException,"mvn -o -B -ntp -Dmaven.repo.local=/Users/hadiranjbar/Downloads/java/token.usage/investigation/.m2 -Pinvestigation,agent-reports -Dtest=FailureCasesTest -Dexperiment.case=08 -Dexperiment.artifactDir=/Users/hadiranjbar/Downloads/java/token.usage/investigation/raw/v2/08/agent/1 -Dexperiment.reportDir=/Users/hadiranjbar/Downloads/java/token.usage/investigation/raw/v2/08/agent/1/reports -Dspring.output.ansi.enabled=never -Dspring.profiles.active=agent -Dexperiment.deduplicate=true surefire:test",complete,investigation/raw/v2/08/agent/1,investigation/extracted/v2/08/agent/1/complete.txt,deterministic console extraction (not automatically agent input),python investigation/scripts/analyze.py --batch v2,3,5,5,True,"{""location"": true, ""request"": true, ""root"": true, ""worker"": true, ""wrapper"": true}",4400,73,1261,tiktoken 0.14.0 o200k_base,True
08,agent,1,1,True,True,java.util.concurrent.ExecutionException,"mvn -o -B -ntp -Dmaven.repo.local=/Users/hadiranjbar/Downloads/java/token.usage/investigation/.m2 -Pinvestigation,agent-reports -Dtest=FailureCasesTest -Dexperiment.case=08 -Dexperiment.artifactDir=/Users/hadiranjbar/Downloads/java/token.usage/investigation/raw/v2/08/agent/1 -Dexperiment.reportDir=/Users/hadiranjbar/Downloads/java/token.usage/investigation/raw/v2/08/agent/1/reports -Dspring.output.ansi.enabled=never -Dspring.profiles.active=agent -Dexperiment.deduplicate=true surefire:test",window20,investigation/raw/v2/08/agent/1,investigation/extracted/v2/08/agent/1/window20.txt,deterministic console extraction (not automatically agent input),python investigation/scripts/analyze.py --batch v2,3,5,5,True,"{""location"": true, ""request"": true, ""root"": true, ""worker"": true, ""wrapper"": true}",1334,20,362,tiktoken 0.14.0 o200k_base,True
08,agent,1,1,True,True,java.util.concurrent.ExecutionException,"mvn -o -B -ntp -Dmaven.repo.local=/Users/hadiranjbar/Downloads/java/token.usage/investigation/.m2 -Pinvestigation,agent-reports -Dtest=FailureCasesTest -Dexperiment.case=08 -Dexperiment.artifactDir=/Users/hadiranjbar/Downloads/java/token.usage/investigation/raw/v2/08/agent/1 -Dexperiment.reportDir=/Users/hadiranjbar/Downloads/java/token.usage/investigation/raw/v2/08/agent/1/reports -Dspring.output.ansi.enabled=never -Dspring.profiles.active=agent -Dexperiment.deduplicate=true surefire:test",filtered40,investigation/raw/v2/08/agent/1,investigation/extracted/v2/08/agent/1/filtered40.txt,deterministic console extraction (not automatically agent input),python investigation/scripts/analyze.py --batch v2,3,5,5,True,"{""location"": true, ""request"": true, ""root"": true, ""worker"": true, ""wrapper"": true}",1784,33,484,tiktoken 0.14.0 o200k_base,True
08,agent,1,1,True,True,java.util.concurrent.ExecutionException,"mvn -o -B -ntp -Dmaven.repo.local=/Users/hadiranjbar/Downloads/java/token.usage/investigation/.m2 -Pinvestigation,agent-reports -Dtest=FailureCasesTest -Dexperiment.case=08 -Dexperiment.artifactDir=/Users/hadiranjbar/Downloads/java/token.usage/investigation/raw/v2/08/agent/1 -Dexperiment.reportDir=/Users/hadiranjbar/Downloads/java/token.usage/investigation/raw/v2/08/agent/1/reports -Dspring.output.ansi.enabled=never -Dspring.profiles.active=agent -Dexperiment.deduplicate=true surefire:test",boundary,investigation/raw/v2/08/agent/1,investigation/extracted/v2/08/agent/1/boundary.txt,deterministic console extraction (not automatically agent input),python investigation/scripts/analyze.py --batch v2,3,5,5,True,"{""location"": true, ""request"": true, ""root"": true, ""worker"": true, ""wrapper"": true}",1326,19,358,tiktoken 0.14.0 o200k_base,True
08,agent,1,1,True,True,java.util.concurrent.ExecutionException,"mvn -o -B -ntp -Dmaven.repo.local=/Users/hadiranjbar/Downloads/java/token.usage/investigation/.m2 -Pinvestigation,agent-reports -Dtest=FailureCasesTest -Dexperiment.case=08 -Dexperiment.artifactDir=/Users/hadiranjbar/Downloads/java/token.usage/investigation/raw/v2/08/agent/1 -Dexperiment.reportDir=/Users/hadiranjbar/Downloads/java/token.usage/investigation/raw/v2/08/agent/1/reports -Dspring.output.ansi.enabled=never -Dspring.profiles.active=agent -Dexperiment.deduplicate=true surefire:test",dedup,investigation/raw/v2/08/agent/1,investigation/extracted/v2/08/agent/1/dedup.txt,deterministic console extraction (not automatically agent input),python investigation/scripts/analyze.py --batch v2,3,5,5,True,"{""location"": true, ""request"": true, ""root"": true, ""worker"": true, ""wrapper"": true}",1326,19,358,tiktoken 0.14.0 o200k_base,True
08,agent,2,1,True,True,java.util.concurrent.ExecutionException,"mvn -o -B -ntp -Dmaven.repo.local=/Users/hadiranjbar/Downloads/java/token.usage/investigation/.m2 -Pinvestigation,agent-reports -Dtest=FailureCasesTest -Dexperiment.case=08 -Dexperiment.artifactDir=/Users/hadiranjbar/Downloads/java/token.usage/investigation/raw/v2/08/agent/2 -Dexperiment.reportDir=/Users/hadiranjbar/Downloads/java/token.usage/investigation/raw/v2/08/agent/2/reports -Dspring.output.ansi.enabled=never -Dspring.profiles.active=agent -Dexperiment.deduplicate=true surefire:test",complete,investigation/raw/v2/08/agent/2,investigation/extracted/v2/08/agent/2/complete.txt,deterministic console extraction (not automatically agent input),python investigation/scripts/analyze.py --batch v2,3,5,5,True,"{""location"": true, ""request"": true, ""root"": true, ""worker"": true, ""wrapper"": true}",4400,73,1261,tiktoken 0.14.0 o200k_base,True
08,agent,2,1,True,True,java.util.concurrent.ExecutionException,"mvn -o -B -ntp -Dmaven.repo.local=/Users/hadiranjbar/Downloads/java/token.usage/investigation/.m2 -Pinvestigation,agent-reports -Dtest=FailureCasesTest -Dexperiment.case=08 -Dexperiment.artifactDir=/Users/hadiranjbar/Downloads/java/token.usage/investigation/raw/v2/08/agent/2 -Dexperiment.reportDir=/Users/hadiranjbar/Downloads/java/token.usage/investigation/raw/v2/08/agent/2/reports -Dspring.output.ansi.enabled=never -Dspring.profiles.active=agent -Dexperiment.deduplicate=true surefire:test",window20,investigation/raw/v2/08/agent/2,investigation/extracted/v2/08/agent/2/window20.txt,deterministic console extraction (not automatically agent input),python investigation/scripts/analyze.py --batch v2,3,5,5,True,"{""location"": true, ""request"": true, ""root"": true, ""worker"": true, ""wrapper"": true}",1334,20,362,tiktoken 0.14.0 o200k_base,True
08,agent,2,1,True,True,java.util.concurrent.ExecutionException,"mvn -o -B -ntp -Dmaven.repo.local=/Users/hadiranjbar/Downloads/java/token.usage/investigation/.m2 -Pinvestigation,agent-reports -Dtest=FailureCasesTest -Dexperiment.case=08 -Dexperiment.artifactDir=/Users/hadiranjbar/Downloads/java/token.usage/investigation/raw/v2/08/agent/2 -Dexperiment.reportDir=/Users/hadiranjbar/Downloads/java/token.usage/investigation/raw/v2/08/agent/2/reports -Dspring.output.ansi.enabled=never -Dspring.profiles.active=agent -Dexperiment.deduplicate=true surefire:test",filtered40,investigation/raw/v2/08/agent/2,investigation/extracted/v2/08/agent/2/filtered40.txt,deterministic console extraction (not automatically agent input),python investigation/scripts/analyze.py --batch v2,3,5,5,True,"{""location"": true, ""request"": true, ""root"": true, ""worker"": true, ""wrapper"": true}",1784,33,484,tiktoken 0.14.0 o200k_base,True
08,agent,2,1,True,True,java.util.concurrent.ExecutionException,"mvn -o -B -ntp -Dmaven.repo.local=/Users/hadiranjbar/Downloads/java/token.usage/investigation/.m2 -Pinvestigation,agent-reports -Dtest=FailureCasesTest -Dexperiment.case=08 -Dexperiment.artifactDir=/Users/hadiranjbar/Downloads/java/token.usage/investigation/raw/v2/08/agent/2 -Dexperiment.reportDir=/Users/hadiranjbar/Downloads/java/token.usage/investigation/raw/v2/08/agent/2/reports -Dspring.output.ansi.enabled=never -Dspring.profiles.active=agent -Dexperiment.deduplicate=true surefire:test",boundary,investigation/raw/v2/08/agent/2,investigation/extracted/v2/08/agent/2/boundary.txt,deterministic console extraction (not automatically agent input),python investigation/scripts/analyze.py --batch v2,3,5,5,True,"{""location"": true, ""request"": true, ""root"": true, ""worker"": true, ""wrapper"": true}",1326,19,358,tiktoken 0.14.0 o200k_base,True
08,agent,2,1,True,True,java.util.concurrent.ExecutionException,"mvn -o -B -ntp -Dmaven.repo.local=/Users/hadiranjbar/Downloads/java/token.usage/investigation/.m2 -Pinvestigation,agent-reports -Dtest=FailureCasesTest -Dexperiment.case=08 -Dexperiment.artifactDir=/Users/hadiranjbar/Downloads/java/token.usage/investigation/raw/v2/08/agent/2 -Dexperiment.reportDir=/Users/hadiranjbar/Downloads/java/token.usage/investigation/raw/v2/08/agent/2/reports -Dspring.output.ansi.enabled=never -Dspring.profiles.active=agent -Dexperiment.deduplicate=true surefire:test",dedup,investigation/raw/v2/08/agent/2,investigation/extracted/v2/08/agent/2/dedup.txt,deterministic console extraction (not automatically agent input),python investigation/scripts/analyze.py --batch v2,3,5,5,True,"{""location"": true, ""request"": true, ""root"": true, ""worker"": true, ""wrapper"": true}",1326,19,358,tiktoken 0.14.0 o200k_base,True
08,agent,3,1,True,True,java.util.concurrent.ExecutionException,"mvn -o -B -ntp -Dmaven.repo.local=/Users/hadiranjbar/Downloads/java/token.usage/investigation/.m2 -Pinvestigation,agent-reports -Dtest=FailureCasesTest -Dexperiment.case=08 -Dexperiment.artifactDir=/Users/hadiranjbar/Downloads/java/token.usage/investigation/raw/v2/08/agent/3 -Dexperiment.reportDir=/Users/hadiranjbar/Downloads/java/token.usage/investigation/raw/v2/08/agent/3/reports -Dspring.output.ansi.enabled=never -Dspring.profiles.active=agent -Dexperiment.deduplicate=true surefire:test",complete,investigation/raw/v2/08/agent/3,investigation/extracted/v2/08/agent/3/complete.txt,deterministic console extraction (not automatically agent input),python investigation/scripts/analyze.py --batch v2,3,5,5,True,"{""location"": true, ""request"": true, ""root"": true, ""worker"": true, ""wrapper"": true}",4400,73,1261,tiktoken 0.14.0 o200k_base,True
08,agent,3,1,True,True,java.util.concurrent.ExecutionException,"mvn -o -B -ntp -Dmaven.repo.local=/Users/hadiranjbar/Downloads/java/token.usage/investigation/.m2 -Pinvestigation,agent-reports -Dtest=FailureCasesTest -Dexperiment.case=08 -Dexperiment.artifactDir=/Users/hadiranjbar/Downloads/java/token.usage/investigation/raw/v2/08/agent/3 -Dexperiment.reportDir=/Users/hadiranjbar/Downloads/java/token.usage/investigation/raw/v2/08/agent/3/reports -Dspring.output.ansi.enabled=never -Dspring.profiles.active=agent -Dexperiment.deduplicate=true surefire:test",window20,investigation/raw/v2/08/agent/3,investigation/extracted/v2/08/agent/3/window20.txt,deterministic console extraction (not automatically agent input),python investigation/scripts/analyze.py --batch v2,3,5,5,True,"{""location"": true, ""request"": true, ""root"": true, ""worker"": true, ""wrapper"": true}",1334,20,362,tiktoken 0.14.0 o200k_base,True
08,agent,3,1,True,True,java.util.concurrent.ExecutionException,"mvn -o -B -ntp -Dmaven.repo.local=/Users/hadiranjbar/Downloads/java/token.usage/investigation/.m2 -Pinvestigation,agent-reports -Dtest=FailureCasesTest -Dexperiment.case=08 -Dexperiment.artifactDir=/Users/hadiranjbar/Downloads/java/token.usage/investigation/raw/v2/08/agent/3 -Dexperiment.reportDir=/Users/hadiranjbar/Downloads/java/token.usage/investigation/raw/v2/08/agent/3/reports -Dspring.output.ansi.enabled=never -Dspring.profiles.active=agent -Dexperiment.deduplicate=true surefire:test",filtered40,investigation/raw/v2/08/agent/3,investigation/extracted/v2/08/agent/3/filtered40.txt,deterministic console extraction (not automatically agent input),python investigation/scripts/analyze.py --batch v2,3,5,5,True,"{""location"": true, ""request"": true, ""root"": true, ""worker"": true, ""wrapper"": true}",1784,33,484,tiktoken 0.14.0 o200k_base,True
08,agent,3,1,True,True,java.util.concurrent.ExecutionException,"mvn -o -B -ntp -Dmaven.repo.local=/Users/hadiranjbar/Downloads/java/token.usage/investigation/.m2 -Pinvestigation,agent-reports -Dtest=FailureCasesTest -Dexperiment.case=08 -Dexperiment.artifactDir=/Users/hadiranjbar/Downloads/java/token.usage/investigation/raw/v2/08/agent/3 -Dexperiment.reportDir=/Users/hadiranjbar/Downloads/java/token.usage/investigation/raw/v2/08/agent/3/reports -Dspring.output.ansi.enabled=never -Dspring.profiles.active=agent -Dexperiment.deduplicate=true surefire:test",boundary,investigation/raw/v2/08/agent/3,investigation/extracted/v2/08/agent/3/boundary.txt,deterministic console extraction (not automatically agent input),python investigation/scripts/analyze.py --batch v2,3,5,5,True,"{""location"": true, ""request"": true, ""root"": true, ""worker"": true, ""wrapper"": true}",1326,19,358,tiktoken 0.14.0 o200k_base,True
08,agent,3,1,True,True,java.util.concurrent.ExecutionException,"mvn -o -B -ntp -Dmaven.repo.local=/Users/hadiranjbar/Downloads/java/token.usage/investigation/.m2 -Pinvestigation,agent-reports -Dtest=FailureCasesTest -Dexperiment.case=08 -Dexperiment.artifactDir=/Users/hadiranjbar/Downloads/java/token.usage/investigation/raw/v2/08/agent/3 -Dexperiment.reportDir=/Users/hadiranjbar/Downloads/java/token.usage/investigation/raw/v2/08/agent/3/reports -Dspring.output.ansi.enabled=never -Dspring.profiles.active=agent -Dexperiment.deduplicate=true surefire:test",dedup,investigation/raw/v2/08/agent/3,investigation/extracted/v2/08/agent/3/dedup.txt,deterministic console extraction (not automatically agent input),python investigation/scripts/analyze.py --batch v2,3,5,5,True,"{""location"": true, ""request"": true, ""root"": true, ""worker"": true, ""wrapper"": true}",1326,19,358,tiktoken 0.14.0 o200k_base,True
08,default,1,1,True,True,java.util.concurrent.ExecutionException,mvn -o -B -ntp -Dmaven.repo.local=/Users/hadiranjbar/Downloads/java/token.usage/investigation/.m2 -Pinvestigation -Dtest=FailureCasesTest -Dexperiment.case=08 -Dexperiment.artifactDir=/Users/hadiranjbar/Downloads/java/token.usage/investigation/raw/v2/08/default/1 -Dexperiment.reportDir=/Users/hadiranjbar/Downloads/java/token.usage/investigation/raw/v2/08/default/1/reports -Dspring.output.ansi.enabled=never surefire:test,complete,investigation/raw/v2/08/default/1,investigation/extracted/v2/08/default/1/complete.txt,deterministic console extraction (not automatically agent input),python investigation/scripts/analyze.py --batch v2,3,4,5,False,"{""location"": true, ""request"": true, ""root"": true, ""worker"": false, ""wrapper"": true}",5107,84,1393,tiktoken 0.14.0 o200k_base,True
08,default,1,1,True,True,java.util.concurrent.ExecutionException,mvn -o -B -ntp -Dmaven.repo.local=/Users/hadiranjbar/Downloads/java/token.usage/investigation/.m2 -Pinvestigation -Dtest=FailureCasesTest -Dexperiment.case=08 -Dexperiment.artifactDir=/Users/hadiranjbar/Downloads/java/token.usage/investigation/raw/v2/08/default/1 -Dexperiment.reportDir=/Users/hadiranjbar/Downloads/java/token.usage/investigation/raw/v2/08/default/1/reports -Dspring.output.ansi.enabled=never surefire:test,window20,investigation/raw/v2/08/default/1,investigation/extracted/v2/08/default/1/window20.txt,deterministic console extraction (not automatically agent input),python investigation/scripts/analyze.py --batch v2,3,4,5,False,"{""location"": true, ""request"": true, ""root"": true, ""worker"": false, ""wrapper"": true}",1511,20,411,tiktoken 0.14.0 o200k_base,True
08,default,1,1,True,True,java.util.concurrent.ExecutionException,mvn -o -B -ntp -Dmaven.repo.local=/Users/hadiranjbar/Downloads/java/token.usage/investigation/.m2 -Pinvestigation -Dtest=FailureCasesTest -Dexperiment.case=08 -Dexperiment.artifactDir=/Users/hadiranjbar/Downloads/java/token.usage/investigation/raw/v2/08/default/1 -Dexperiment.reportDir=/Users/hadiranjbar/Downloads/java/token.usage/investigation/raw/v2/08/default/1/reports -Dspring.output.ansi.enabled=never surefire:test,filtered40,investigation/raw/v2/08/default/1,investigation/extracted/v2/08/default/1/filtered40.txt,deterministic console extraction (not automatically agent input),python investigation/scripts/analyze.py --batch v2,3,4,5,False,"{""location"": true, ""request"": true, ""root"": true, ""worker"": false, ""wrapper"": true}",1250,24,353,tiktoken 0.14.0 o200k_base,True
08,default,1,1,True,True,java.util.concurrent.ExecutionException,mvn -o -B -ntp -Dmaven.repo.local=/Users/hadiranjbar/Downloads/java/token.usage/investigation/.m2 -Pinvestigation -Dtest=FailureCasesTest -Dexperiment.case=08 -Dexperiment.artifactDir=/Users/hadiranjbar/Downloads/java/token.usage/investigation/raw/v2/08/default/1 -Dexperiment.reportDir=/Users/hadiranjbar/Downloads/java/token.usage/investigation/raw/v2/08/default/1/reports -Dspring.output.ansi.enabled=never surefire:test,boundary,investigation/raw/v2/08/default/1,investigation/extracted/v2/08/default/1/boundary.txt,deterministic console extraction (not automatically agent input),python investigation/scripts/analyze.py --batch v2,3,4,5,False,"{""location"": true, ""request"": true, ""root"": true, ""worker"": false, ""wrapper"": true}",2170,30,559,tiktoken 0.14.0 o200k_base,True
08,default,1,1,True,True,java.util.concurrent.ExecutionException,mvn -o -B -ntp -Dmaven.repo.local=/Users/hadiranjbar/Downloads/java/token.usage/investigation/.m2 -Pinvestigation -Dtest=FailureCasesTest -Dexperiment.case=08 -Dexperiment.artifactDir=/Users/hadiranjbar/Downloads/java/token.usage/investigation/raw/v2/08/default/1 -Dexperiment.reportDir=/Users/hadiranjbar/Downloads/java/token.usage/investigation/raw/v2/08/default/1/reports -Dspring.output.ansi.enabled=never surefire:test,dedup,investigation/raw/v2/08/default/1,investigation/extracted/v2/08/default/1/dedup.txt,deterministic console extraction (not automatically agent input),python investigation/scripts/analyze.py --batch v2,3,4,5,False,"{""location"": true, ""request"": true, ""root"": true, ""worker"": false, ""wrapper"": true}",2170,30,559,tiktoken 0.14.0 o200k_base,True
08,default,2,1,True,True,java.util.concurrent.ExecutionException,mvn -o -B -ntp -Dmaven.repo.local=/Users/hadiranjbar/Downloads/java/token.usage/investigation/.m2 -Pinvestigation -Dtest=FailureCasesTest -Dexperiment.case=08 -Dexperiment.artifactDir=/Users/hadiranjbar/Downloads/java/token.usage/investigation/raw/v2/08/default/2 -Dexperiment.reportDir=/Users/hadiranjbar/Downloads/java/token.usage/investigation/raw/v2/08/default/2/reports -Dspring.output.ansi.enabled=never surefire:test,complete,investigation/raw/v2/08/default/2,investigation/extracted/v2/08/default/2/complete.txt,deterministic console extraction (not automatically agent input),python investigation/scripts/analyze.py --batch v2,3,4,5,False,"{""location"": true, ""request"": true, ""root"": true, ""worker"": false, ""wrapper"": true}",5106,84,1393,tiktoken 0.14.0 o200k_base,True
08,default,2,1,True,True,java.util.concurrent.ExecutionException,mvn -o -B -ntp -Dmaven.repo.local=/Users/hadiranjbar/Downloads/java/token.usage/investigation/.m2 -Pinvestigation -Dtest=FailureCasesTest -Dexperiment.case=08 -Dexperiment.artifactDir=/Users/hadiranjbar/Downloads/java/token.usage/investigation/raw/v2/08/default/2 -Dexperiment.reportDir=/Users/hadiranjbar/Downloads/java/token.usage/investigation/raw/v2/08/default/2/reports -Dspring.output.ansi.enabled=never surefire:test,window20,investigation/raw/v2/08/default/2,investigation/extracted/v2/08/default/2/window20.txt,deterministic console extraction (not automatically agent input),python investigation/scripts/analyze.py --batch v2,3,4,5,False,"{""location"": true, ""request"": true, ""root"": true, ""worker"": false, ""wrapper"": true}",1511,20,411,tiktoken 0.14.0 o200k_base,True
08,default,2,1,True,True,java.util.concurrent.ExecutionException,mvn -o -B -ntp -Dmaven.repo.local=/Users/hadiranjbar/Downloads/java/token.usage/investigation/.m2 -Pinvestigation -Dtest=FailureCasesTest -Dexperiment.case=08 -Dexperiment.artifactDir=/Users/hadiranjbar/Downloads/java/token.usage/investigation/raw/v2/08/default/2 -Dexperiment.reportDir=/Users/hadiranjbar/Downloads/java/token.usage/investigation/raw/v2/08/default/2/reports -Dspring.output.ansi.enabled=never surefire:test,filtered40,investigation/raw/v2/08/default/2,investigation/extracted/v2/08/default/2/filtered40.txt,deterministic console extraction (not automatically agent input),python investigation/scripts/analyze.py --batch v2,3,4,5,False,"{""location"": true, ""request"": true, ""root"": true, ""worker"": false, ""wrapper"": true}",1250,24,353,tiktoken 0.14.0 o200k_base,True
08,default,2,1,True,True,java.util.concurrent.ExecutionException,mvn -o -B -ntp -Dmaven.repo.local=/Users/hadiranjbar/Downloads/java/token.usage/investigation/.m2 -Pinvestigation -Dtest=FailureCasesTest -Dexperiment.case=08 -Dexperiment.artifactDir=/Users/hadiranjbar/Downloads/java/token.usage/investigation/raw/v2/08/default/2 -Dexperiment.reportDir=/Users/hadiranjbar/Downloads/java/token.usage/investigation/raw/v2/08/default/2/reports -Dspring.output.ansi.enabled=never surefire:test,boundary,investigation/raw/v2/08/default/2,investigation/extracted/v2/08/default/2/boundary.txt,deterministic console extraction (not automatically agent input),python investigation/scripts/analyze.py --batch v2,3,4,5,False,"{""location"": true, ""request"": true, ""root"": true, ""worker"": false, ""wrapper"": true}",2170,30,559,tiktoken 0.14.0 o200k_base,True
08,default,2,1,True,True,java.util.concurrent.ExecutionException,mvn -o -B -ntp -Dmaven.repo.local=/Users/hadiranjbar/Downloads/java/token.usage/investigation/.m2 -Pinvestigation -Dtest=FailureCasesTest -Dexperiment.case=08 -Dexperiment.artifactDir=/Users/hadiranjbar/Downloads/java/token.usage/investigation/raw/v2/08/default/2 -Dexperiment.reportDir=/Users/hadiranjbar/Downloads/java/token.usage/investigation/raw/v2/08/default/2/reports -Dspring.output.ansi.enabled=never surefire:test,dedup,investigation/raw/v2/08/default/2,investigation/extracted/v2/08/default/2/dedup.txt,deterministic console extraction (not automatically agent input),python investigation/scripts/analyze.py --batch v2,3,4,5,False,"{""location"": true, ""request"": true, ""root"": true, ""worker"": false, ""wrapper"": true}",2170,30,559,tiktoken 0.14.0 o200k_base,True
08,default,3,1,True,True,java.util.concurrent.ExecutionException,mvn -o -B -ntp -Dmaven.repo.local=/Users/hadiranjbar/Downloads/java/token.usage/investigation/.m2 -Pinvestigation -Dtest=FailureCasesTest -Dexperiment.case=08 -Dexperiment.artifactDir=/Users/hadiranjbar/Downloads/java/token.usage/investigation/raw/v2/08/default/3 -Dexperiment.reportDir=/Users/hadiranjbar/Downloads/java/token.usage/investigation/raw/v2/08/default/3/reports -Dspring.output.ansi.enabled=never surefire:test,complete,investigation/raw/v2/08/default/3,investigation/extracted/v2/08/default/3/complete.txt,deterministic console extraction (not automatically agent input),python investigation/scripts/analyze.py --batch v2,3,4,5,False,"{""location"": true, ""request"": true, ""root"": true, ""worker"": false, ""wrapper"": true}",5106,84,1393,tiktoken 0.14.0 o200k_base,True
08,default,3,1,True,True,java.util.concurrent.ExecutionException,mvn -o -B -ntp -Dmaven.repo.local=/Users/hadiranjbar/Downloads/java/token.usage/investigation/.m2 -Pinvestigation -Dtest=FailureCasesTest -Dexperiment.case=08 -Dexperiment.artifactDir=/Users/hadiranjbar/Downloads/java/token.usage/investigation/raw/v2/08/default/3 -Dexperiment.reportDir=/Users/hadiranjbar/Downloads/java/token.usage/investigation/raw/v2/08/default/3/reports -Dspring.output.ansi.enabled=never surefire:test,window20,investigation/raw/v2/08/default/3,investigation/extracted/v2/08/default/3/window20.txt,deterministic console extraction (not automatically agent input),python investigation/scripts/analyze.py --batch v2,3,4,5,False,"{""location"": true, ""request"": true, ""root"": true, ""worker"": false, ""wrapper"": true}",1511,20,411,tiktoken 0.14.0 o200k_base,True
08,default,3,1,True,True,java.util.concurrent.ExecutionException,mvn -o -B -ntp -Dmaven.repo.local=/Users/hadiranjbar/Downloads/java/token.usage/investigation/.m2 -Pinvestigation -Dtest=FailureCasesTest -Dexperiment.case=08 -Dexperiment.artifactDir=/Users/hadiranjbar/Downloads/java/token.usage/investigation/raw/v2/08/default/3 -Dexperiment.reportDir=/Users/hadiranjbar/Downloads/java/token.usage/investigation/raw/v2/08/default/3/reports -Dspring.output.ansi.enabled=never surefire:test,filtered40,investigation/raw/v2/08/default/3,investigation/extracted/v2/08/default/3/filtered40.txt,deterministic console extraction (not automatically agent input),python investigation/scripts/analyze.py --batch v2,3,4,5,False,"{""location"": true, ""request"": true, ""root"": true, ""worker"": false, ""wrapper"": true}",1250,24,353,tiktoken 0.14.0 o200k_base,True
08,default,3,1,True,True,java.util.concurrent.ExecutionException,mvn -o -B -ntp -Dmaven.repo.local=/Users/hadiranjbar/Downloads/java/token.usage/investigation/.m2 -Pinvestigation -Dtest=FailureCasesTest -Dexperiment.case=08 -Dexperiment.artifactDir=/Users/hadiranjbar/Downloads/java/token.usage/investigation/raw/v2/08/default/3 -Dexperiment.reportDir=/Users/hadiranjbar/Downloads/java/token.usage/investigation/raw/v2/08/default/3/reports -Dspring.output.ansi.enabled=never surefire:test,boundary,investigation/raw/v2/08/default/3,investigation/extracted/v2/08/default/3/boundary.txt,deterministic console extraction (not automatically agent input),python investigation/scripts/analyze.py --batch v2,3,4,5,False,"{""location"": true, ""request"": true, ""root"": true, ""worker"": false, ""wrapper"": true}",2170,30,559,tiktoken 0.14.0 o200k_base,True
08,default,3,1,True,True,java.util.concurrent.ExecutionException,mvn -o -B -ntp -Dmaven.repo.local=/Users/hadiranjbar/Downloads/java/token.usage/investigation/.m2 -Pinvestigation -Dtest=FailureCasesTest -Dexperiment.case=08 -Dexperiment.artifactDir=/Users/hadiranjbar/Downloads/java/token.usage/investigation/raw/v2/08/default/3 -Dexperiment.reportDir=/Users/hadiranjbar/Downloads/java/token.usage/investigation/raw/v2/08/default/3/reports -Dspring.output.ansi.enabled=never surefire:test,dedup,investigation/raw/v2/08/default/3,investigation/extracted/v2/08/default/3/dedup.txt,deterministic console extraction (not automatically agent input),python investigation/scripts/analyze.py --batch v2,3,4,5,False,"{""location"": true, ""request"": true, ""root"": true, ""worker"": false, ""wrapper"": true}",2170,30,559,tiktoken 0.14.0 o200k_base,True
08,p1,1,1,True,True,java.util.concurrent.ExecutionException,mvn -o -B -ntp -Dmaven.repo.local=/Users/hadiranjbar/Downloads/java/token.usage/investigation/.m2 -Pinvestigation -Dtest=FailureCasesTest -Dexperiment.case=08 -Dexperiment.artifactDir=/Users/hadiranjbar/Downloads/java/token.usage/investigation/raw/v2/08/p1/1 -Dexperiment.reportDir=/Users/hadiranjbar/Downloads/java/token.usage/investigation/raw/v2/08/p1/1/reports -Dspring.output.ansi.enabled=never -Dspring.profiles.active=p1 surefire:test,complete,investigation/raw/v2/08/p1/1,investigation/extracted/v2/08/p1/1/complete.txt,deterministic console extraction (not automatically agent input),python investigation/scripts/analyze.py --batch v2,3,5,5,True,"{""location"": true, ""request"": true, ""root"": true, ""worker"": true, ""wrapper"": true}",4899,84,1326,tiktoken 0.14.0 o200k_base,True
08,p1,1,1,True,True,java.util.concurrent.ExecutionException,mvn -o -B -ntp -Dmaven.repo.local=/Users/hadiranjbar/Downloads/java/token.usage/investigation/.m2 -Pinvestigation -Dtest=FailureCasesTest -Dexperiment.case=08 -Dexperiment.artifactDir=/Users/hadiranjbar/Downloads/java/token.usage/investigation/raw/v2/08/p1/1 -Dexperiment.reportDir=/Users/hadiranjbar/Downloads/java/token.usage/investigation/raw/v2/08/p1/1/reports -Dspring.output.ansi.enabled=never -Dspring.profiles.active=p1 surefire:test,window20,investigation/raw/v2/08/p1/1,investigation/extracted/v2/08/p1/1/window20.txt,deterministic console extraction (not automatically agent input),python investigation/scripts/analyze.py --batch v2,3,5,5,True,"{""location"": true, ""request"": true, ""root"": true, ""worker"": true, ""wrapper"": true}",1461,20,389,tiktoken 0.14.0 o200k_base,True
08,p1,1,1,True,True,java.util.concurrent.ExecutionException,mvn -o -B -ntp -Dmaven.repo.local=/Users/hadiranjbar/Downloads/java/token.usage/investigation/.m2 -Pinvestigation -Dtest=FailureCasesTest -Dexperiment.case=08 -Dexperiment.artifactDir=/Users/hadiranjbar/Downloads/java/token.usage/investigation/raw/v2/08/p1/1 -Dexperiment.reportDir=/Users/hadiranjbar/Downloads/java/token.usage/investigation/raw/v2/08/p1/1/reports -Dspring.output.ansi.enabled=never -Dspring.profiles.active=p1 surefire:test,filtered40,investigation/raw/v2/08/p1/1,investigation/extracted/v2/08/p1/1/filtered40.txt,deterministic console extraction (not automatically agent input),python investigation/scripts/analyze.py --batch v2,3,5,5,True,"{""location"": true, ""request"": true, ""root"": true, ""worker"": true, ""wrapper"": true}",1200,24,331,tiktoken 0.14.0 o200k_base,True
08,p1,1,1,True,True,java.util.concurrent.ExecutionException,mvn -o -B -ntp -Dmaven.repo.local=/Users/hadiranjbar/Downloads/java/token.usage/investigation/.m2 -Pinvestigation -Dtest=FailureCasesTest -Dexperiment.case=08 -Dexperiment.artifactDir=/Users/hadiranjbar/Downloads/java/token.usage/investigation/raw/v2/08/p1/1 -Dexperiment.reportDir=/Users/hadiranjbar/Downloads/java/token.usage/investigation/raw/v2/08/p1/1/reports -Dspring.output.ansi.enabled=never -Dspring.profiles.active=p1 surefire:test,boundary,investigation/raw/v2/08/p1/1,investigation/extracted/v2/08/p1/1/boundary.txt,deterministic console extraction (not automatically agent input),python investigation/scripts/analyze.py --batch v2,3,5,5,True,"{""location"": true, ""request"": true, ""root"": true, ""worker"": true, ""wrapper"": true}",2120,30,537,tiktoken 0.14.0 o200k_base,True
08,p1,1,1,True,True,java.util.concurrent.ExecutionException,mvn -o -B -ntp -Dmaven.repo.local=/Users/hadiranjbar/Downloads/java/token.usage/investigation/.m2 -Pinvestigation -Dtest=FailureCasesTest -Dexperiment.case=08 -Dexperiment.artifactDir=/Users/hadiranjbar/Downloads/java/token.usage/investigation/raw/v2/08/p1/1 -Dexperiment.reportDir=/Users/hadiranjbar/Downloads/java/token.usage/investigation/raw/v2/08/p1/1/reports -Dspring.output.ansi.enabled=never -Dspring.profiles.active=p1 surefire:test,dedup,investigation/raw/v2/08/p1/1,investigation/extracted/v2/08/p1/1/dedup.txt,deterministic console extraction (not automatically agent input),python investigation/scripts/analyze.py --batch v2,3,5,5,True,"{""location"": true, ""request"": true, ""root"": true, ""worker"": true, ""wrapper"": true}",2120,30,537,tiktoken 0.14.0 o200k_base,True
08,p1,2,1,True,True,java.util.concurrent.ExecutionException,mvn -o -B -ntp -Dmaven.repo.local=/Users/hadiranjbar/Downloads/java/token.usage/investigation/.m2 -Pinvestigation -Dtest=FailureCasesTest -Dexperiment.case=08 -Dexperiment.artifactDir=/Users/hadiranjbar/Downloads/java/token.usage/investigation/raw/v2/08/p1/2 -Dexperiment.reportDir=/Users/hadiranjbar/Downloads/java/token.usage/investigation/raw/v2/08/p1/2/reports -Dspring.output.ansi.enabled=never -Dspring.profiles.active=p1 surefire:test,complete,investigation/raw/v2/08/p1/2,investigation/extracted/v2/08/p1/2/complete.txt,deterministic console extraction (not automatically agent input),python investigation/scripts/analyze.py --batch v2,3,5,5,True,"{""location"": true, ""request"": true, ""root"": true, ""worker"": true, ""wrapper"": true}",4899,84,1326,tiktoken 0.14.0 o200k_base,True
08,p1,2,1,True,True,java.util.concurrent.ExecutionException,mvn -o -B -ntp -Dmaven.repo.local=/Users/hadiranjbar/Downloads/java/token.usage/investigation/.m2 -Pinvestigation -Dtest=FailureCasesTest -Dexperiment.case=08 -Dexperiment.artifactDir=/Users/hadiranjbar/Downloads/java/token.usage/investigation/raw/v2/08/p1/2 -Dexperiment.reportDir=/Users/hadiranjbar/Downloads/java/token.usage/investigation/raw/v2/08/p1/2/reports -Dspring.output.ansi.enabled=never -Dspring.profiles.active=p1 surefire:test,window20,investigation/raw/v2/08/p1/2,investigation/extracted/v2/08/p1/2/window20.txt,deterministic console extraction (not automatically agent input),python investigation/scripts/analyze.py --batch v2,3,5,5,True,"{""location"": true, ""request"": true, ""root"": true, ""worker"": true, ""wrapper"": true}",1461,20,389,tiktoken 0.14.0 o200k_base,True
08,p1,2,1,True,True,java.util.concurrent.ExecutionException,mvn -o -B -ntp -Dmaven.repo.local=/Users/hadiranjbar/Downloads/java/token.usage/investigation/.m2 -Pinvestigation -Dtest=FailureCasesTest -Dexperiment.case=08 -Dexperiment.artifactDir=/Users/hadiranjbar/Downloads/java/token.usage/investigation/raw/v2/08/p1/2 -Dexperiment.reportDir=/Users/hadiranjbar/Downloads/java/token.usage/investigation/raw/v2/08/p1/2/reports -Dspring.output.ansi.enabled=never -Dspring.profiles.active=p1 surefire:test,filtered40,investigation/raw/v2/08/p1/2,investigation/extracted/v2/08/p1/2/filtered40.txt,deterministic console extraction (not automatically agent input),python investigation/scripts/analyze.py --batch v2,3,5,5,True,"{""location"": true, ""request"": true, ""root"": true, ""worker"": true, ""wrapper"": true}",1200,24,331,tiktoken 0.14.0 o200k_base,True
08,p1,2,1,True,True,java.util.concurrent.ExecutionException,mvn -o -B -ntp -Dmaven.repo.local=/Users/hadiranjbar/Downloads/java/token.usage/investigation/.m2 -Pinvestigation -Dtest=FailureCasesTest -Dexperiment.case=08 -Dexperiment.artifactDir=/Users/hadiranjbar/Downloads/java/token.usage/investigation/raw/v2/08/p1/2 -Dexperiment.reportDir=/Users/hadiranjbar/Downloads/java/token.usage/investigation/raw/v2/08/p1/2/reports -Dspring.output.ansi.enabled=never -Dspring.profiles.active=p1 surefire:test,boundary,investigation/raw/v2/08/p1/2,investigation/extracted/v2/08/p1/2/boundary.txt,deterministic console extraction (not automatically agent input),python investigation/scripts/analyze.py --batch v2,3,5,5,True,"{""location"": true, ""request"": true, ""root"": true, ""worker"": true, ""wrapper"": true}",2120,30,537,tiktoken 0.14.0 o200k_base,True
08,p1,2,1,True,True,java.util.concurrent.ExecutionException,mvn -o -B -ntp -Dmaven.repo.local=/Users/hadiranjbar/Downloads/java/token.usage/investigation/.m2 -Pinvestigation -Dtest=FailureCasesTest -Dexperiment.case=08 -Dexperiment.artifactDir=/Users/hadiranjbar/Downloads/java/token.usage/investigation/raw/v2/08/p1/2 -Dexperiment.reportDir=/Users/hadiranjbar/Downloads/java/token.usage/investigation/raw/v2/08/p1/2/reports -Dspring.output.ansi.enabled=never -Dspring.profiles.active=p1 surefire:test,dedup,investigation/raw/v2/08/p1/2,investigation/extracted/v2/08/p1/2/dedup.txt,deterministic console extraction (not automatically agent input),python investigation/scripts/analyze.py --batch v2,3,5,5,True,"{""location"": true, ""request"": true, ""root"": true, ""worker"": true, ""wrapper"": true}",2120,30,537,tiktoken 0.14.0 o200k_base,True
08,p1,3,1,True,True,java.util.concurrent.ExecutionException,mvn -o -B -ntp -Dmaven.repo.local=/Users/hadiranjbar/Downloads/java/token.usage/investigation/.m2 -Pinvestigation -Dtest=FailureCasesTest -Dexperiment.case=08 -Dexperiment.artifactDir=/Users/hadiranjbar/Downloads/java/token.usage/investigation/raw/v2/08/p1/3 -Dexperiment.reportDir=/Users/hadiranjbar/Downloads/java/token.usage/investigation/raw/v2/08/p1/3/reports -Dspring.output.ansi.enabled=never -Dspring.profiles.active=p1 surefire:test,complete,investigation/raw/v2/08/p1/3,investigation/extracted/v2/08/p1/3/complete.txt,deterministic console extraction (not automatically agent input),python investigation/scripts/analyze.py --batch v2,3,5,5,True,"{""location"": true, ""request"": true, ""root"": true, ""worker"": true, ""wrapper"": true}",4898,84,1326,tiktoken 0.14.0 o200k_base,True
08,p1,3,1,True,True,java.util.concurrent.ExecutionException,mvn -o -B -ntp -Dmaven.repo.local=/Users/hadiranjbar/Downloads/java/token.usage/investigation/.m2 -Pinvestigation -Dtest=FailureCasesTest -Dexperiment.case=08 -Dexperiment.artifactDir=/Users/hadiranjbar/Downloads/java/token.usage/investigation/raw/v2/08/p1/3 -Dexperiment.reportDir=/Users/hadiranjbar/Downloads/java/token.usage/investigation/raw/v2/08/p1/3/reports -Dspring.output.ansi.enabled=never -Dspring.profiles.active=p1 surefire:test,window20,investigation/raw/v2/08/p1/3,investigation/extracted/v2/08/p1/3/window20.txt,deterministic console extraction (not automatically agent input),python investigation/scripts/analyze.py --batch v2,3,5,5,True,"{""location"": true, ""request"": true, ""root"": true, ""worker"": true, ""wrapper"": true}",1461,20,389,tiktoken 0.14.0 o200k_base,True
08,p1,3,1,True,True,java.util.concurrent.ExecutionException,mvn -o -B -ntp -Dmaven.repo.local=/Users/hadiranjbar/Downloads/java/token.usage/investigation/.m2 -Pinvestigation -Dtest=FailureCasesTest -Dexperiment.case=08 -Dexperiment.artifactDir=/Users/hadiranjbar/Downloads/java/token.usage/investigation/raw/v2/08/p1/3 -Dexperiment.reportDir=/Users/hadiranjbar/Downloads/java/token.usage/investigation/raw/v2/08/p1/3/reports -Dspring.output.ansi.enabled=never -Dspring.profiles.active=p1 surefire:test,filtered40,investigation/raw/v2/08/p1/3,investigation/extracted/v2/08/p1/3/filtered40.txt,deterministic console extraction (not automatically agent input),python investigation/scripts/analyze.py --batch v2,3,5,5,True,"{""location"": true, ""request"": true, ""root"": true, ""worker"": true, ""wrapper"": true}",1200,24,331,tiktoken 0.14.0 o200k_base,True
08,p1,3,1,True,True,java.util.concurrent.ExecutionException,mvn -o -B -ntp -Dmaven.repo.local=/Users/hadiranjbar/Downloads/java/token.usage/investigation/.m2 -Pinvestigation -Dtest=FailureCasesTest -Dexperiment.case=08 -Dexperiment.artifactDir=/Users/hadiranjbar/Downloads/java/token.usage/investigation/raw/v2/08/p1/3 -Dexperiment.reportDir=/Users/hadiranjbar/Downloads/java/token.usage/investigation/raw/v2/08/p1/3/reports -Dspring.output.ansi.enabled=never -Dspring.profiles.active=p1 surefire:test,boundary,investigation/raw/v2/08/p1/3,investigation/extracted/v2/08/p1/3/boundary.txt,deterministic console extraction (not automatically agent input),python investigation/scripts/analyze.py --batch v2,3,5,5,True,"{""location"": true, ""request"": true, ""root"": true, ""worker"": true, ""wrapper"": true}",2120,30,537,tiktoken 0.14.0 o200k_base,True
08,p1,3,1,True,True,java.util.concurrent.ExecutionException,mvn -o -B -ntp -Dmaven.repo.local=/Users/hadiranjbar/Downloads/java/token.usage/investigation/.m2 -Pinvestigation -Dtest=FailureCasesTest -Dexperiment.case=08 -Dexperiment.artifactDir=/Users/hadiranjbar/Downloads/java/token.usage/investigation/raw/v2/08/p1/3 -Dexperiment.reportDir=/Users/hadiranjbar/Downloads/java/token.usage/investigation/raw/v2/08/p1/3/reports -Dspring.output.ansi.enabled=never -Dspring.profiles.active=p1 surefire:test,dedup,investigation/raw/v2/08/p1/3,investigation/extracted/v2/08/p1/3/dedup.txt,deterministic console extraction (not automatically agent input),python investigation/scripts/analyze.py --batch v2,3,5,5,True,"{""location"": true, ""request"": true, ""root"": true, ""worker"": true, ""wrapper"": true}",2120,30,537,tiktoken 0.14.0 o200k_base,True
08,p2,1,1,True,True,java.util.concurrent.ExecutionException,mvn -o -B -ntp -Dmaven.repo.local=/Users/hadiranjbar/Downloads/java/token.usage/investigation/.m2 -Pinvestigation -Dtest=FailureCasesTest -Dexperiment.case=08 -Dexperiment.artifactDir=/Users/hadiranjbar/Downloads/java/token.usage/investigation/raw/v2/08/p2/1 -Dexperiment.reportDir=/Users/hadiranjbar/Downloads/java/token.usage/investigation/raw/v2/08/p2/1/reports -Dspring.output.ansi.enabled=never -Dspring.profiles.active=p2 surefire:test,complete,investigation/raw/v2/08/p2/1,investigation/extracted/v2/08/p2/1/complete.txt,deterministic console extraction (not automatically agent input),python investigation/scripts/analyze.py --batch v2,3,4,5,False,"{""location"": true, ""request"": true, ""root"": true, ""worker"": false, ""wrapper"": true}",5222,84,1454,tiktoken 0.14.0 o200k_base,True
08,p2,1,1,True,True,java.util.concurrent.ExecutionException,mvn -o -B -ntp -Dmaven.repo.local=/Users/hadiranjbar/Downloads/java/token.usage/investigation/.m2 -Pinvestigation -Dtest=FailureCasesTest -Dexperiment.case=08 -Dexperiment.artifactDir=/Users/hadiranjbar/Downloads/java/token.usage/investigation/raw/v2/08/p2/1 -Dexperiment.reportDir=/Users/hadiranjbar/Downloads/java/token.usage/investigation/raw/v2/08/p2/1/reports -Dspring.output.ansi.enabled=never -Dspring.profiles.active=p2 surefire:test,window20,investigation/raw/v2/08/p2/1,investigation/extracted/v2/08/p2/1/window20.txt,deterministic console extraction (not automatically agent input),python investigation/scripts/analyze.py --batch v2,3,4,5,False,"{""location"": true, ""request"": true, ""root"": true, ""worker"": false, ""wrapper"": true}",1511,20,411,tiktoken 0.14.0 o200k_base,True
08,p2,1,1,True,True,java.util.concurrent.ExecutionException,mvn -o -B -ntp -Dmaven.repo.local=/Users/hadiranjbar/Downloads/java/token.usage/investigation/.m2 -Pinvestigation -Dtest=FailureCasesTest -Dexperiment.case=08 -Dexperiment.artifactDir=/Users/hadiranjbar/Downloads/java/token.usage/investigation/raw/v2/08/p2/1 -Dexperiment.reportDir=/Users/hadiranjbar/Downloads/java/token.usage/investigation/raw/v2/08/p2/1/reports -Dspring.output.ansi.enabled=never -Dspring.profiles.active=p2 surefire:test,filtered40,investigation/raw/v2/08/p2/1,investigation/extracted/v2/08/p2/1/filtered40.txt,deterministic console extraction (not automatically agent input),python investigation/scripts/analyze.py --batch v2,3,4,5,False,"{""location"": true, ""request"": true, ""root"": true, ""worker"": false, ""wrapper"": true}",1250,24,353,tiktoken 0.14.0 o200k_base,True
08,p2,1,1,True,True,java.util.concurrent.ExecutionException,mvn -o -B -ntp -Dmaven.repo.local=/Users/hadiranjbar/Downloads/java/token.usage/investigation/.m2 -Pinvestigation -Dtest=FailureCasesTest -Dexperiment.case=08 -Dexperiment.artifactDir=/Users/hadiranjbar/Downloads/java/token.usage/investigation/raw/v2/08/p2/1 -Dexperiment.reportDir=/Users/hadiranjbar/Downloads/java/token.usage/investigation/raw/v2/08/p2/1/reports -Dspring.output.ansi.enabled=never -Dspring.profiles.active=p2 surefire:test,boundary,investigation/raw/v2/08/p2/1,investigation/extracted/v2/08/p2/1/boundary.txt,deterministic console extraction (not automatically agent input),python investigation/scripts/analyze.py --batch v2,3,4,5,False,"{""location"": true, ""request"": true, ""root"": true, ""worker"": false, ""wrapper"": true}",2170,30,559,tiktoken 0.14.0 o200k_base,True
08,p2,1,1,True,True,java.util.concurrent.ExecutionException,mvn -o -B -ntp -Dmaven.repo.local=/Users/hadiranjbar/Downloads/java/token.usage/investigation/.m2 -Pinvestigation -Dtest=FailureCasesTest -Dexperiment.case=08 -Dexperiment.artifactDir=/Users/hadiranjbar/Downloads/java/token.usage/investigation/raw/v2/08/p2/1 -Dexperiment.reportDir=/Users/hadiranjbar/Downloads/java/token.usage/investigation/raw/v2/08/p2/1/reports -Dspring.output.ansi.enabled=never -Dspring.profiles.active=p2 surefire:test,dedup,investigation/raw/v2/08/p2/1,investigation/extracted/v2/08/p2/1/dedup.txt,deterministic console extraction (not automatically agent input),python investigation/scripts/analyze.py --batch v2,3,4,5,False,"{""location"": true, ""request"": true, ""root"": true, ""worker"": false, ""wrapper"": true}",2170,30,559,tiktoken 0.14.0 o200k_base,True
08,p2,2,1,True,True,java.util.concurrent.ExecutionException,mvn -o -B -ntp -Dmaven.repo.local=/Users/hadiranjbar/Downloads/java/token.usage/investigation/.m2 -Pinvestigation -Dtest=FailureCasesTest -Dexperiment.case=08 -Dexperiment.artifactDir=/Users/hadiranjbar/Downloads/java/token.usage/investigation/raw/v2/08/p2/2 -Dexperiment.reportDir=/Users/hadiranjbar/Downloads/java/token.usage/investigation/raw/v2/08/p2/2/reports -Dspring.output.ansi.enabled=never -Dspring.profiles.active=p2 surefire:test,complete,investigation/raw/v2/08/p2/2,investigation/extracted/v2/08/p2/2/complete.txt,deterministic console extraction (not automatically agent input),python investigation/scripts/analyze.py --batch v2,3,4,5,False,"{""location"": true, ""request"": true, ""root"": true, ""worker"": false, ""wrapper"": true}",5222,84,1454,tiktoken 0.14.0 o200k_base,True
08,p2,2,1,True,True,java.util.concurrent.ExecutionException,mvn -o -B -ntp -Dmaven.repo.local=/Users/hadiranjbar/Downloads/java/token.usage/investigation/.m2 -Pinvestigation -Dtest=FailureCasesTest -Dexperiment.case=08 -Dexperiment.artifactDir=/Users/hadiranjbar/Downloads/java/token.usage/investigation/raw/v2/08/p2/2 -Dexperiment.reportDir=/Users/hadiranjbar/Downloads/java/token.usage/investigation/raw/v2/08/p2/2/reports -Dspring.output.ansi.enabled=never -Dspring.profiles.active=p2 surefire:test,window20,investigation/raw/v2/08/p2/2,investigation/extracted/v2/08/p2/2/window20.txt,deterministic console extraction (not automatically agent input),python investigation/scripts/analyze.py --batch v2,3,4,5,False,"{""location"": true, ""request"": true, ""root"": true, ""worker"": false, ""wrapper"": true}",1511,20,411,tiktoken 0.14.0 o200k_base,True
08,p2,2,1,True,True,java.util.concurrent.ExecutionException,mvn -o -B -ntp -Dmaven.repo.local=/Users/hadiranjbar/Downloads/java/token.usage/investigation/.m2 -Pinvestigation -Dtest=FailureCasesTest -Dexperiment.case=08 -Dexperiment.artifactDir=/Users/hadiranjbar/Downloads/java/token.usage/investigation/raw/v2/08/p2/2 -Dexperiment.reportDir=/Users/hadiranjbar/Downloads/java/token.usage/investigation/raw/v2/08/p2/2/reports -Dspring.output.ansi.enabled=never -Dspring.profiles.active=p2 surefire:test,filtered40,investigation/raw/v2/08/p2/2,investigation/extracted/v2/08/p2/2/filtered40.txt,deterministic console extraction (not automatically agent input),python investigation/scripts/analyze.py --batch v2,3,4,5,False,"{""location"": true, ""request"": true, ""root"": true, ""worker"": false, ""wrapper"": true}",1250,24,353,tiktoken 0.14.0 o200k_base,True
08,p2,2,1,True,True,java.util.concurrent.ExecutionException,mvn -o -B -ntp -Dmaven.repo.local=/Users/hadiranjbar/Downloads/java/token.usage/investigation/.m2 -Pinvestigation -Dtest=FailureCasesTest -Dexperiment.case=08 -Dexperiment.artifactDir=/Users/hadiranjbar/Downloads/java/token.usage/investigation/raw/v2/08/p2/2 -Dexperiment.reportDir=/Users/hadiranjbar/Downloads/java/token.usage/investigation/raw/v2/08/p2/2/reports -Dspring.output.ansi.enabled=never -Dspring.profiles.active=p2 surefire:test,boundary,investigation/raw/v2/08/p2/2,investigation/extracted/v2/08/p2/2/boundary.txt,deterministic console extraction (not automatically agent input),python investigation/scripts/analyze.py --batch v2,3,4,5,False,"{""location"": true, ""request"": true, ""root"": true, ""worker"": false, ""wrapper"": true}",2170,30,559,tiktoken 0.14.0 o200k_base,True
08,p2,2,1,True,True,java.util.concurrent.ExecutionException,mvn -o -B -ntp -Dmaven.repo.local=/Users/hadiranjbar/Downloads/java/token.usage/investigation/.m2 -Pinvestigation -Dtest=FailureCasesTest -Dexperiment.case=08 -Dexperiment.artifactDir=/Users/hadiranjbar/Downloads/java/token.usage/investigation/raw/v2/08/p2/2 -Dexperiment.reportDir=/Users/hadiranjbar/Downloads/java/token.usage/investigation/raw/v2/08/p2/2/reports -Dspring.output.ansi.enabled=never -Dspring.profiles.active=p2 surefire:test,dedup,investigation/raw/v2/08/p2/2,investigation/extracted/v2/08/p2/2/dedup.txt,deterministic console extraction (not automatically agent input),python investigation/scripts/analyze.py --batch v2,3,4,5,False,"{""location"": true, ""request"": true, ""root"": true, ""worker"": false, ""wrapper"": true}",2170,30,559,tiktoken 0.14.0 o200k_base,True
08,p2,3,1,True,True,java.util.concurrent.ExecutionException,mvn -o -B -ntp -Dmaven.repo.local=/Users/hadiranjbar/Downloads/java/token.usage/investigation/.m2 -Pinvestigation -Dtest=FailureCasesTest -Dexperiment.case=08 -Dexperiment.artifactDir=/Users/hadiranjbar/Downloads/java/token.usage/investigation/raw/v2/08/p2/3 -Dexperiment.reportDir=/Users/hadiranjbar/Downloads/java/token.usage/investigation/raw/v2/08/p2/3/reports -Dspring.output.ansi.enabled=never -Dspring.profiles.active=p2 surefire:test,complete,investigation/raw/v2/08/p2/3,investigation/extracted/v2/08/p2/3/complete.txt,deterministic console extraction (not automatically agent input),python investigation/scripts/analyze.py --batch v2,3,4,5,False,"{""location"": true, ""request"": true, ""root"": true, ""worker"": false, ""wrapper"": true}",5222,84,1454,tiktoken 0.14.0 o200k_base,True
08,p2,3,1,True,True,java.util.concurrent.ExecutionException,mvn -o -B -ntp -Dmaven.repo.local=/Users/hadiranjbar/Downloads/java/token.usage/investigation/.m2 -Pinvestigation -Dtest=FailureCasesTest -Dexperiment.case=08 -Dexperiment.artifactDir=/Users/hadiranjbar/Downloads/java/token.usage/investigation/raw/v2/08/p2/3 -Dexperiment.reportDir=/Users/hadiranjbar/Downloads/java/token.usage/investigation/raw/v2/08/p2/3/reports -Dspring.output.ansi.enabled=never -Dspring.profiles.active=p2 surefire:test,window20,investigation/raw/v2/08/p2/3,investigation/extracted/v2/08/p2/3/window20.txt,deterministic console extraction (not automatically agent input),python investigation/scripts/analyze.py --batch v2,3,4,5,False,"{""location"": true, ""request"": true, ""root"": true, ""worker"": false, ""wrapper"": true}",1511,20,411,tiktoken 0.14.0 o200k_base,True
08,p2,3,1,True,True,java.util.concurrent.ExecutionException,mvn -o -B -ntp -Dmaven.repo.local=/Users/hadiranjbar/Downloads/java/token.usage/investigation/.m2 -Pinvestigation -Dtest=FailureCasesTest -Dexperiment.case=08 -Dexperiment.artifactDir=/Users/hadiranjbar/Downloads/java/token.usage/investigation/raw/v2/08/p2/3 -Dexperiment.reportDir=/Users/hadiranjbar/Downloads/java/token.usage/investigation/raw/v2/08/p2/3/reports -Dspring.output.ansi.enabled=never -Dspring.profiles.active=p2 surefire:test,filtered40,investigation/raw/v2/08/p2/3,investigation/extracted/v2/08/p2/3/filtered40.txt,deterministic console extraction (not automatically agent input),python investigation/scripts/analyze.py --batch v2,3,4,5,False,"{""location"": true, ""request"": true, ""root"": true, ""worker"": false, ""wrapper"": true}",1250,24,353,tiktoken 0.14.0 o200k_base,True
08,p2,3,1,True,True,java.util.concurrent.ExecutionException,mvn -o -B -ntp -Dmaven.repo.local=/Users/hadiranjbar/Downloads/java/token.usage/investigation/.m2 -Pinvestigation -Dtest=FailureCasesTest -Dexperiment.case=08 -Dexperiment.artifactDir=/Users/hadiranjbar/Downloads/java/token.usage/investigation/raw/v2/08/p2/3 -Dexperiment.reportDir=/Users/hadiranjbar/Downloads/java/token.usage/investigation/raw/v2/08/p2/3/reports -Dspring.output.ansi.enabled=never -Dspring.profiles.active=p2 surefire:test,boundary,investigation/raw/v2/08/p2/3,investigation/extracted/v2/08/p2/3/boundary.txt,deterministic console extraction (not automatically agent input),python investigation/scripts/analyze.py --batch v2,3,4,5,False,"{""location"": true, ""request"": true, ""root"": true, ""worker"": false, ""wrapper"": true}",2170,30,559,tiktoken 0.14.0 o200k_base,True
08,p2,3,1,True,True,java.util.concurrent.ExecutionException,mvn -o -B -ntp -Dmaven.repo.local=/Users/hadiranjbar/Downloads/java/token.usage/investigation/.m2 -Pinvestigation -Dtest=FailureCasesTest -Dexperiment.case=08 -Dexperiment.artifactDir=/Users/hadiranjbar/Downloads/java/token.usage/investigation/raw/v2/08/p2/3 -Dexperiment.reportDir=/Users/hadiranjbar/Downloads/java/token.usage/investigation/raw/v2/08/p2/3/reports -Dspring.output.ansi.enabled=never -Dspring.profiles.active=p2 surefire:test,dedup,investigation/raw/v2/08/p2/3,investigation/extracted/v2/08/p2/3/dedup.txt,deterministic console extraction (not automatically agent input),python investigation/scripts/analyze.py --batch v2,3,4,5,False,"{""location"": true, ""request"": true, ""root"": true, ""worker"": false, ""wrapper"": true}",2170,30,559,tiktoken 0.14.0 o200k_base,True
08,p4,1,1,True,True,java.util.concurrent.ExecutionException,"mvn -o -B -ntp -Dmaven.repo.local=/Users/hadiranjbar/Downloads/java/token.usage/investigation/.m2 -Pinvestigation,agent-reports -Dtest=FailureCasesTest -Dexperiment.case=08 -Dexperiment.artifactDir=/Users/hadiranjbar/Downloads/java/token.usage/investigation/raw/v2/08/p4/1 -Dexperiment.reportDir=/Users/hadiranjbar/Downloads/java/token.usage/investigation/raw/v2/08/p4/1/reports -Dspring.output.ansi.enabled=never surefire:test",complete,investigation/raw/v2/08/p4/1,investigation/extracted/v2/08/p4/1/complete.txt,deterministic console extraction (not automatically agent input),python investigation/scripts/analyze.py --batch v2,3,4,5,False,"{""location"": true, ""request"": true, ""root"": true, ""worker"": false, ""wrapper"": true}",4308,73,1215,tiktoken 0.14.0 o200k_base,True
08,p4,1,1,True,True,java.util.concurrent.ExecutionException,"mvn -o -B -ntp -Dmaven.repo.local=/Users/hadiranjbar/Downloads/java/token.usage/investigation/.m2 -Pinvestigation,agent-reports -Dtest=FailureCasesTest -Dexperiment.case=08 -Dexperiment.artifactDir=/Users/hadiranjbar/Downloads/java/token.usage/investigation/raw/v2/08/p4/1 -Dexperiment.reportDir=/Users/hadiranjbar/Downloads/java/token.usage/investigation/raw/v2/08/p4/1/reports -Dspring.output.ansi.enabled=never surefire:test",window20,investigation/raw/v2/08/p4/1,investigation/extracted/v2/08/p4/1/window20.txt,deterministic console extraction (not automatically agent input),python investigation/scripts/analyze.py --batch v2,3,4,5,False,"{""location"": true, ""request"": true, ""root"": true, ""worker"": false, ""wrapper"": true}",1384,20,384,tiktoken 0.14.0 o200k_base,True
08,p4,1,1,True,True,java.util.concurrent.ExecutionException,"mvn -o -B -ntp -Dmaven.repo.local=/Users/hadiranjbar/Downloads/java/token.usage/investigation/.m2 -Pinvestigation,agent-reports -Dtest=FailureCasesTest -Dexperiment.case=08 -Dexperiment.artifactDir=/Users/hadiranjbar/Downloads/java/token.usage/investigation/raw/v2/08/p4/1 -Dexperiment.reportDir=/Users/hadiranjbar/Downloads/java/token.usage/investigation/raw/v2/08/p4/1/reports -Dspring.output.ansi.enabled=never surefire:test",filtered40,investigation/raw/v2/08/p4/1,investigation/extracted/v2/08/p4/1/filtered40.txt,deterministic console extraction (not automatically agent input),python investigation/scripts/analyze.py --batch v2,3,4,5,False,"{""location"": true, ""request"": true, ""root"": true, ""worker"": false, ""wrapper"": true}",1831,33,506,tiktoken 0.14.0 o200k_base,True
08,p4,1,1,True,True,java.util.concurrent.ExecutionException,"mvn -o -B -ntp -Dmaven.repo.local=/Users/hadiranjbar/Downloads/java/token.usage/investigation/.m2 -Pinvestigation,agent-reports -Dtest=FailureCasesTest -Dexperiment.case=08 -Dexperiment.artifactDir=/Users/hadiranjbar/Downloads/java/token.usage/investigation/raw/v2/08/p4/1 -Dexperiment.reportDir=/Users/hadiranjbar/Downloads/java/token.usage/investigation/raw/v2/08/p4/1/reports -Dspring.output.ansi.enabled=never surefire:test",boundary,investigation/raw/v2/08/p4/1,investigation/extracted/v2/08/p4/1/boundary.txt,deterministic console extraction (not automatically agent input),python investigation/scripts/analyze.py --batch v2,3,4,5,False,"{""location"": true, ""request"": true, ""root"": true, ""worker"": false, ""wrapper"": true}",1376,19,380,tiktoken 0.14.0 o200k_base,True
08,p4,1,1,True,True,java.util.concurrent.ExecutionException,"mvn -o -B -ntp -Dmaven.repo.local=/Users/hadiranjbar/Downloads/java/token.usage/investigation/.m2 -Pinvestigation,agent-reports -Dtest=FailureCasesTest -Dexperiment.case=08 -Dexperiment.artifactDir=/Users/hadiranjbar/Downloads/java/token.usage/investigation/raw/v2/08/p4/1 -Dexperiment.reportDir=/Users/hadiranjbar/Downloads/java/token.usage/investigation/raw/v2/08/p4/1/reports -Dspring.output.ansi.enabled=never surefire:test",dedup,investigation/raw/v2/08/p4/1,investigation/extracted/v2/08/p4/1/dedup.txt,deterministic console extraction (not automatically agent input),python investigation/scripts/analyze.py --batch v2,3,4,5,False,"{""location"": true, ""request"": true, ""root"": true, ""worker"": false, ""wrapper"": true}",1376,19,380,tiktoken 0.14.0 o200k_base,True
08,p4,2,1,True,True,java.util.concurrent.ExecutionException,"mvn -o -B -ntp -Dmaven.repo.local=/Users/hadiranjbar/Downloads/java/token.usage/investigation/.m2 -Pinvestigation,agent-reports -Dtest=FailureCasesTest -Dexperiment.case=08 -Dexperiment.artifactDir=/Users/hadiranjbar/Downloads/java/token.usage/investigation/raw/v2/08/p4/2 -Dexperiment.reportDir=/Users/hadiranjbar/Downloads/java/token.usage/investigation/raw/v2/08/p4/2/reports -Dspring.output.ansi.enabled=never surefire:test",complete,investigation/raw/v2/08/p4/2,investigation/extracted/v2/08/p4/2/complete.txt,deterministic console extraction (not automatically agent input),python investigation/scripts/analyze.py --batch v2,3,4,5,False,"{""location"": true, ""request"": true, ""root"": true, ""worker"": false, ""wrapper"": true}",4306,73,1215,tiktoken 0.14.0 o200k_base,True
08,p4,2,1,True,True,java.util.concurrent.ExecutionException,"mvn -o -B -ntp -Dmaven.repo.local=/Users/hadiranjbar/Downloads/java/token.usage/investigation/.m2 -Pinvestigation,agent-reports -Dtest=FailureCasesTest -Dexperiment.case=08 -Dexperiment.artifactDir=/Users/hadiranjbar/Downloads/java/token.usage/investigation/raw/v2/08/p4/2 -Dexperiment.reportDir=/Users/hadiranjbar/Downloads/java/token.usage/investigation/raw/v2/08/p4/2/reports -Dspring.output.ansi.enabled=never surefire:test",window20,investigation/raw/v2/08/p4/2,investigation/extracted/v2/08/p4/2/window20.txt,deterministic console extraction (not automatically agent input),python investigation/scripts/analyze.py --batch v2,3,4,5,False,"{""location"": true, ""request"": true, ""root"": true, ""worker"": false, ""wrapper"": true}",1384,20,384,tiktoken 0.14.0 o200k_base,True
08,p4,2,1,True,True,java.util.concurrent.ExecutionException,"mvn -o -B -ntp -Dmaven.repo.local=/Users/hadiranjbar/Downloads/java/token.usage/investigation/.m2 -Pinvestigation,agent-reports -Dtest=FailureCasesTest -Dexperiment.case=08 -Dexperiment.artifactDir=/Users/hadiranjbar/Downloads/java/token.usage/investigation/raw/v2/08/p4/2 -Dexperiment.reportDir=/Users/hadiranjbar/Downloads/java/token.usage/investigation/raw/v2/08/p4/2/reports -Dspring.output.ansi.enabled=never surefire:test",filtered40,investigation/raw/v2/08/p4/2,investigation/extracted/v2/08/p4/2/filtered40.txt,deterministic console extraction (not automatically agent input),python investigation/scripts/analyze.py --batch v2,3,4,5,False,"{""location"": true, ""request"": true, ""root"": true, ""worker"": false, ""wrapper"": true}",1831,33,506,tiktoken 0.14.0 o200k_base,True
08,p4,2,1,True,True,java.util.concurrent.ExecutionException,"mvn -o -B -ntp -Dmaven.repo.local=/Users/hadiranjbar/Downloads/java/token.usage/investigation/.m2 -Pinvestigation,agent-reports -Dtest=FailureCasesTest -Dexperiment.case=08 -Dexperiment.artifactDir=/Users/hadiranjbar/Downloads/java/token.usage/investigation/raw/v2/08/p4/2 -Dexperiment.reportDir=/Users/hadiranjbar/Downloads/java/token.usage/investigation/raw/v2/08/p4/2/reports -Dspring.output.ansi.enabled=never surefire:test",boundary,investigation/raw/v2/08/p4/2,investigation/extracted/v2/08/p4/2/boundary.txt,deterministic console extraction (not automatically agent input),python investigation/scripts/analyze.py --batch v2,3,4,5,False,"{""location"": true, ""request"": true, ""root"": true, ""worker"": false, ""wrapper"": true}",1376,19,380,tiktoken 0.14.0 o200k_base,True
08,p4,2,1,True,True,java.util.concurrent.ExecutionException,"mvn -o -B -ntp -Dmaven.repo.local=/Users/hadiranjbar/Downloads/java/token.usage/investigation/.m2 -Pinvestigation,agent-reports -Dtest=FailureCasesTest -Dexperiment.case=08 -Dexperiment.artifactDir=/Users/hadiranjbar/Downloads/java/token.usage/investigation/raw/v2/08/p4/2 -Dexperiment.reportDir=/Users/hadiranjbar/Downloads/java/token.usage/investigation/raw/v2/08/p4/2/reports -Dspring.output.ansi.enabled=never surefire:test",dedup,investigation/raw/v2/08/p4/2,investigation/extracted/v2/08/p4/2/dedup.txt,deterministic console extraction (not automatically agent input),python investigation/scripts/analyze.py --batch v2,3,4,5,False,"{""location"": true, ""request"": true, ""root"": true, ""worker"": false, ""wrapper"": true}",1376,19,380,tiktoken 0.14.0 o200k_base,True
08,p4,3,1,True,True,java.util.concurrent.ExecutionException,"mvn -o -B -ntp -Dmaven.repo.local=/Users/hadiranjbar/Downloads/java/token.usage/investigation/.m2 -Pinvestigation,agent-reports -Dtest=FailureCasesTest -Dexperiment.case=08 -Dexperiment.artifactDir=/Users/hadiranjbar/Downloads/java/token.usage/investigation/raw/v2/08/p4/3 -Dexperiment.reportDir=/Users/hadiranjbar/Downloads/java/token.usage/investigation/raw/v2/08/p4/3/reports -Dspring.output.ansi.enabled=never surefire:test",complete,investigation/raw/v2/08/p4/3,investigation/extracted/v2/08/p4/3/complete.txt,deterministic console extraction (not automatically agent input),python investigation/scripts/analyze.py --batch v2,3,4,5,False,"{""location"": true, ""request"": true, ""root"": true, ""worker"": false, ""wrapper"": true}",4308,73,1215,tiktoken 0.14.0 o200k_base,True
08,p4,3,1,True,True,java.util.concurrent.ExecutionException,"mvn -o -B -ntp -Dmaven.repo.local=/Users/hadiranjbar/Downloads/java/token.usage/investigation/.m2 -Pinvestigation,agent-reports -Dtest=FailureCasesTest -Dexperiment.case=08 -Dexperiment.artifactDir=/Users/hadiranjbar/Downloads/java/token.usage/investigation/raw/v2/08/p4/3 -Dexperiment.reportDir=/Users/hadiranjbar/Downloads/java/token.usage/investigation/raw/v2/08/p4/3/reports -Dspring.output.ansi.enabled=never surefire:test",window20,investigation/raw/v2/08/p4/3,investigation/extracted/v2/08/p4/3/window20.txt,deterministic console extraction (not automatically agent input),python investigation/scripts/analyze.py --batch v2,3,4,5,False,"{""location"": true, ""request"": true, ""root"": true, ""worker"": false, ""wrapper"": true}",1384,20,384,tiktoken 0.14.0 o200k_base,True
08,p4,3,1,True,True,java.util.concurrent.ExecutionException,"mvn -o -B -ntp -Dmaven.repo.local=/Users/hadiranjbar/Downloads/java/token.usage/investigation/.m2 -Pinvestigation,agent-reports -Dtest=FailureCasesTest -Dexperiment.case=08 -Dexperiment.artifactDir=/Users/hadiranjbar/Downloads/java/token.usage/investigation/raw/v2/08/p4/3 -Dexperiment.reportDir=/Users/hadiranjbar/Downloads/java/token.usage/investigation/raw/v2/08/p4/3/reports -Dspring.output.ansi.enabled=never surefire:test",filtered40,investigation/raw/v2/08/p4/3,investigation/extracted/v2/08/p4/3/filtered40.txt,deterministic console extraction (not automatically agent input),python investigation/scripts/analyze.py --batch v2,3,4,5,False,"{""location"": true, ""request"": true, ""root"": true, ""worker"": false, ""wrapper"": true}",1831,33,506,tiktoken 0.14.0 o200k_base,True
08,p4,3,1,True,True,java.util.concurrent.ExecutionException,"mvn -o -B -ntp -Dmaven.repo.local=/Users/hadiranjbar/Downloads/java/token.usage/investigation/.m2 -Pinvestigation,agent-reports -Dtest=FailureCasesTest -Dexperiment.case=08 -Dexperiment.artifactDir=/Users/hadiranjbar/Downloads/java/token.usage/investigation/raw/v2/08/p4/3 -Dexperiment.reportDir=/Users/hadiranjbar/Downloads/java/token.usage/investigation/raw/v2/08/p4/3/reports -Dspring.output.ansi.enabled=never surefire:test",boundary,investigation/raw/v2/08/p4/3,investigation/extracted/v2/08/p4/3/boundary.txt,deterministic console extraction (not automatically agent input),python investigation/scripts/analyze.py --batch v2,3,4,5,False,"{""location"": true, ""request"": true, ""root"": true, ""worker"": false, ""wrapper"": true}",1376,19,380,tiktoken 0.14.0 o200k_base,True
08,p4,3,1,True,True,java.util.concurrent.ExecutionException,"mvn -o -B -ntp -Dmaven.repo.local=/Users/hadiranjbar/Downloads/java/token.usage/investigation/.m2 -Pinvestigation,agent-reports -Dtest=FailureCasesTest -Dexperiment.case=08 -Dexperiment.artifactDir=/Users/hadiranjbar/Downloads/java/token.usage/investigation/raw/v2/08/p4/3 -Dexperiment.reportDir=/Users/hadiranjbar/Downloads/java/token.usage/investigation/raw/v2/08/p4/3/reports -Dspring.output.ansi.enabled=never surefire:test",dedup,investigation/raw/v2/08/p4/3,investigation/extracted/v2/08/p4/3/dedup.txt,deterministic console extraction (not automatically agent input),python investigation/scripts/analyze.py --batch v2,3,4,5,False,"{""location"": true, ""request"": true, ""root"": true, ""worker"": false, ""wrapper"": true}",1376,19,380,tiktoken 0.14.0 o200k_base,True
