case,config,run,exit,profile_verified,identity_verified,failure_identity,command_shell,method,source,path,producer,command,matches,facts_present,facts_required,all_facts,facts,bytes,lines,tokens,tokenizer,within_source_bytes
01,safe,1,1,True,True,expected: <30> but was: <13>,mvn -o -B -ntp -Dmaven.repo.local=/Users/hadiranjbar/Downloads/java/token.usage/investigation/.m2 -Pinvestigation -Dtest=FailureCasesTest -Dexperiment.case=01 -Dexperiment.artifactDir=/Users/hadiranjbar/Downloads/java/token.usage/investigation/raw/conservative-v2/01/safe/1 -Dexperiment.reportDir=/Users/hadiranjbar/Downloads/java/token.usage/investigation/raw/conservative-v2/01/safe/1/reports -Dspring.output.ansi.enabled=never -Dspring.profiles.active=agent -Dexperiment.deduplicate=true surefire:test,complete,investigation/raw/conservative-v2/01/safe/1,investigation/extracted/conservative-v2/01/safe/1/complete.txt,deterministic console extraction (not automatically agent input),python investigation/scripts/analyze.py --batch conservative-v2,2,2,2,True,"{""expected_actual"": true, ""location"": true}",2794,51,707,tiktoken 0.14.0 o200k_base,True
01,safe,1,1,True,True,expected: <30> but was: <13>,mvn -o -B -ntp -Dmaven.repo.local=/Users/hadiranjbar/Downloads/java/token.usage/investigation/.m2 -Pinvestigation -Dtest=FailureCasesTest -Dexperiment.case=01 -Dexperiment.artifactDir=/Users/hadiranjbar/Downloads/java/token.usage/investigation/raw/conservative-v2/01/safe/1 -Dexperiment.reportDir=/Users/hadiranjbar/Downloads/java/token.usage/investigation/raw/conservative-v2/01/safe/1/reports -Dspring.output.ansi.enabled=never -Dspring.profiles.active=agent -Dexperiment.deduplicate=true surefire:test,window20,investigation/raw/conservative-v2/01/safe/1,investigation/extracted/conservative-v2/01/safe/1/window20.txt,deterministic console extraction (not automatically agent input),python investigation/scripts/analyze.py --batch conservative-v2,2,2,2,True,"{""expected_actual"": true, ""location"": true}",1117,20,294,tiktoken 0.14.0 o200k_base,True
01,safe,1,1,True,True,expected: <30> but was: <13>,mvn -o -B -ntp -Dmaven.repo.local=/Users/hadiranjbar/Downloads/java/token.usage/investigation/.m2 -Pinvestigation -Dtest=FailureCasesTest -Dexperiment.case=01 -Dexperiment.artifactDir=/Users/hadiranjbar/Downloads/java/token.usage/investigation/raw/conservative-v2/01/safe/1 -Dexperiment.reportDir=/Users/hadiranjbar/Downloads/java/token.usage/investigation/raw/conservative-v2/01/safe/1/reports -Dspring.output.ansi.enabled=never -Dspring.profiles.active=agent -Dexperiment.deduplicate=true surefire:test,filtered40,investigation/raw/conservative-v2/01/safe/1,investigation/extracted/conservative-v2/01/safe/1/filtered40.txt,deterministic console extraction (not automatically agent input),python investigation/scripts/analyze.py --batch conservative-v2,2,2,2,True,"{""expected_actual"": true, ""location"": true}",1728,30,469,tiktoken 0.14.0 o200k_base,True
01,safe,1,1,True,True,expected: <30> but was: <13>,mvn -o -B -ntp -Dmaven.repo.local=/Users/hadiranjbar/Downloads/java/token.usage/investigation/.m2 -Pinvestigation -Dtest=FailureCasesTest -Dexperiment.case=01 -Dexperiment.artifactDir=/Users/hadiranjbar/Downloads/java/token.usage/investigation/raw/conservative-v2/01/safe/1 -Dexperiment.reportDir=/Users/hadiranjbar/Downloads/java/token.usage/investigation/raw/conservative-v2/01/safe/1/reports -Dspring.output.ansi.enabled=never -Dspring.profiles.active=agent -Dexperiment.deduplicate=true surefire:test,boundary,investigation/raw/conservative-v2/01/safe/1,investigation/extracted/conservative-v2/01/safe/1/boundary.txt,deterministic console extraction (not automatically agent input),python investigation/scripts/analyze.py --batch conservative-v2,2,2,2,True,"{""expected_actual"": true, ""location"": true}",808,10,204,tiktoken 0.14.0 o200k_base,True
01,safe,1,1,True,True,expected: <30> but was: <13>,mvn -o -B -ntp -Dmaven.repo.local=/Users/hadiranjbar/Downloads/java/token.usage/investigation/.m2 -Pinvestigation -Dtest=FailureCasesTest -Dexperiment.case=01 -Dexperiment.artifactDir=/Users/hadiranjbar/Downloads/java/token.usage/investigation/raw/conservative-v2/01/safe/1 -Dexperiment.reportDir=/Users/hadiranjbar/Downloads/java/token.usage/investigation/raw/conservative-v2/01/safe/1/reports -Dspring.output.ansi.enabled=never -Dspring.profiles.active=agent -Dexperiment.deduplicate=true surefire:test,dedup,investigation/raw/conservative-v2/01/safe/1,investigation/extracted/conservative-v2/01/safe/1/dedup.txt,deterministic console extraction (not automatically agent input),python investigation/scripts/analyze.py --batch conservative-v2,2,2,2,True,"{""expected_actual"": true, ""location"": true}",808,10,204,tiktoken 0.14.0 o200k_base,True
01,safe,2,1,True,True,expected: <30> but was: <13>,mvn -o -B -ntp -Dmaven.repo.local=/Users/hadiranjbar/Downloads/java/token.usage/investigation/.m2 -Pinvestigation -Dtest=FailureCasesTest -Dexperiment.case=01 -Dexperiment.artifactDir=/Users/hadiranjbar/Downloads/java/token.usage/investigation/raw/conservative-v2/01/safe/2 -Dexperiment.reportDir=/Users/hadiranjbar/Downloads/java/token.usage/investigation/raw/conservative-v2/01/safe/2/reports -Dspring.output.ansi.enabled=never -Dspring.profiles.active=agent -Dexperiment.deduplicate=true surefire:test,complete,investigation/raw/conservative-v2/01/safe/2,investigation/extracted/conservative-v2/01/safe/2/complete.txt,deterministic console extraction (not automatically agent input),python investigation/scripts/analyze.py --batch conservative-v2,2,2,2,True,"{""expected_actual"": true, ""location"": true}",2794,51,707,tiktoken 0.14.0 o200k_base,True
01,safe,2,1,True,True,expected: <30> but was: <13>,mvn -o -B -ntp -Dmaven.repo.local=/Users/hadiranjbar/Downloads/java/token.usage/investigation/.m2 -Pinvestigation -Dtest=FailureCasesTest -Dexperiment.case=01 -Dexperiment.artifactDir=/Users/hadiranjbar/Downloads/java/token.usage/investigation/raw/conservative-v2/01/safe/2 -Dexperiment.reportDir=/Users/hadiranjbar/Downloads/java/token.usage/investigation/raw/conservative-v2/01/safe/2/reports -Dspring.output.ansi.enabled=never -Dspring.profiles.active=agent -Dexperiment.deduplicate=true surefire:test,window20,investigation/raw/conservative-v2/01/safe/2,investigation/extracted/conservative-v2/01/safe/2/window20.txt,deterministic console extraction (not automatically agent input),python investigation/scripts/analyze.py --batch conservative-v2,2,2,2,True,"{""expected_actual"": true, ""location"": true}",1117,20,294,tiktoken 0.14.0 o200k_base,True
01,safe,2,1,True,True,expected: <30> but was: <13>,mvn -o -B -ntp -Dmaven.repo.local=/Users/hadiranjbar/Downloads/java/token.usage/investigation/.m2 -Pinvestigation -Dtest=FailureCasesTest -Dexperiment.case=01 -Dexperiment.artifactDir=/Users/hadiranjbar/Downloads/java/token.usage/investigation/raw/conservative-v2/01/safe/2 -Dexperiment.reportDir=/Users/hadiranjbar/Downloads/java/token.usage/investigation/raw/conservative-v2/01/safe/2/reports -Dspring.output.ansi.enabled=never -Dspring.profiles.active=agent -Dexperiment.deduplicate=true surefire:test,filtered40,investigation/raw/conservative-v2/01/safe/2,investigation/extracted/conservative-v2/01/safe/2/filtered40.txt,deterministic console extraction (not automatically agent input),python investigation/scripts/analyze.py --batch conservative-v2,2,2,2,True,"{""expected_actual"": true, ""location"": true}",1728,30,469,tiktoken 0.14.0 o200k_base,True
01,safe,2,1,True,True,expected: <30> but was: <13>,mvn -o -B -ntp -Dmaven.repo.local=/Users/hadiranjbar/Downloads/java/token.usage/investigation/.m2 -Pinvestigation -Dtest=FailureCasesTest -Dexperiment.case=01 -Dexperiment.artifactDir=/Users/hadiranjbar/Downloads/java/token.usage/investigation/raw/conservative-v2/01/safe/2 -Dexperiment.reportDir=/Users/hadiranjbar/Downloads/java/token.usage/investigation/raw/conservative-v2/01/safe/2/reports -Dspring.output.ansi.enabled=never -Dspring.profiles.active=agent -Dexperiment.deduplicate=true surefire:test,boundary,investigation/raw/conservative-v2/01/safe/2,investigation/extracted/conservative-v2/01/safe/2/boundary.txt,deterministic console extraction (not automatically agent input),python investigation/scripts/analyze.py --batch conservative-v2,2,2,2,True,"{""expected_actual"": true, ""location"": true}",808,10,204,tiktoken 0.14.0 o200k_base,True
01,safe,2,1,True,True,expected: <30> but was: <13>,mvn -o -B -ntp -Dmaven.repo.local=/Users/hadiranjbar/Downloads/java/token.usage/investigation/.m2 -Pinvestigation -Dtest=FailureCasesTest -Dexperiment.case=01 -Dexperiment.artifactDir=/Users/hadiranjbar/Downloads/java/token.usage/investigation/raw/conservative-v2/01/safe/2 -Dexperiment.reportDir=/Users/hadiranjbar/Downloads/java/token.usage/investigation/raw/conservative-v2/01/safe/2/reports -Dspring.output.ansi.enabled=never -Dspring.profiles.active=agent -Dexperiment.deduplicate=true surefire:test,dedup,investigation/raw/conservative-v2/01/safe/2,investigation/extracted/conservative-v2/01/safe/2/dedup.txt,deterministic console extraction (not automatically agent input),python investigation/scripts/analyze.py --batch conservative-v2,2,2,2,True,"{""expected_actual"": true, ""location"": true}",808,10,204,tiktoken 0.14.0 o200k_base,True
01,safe,3,1,True,True,expected: <30> but was: <13>,mvn -o -B -ntp -Dmaven.repo.local=/Users/hadiranjbar/Downloads/java/token.usage/investigation/.m2 -Pinvestigation -Dtest=FailureCasesTest -Dexperiment.case=01 -Dexperiment.artifactDir=/Users/hadiranjbar/Downloads/java/token.usage/investigation/raw/conservative-v2/01/safe/3 -Dexperiment.reportDir=/Users/hadiranjbar/Downloads/java/token.usage/investigation/raw/conservative-v2/01/safe/3/reports -Dspring.output.ansi.enabled=never -Dspring.profiles.active=agent -Dexperiment.deduplicate=true surefire:test,complete,investigation/raw/conservative-v2/01/safe/3,investigation/extracted/conservative-v2/01/safe/3/complete.txt,deterministic console extraction (not automatically agent input),python investigation/scripts/analyze.py --batch conservative-v2,2,2,2,True,"{""expected_actual"": true, ""location"": true}",2794,51,707,tiktoken 0.14.0 o200k_base,True
01,safe,3,1,True,True,expected: <30> but was: <13>,mvn -o -B -ntp -Dmaven.repo.local=/Users/hadiranjbar/Downloads/java/token.usage/investigation/.m2 -Pinvestigation -Dtest=FailureCasesTest -Dexperiment.case=01 -Dexperiment.artifactDir=/Users/hadiranjbar/Downloads/java/token.usage/investigation/raw/conservative-v2/01/safe/3 -Dexperiment.reportDir=/Users/hadiranjbar/Downloads/java/token.usage/investigation/raw/conservative-v2/01/safe/3/reports -Dspring.output.ansi.enabled=never -Dspring.profiles.active=agent -Dexperiment.deduplicate=true surefire:test,window20,investigation/raw/conservative-v2/01/safe/3,investigation/extracted/conservative-v2/01/safe/3/window20.txt,deterministic console extraction (not automatically agent input),python investigation/scripts/analyze.py --batch conservative-v2,2,2,2,True,"{""expected_actual"": true, ""location"": true}",1117,20,294,tiktoken 0.14.0 o200k_base,True
01,safe,3,1,True,True,expected: <30> but was: <13>,mvn -o -B -ntp -Dmaven.repo.local=/Users/hadiranjbar/Downloads/java/token.usage/investigation/.m2 -Pinvestigation -Dtest=FailureCasesTest -Dexperiment.case=01 -Dexperiment.artifactDir=/Users/hadiranjbar/Downloads/java/token.usage/investigation/raw/conservative-v2/01/safe/3 -Dexperiment.reportDir=/Users/hadiranjbar/Downloads/java/token.usage/investigation/raw/conservative-v2/01/safe/3/reports -Dspring.output.ansi.enabled=never -Dspring.profiles.active=agent -Dexperiment.deduplicate=true surefire:test,filtered40,investigation/raw/conservative-v2/01/safe/3,investigation/extracted/conservative-v2/01/safe/3/filtered40.txt,deterministic console extraction (not automatically agent input),python investigation/scripts/analyze.py --batch conservative-v2,2,2,2,True,"{""expected_actual"": true, ""location"": true}",1728,30,469,tiktoken 0.14.0 o200k_base,True
01,safe,3,1,True,True,expected: <30> but was: <13>,mvn -o -B -ntp -Dmaven.repo.local=/Users/hadiranjbar/Downloads/java/token.usage/investigation/.m2 -Pinvestigation -Dtest=FailureCasesTest -Dexperiment.case=01 -Dexperiment.artifactDir=/Users/hadiranjbar/Downloads/java/token.usage/investigation/raw/conservative-v2/01/safe/3 -Dexperiment.reportDir=/Users/hadiranjbar/Downloads/java/token.usage/investigation/raw/conservative-v2/01/safe/3/reports -Dspring.output.ansi.enabled=never -Dspring.profiles.active=agent -Dexperiment.deduplicate=true surefire:test,boundary,investigation/raw/conservative-v2/01/safe/3,investigation/extracted/conservative-v2/01/safe/3/boundary.txt,deterministic console extraction (not automatically agent input),python investigation/scripts/analyze.py --batch conservative-v2,2,2,2,True,"{""expected_actual"": true, ""location"": true}",808,10,204,tiktoken 0.14.0 o200k_base,True
01,safe,3,1,True,True,expected: <30> but was: <13>,mvn -o -B -ntp -Dmaven.repo.local=/Users/hadiranjbar/Downloads/java/token.usage/investigation/.m2 -Pinvestigation -Dtest=FailureCasesTest -Dexperiment.case=01 -Dexperiment.artifactDir=/Users/hadiranjbar/Downloads/java/token.usage/investigation/raw/conservative-v2/01/safe/3 -Dexperiment.reportDir=/Users/hadiranjbar/Downloads/java/token.usage/investigation/raw/conservative-v2/01/safe/3/reports -Dspring.output.ansi.enabled=never -Dspring.profiles.active=agent -Dexperiment.deduplicate=true surefire:test,dedup,investigation/raw/conservative-v2/01/safe/3,investigation/extracted/conservative-v2/01/safe/3/dedup.txt,deterministic console extraction (not automatically agent input),python investigation/scripts/analyze.py --batch conservative-v2,2,2,2,True,"{""expected_actual"": true, ""location"": true}",808,10,204,tiktoken 0.14.0 o200k_base,True
02,safe,1,1,True,True,cannot initialize client,mvn -o -B -ntp -Dmaven.repo.local=/Users/hadiranjbar/Downloads/java/token.usage/investigation/.m2 -Pinvestigation -Dtest=FailureCasesTest -Dexperiment.case=02 -Dexperiment.artifactDir=/Users/hadiranjbar/Downloads/java/token.usage/investigation/raw/conservative-v2/02/safe/1 -Dexperiment.reportDir=/Users/hadiranjbar/Downloads/java/token.usage/investigation/raw/conservative-v2/02/safe/1/reports -Dspring.output.ansi.enabled=never -Dspring.profiles.active=agent -Dexperiment.deduplicate=true surefire:test,complete,investigation/raw/conservative-v2/02/safe/1,investigation/extracted/conservative-v2/02/safe/1/complete.txt,deterministic console extraction (not automatically agent input),python investigation/scripts/analyze.py --batch conservative-v2,3,5,5,True,"{""cause"": true, ""location"": true, ""outer"": true, ""root"": true, ""suppressed"": true}",5851,99,1642,tiktoken 0.14.0 o200k_base,True
02,safe,1,1,True,True,cannot initialize client,mvn -o -B -ntp -Dmaven.repo.local=/Users/hadiranjbar/Downloads/java/token.usage/investigation/.m2 -Pinvestigation -Dtest=FailureCasesTest -Dexperiment.case=02 -Dexperiment.artifactDir=/Users/hadiranjbar/Downloads/java/token.usage/investigation/raw/conservative-v2/02/safe/1 -Dexperiment.reportDir=/Users/hadiranjbar/Downloads/java/token.usage/investigation/raw/conservative-v2/02/safe/1/reports -Dspring.output.ansi.enabled=never -Dspring.profiles.active=agent -Dexperiment.deduplicate=true surefire:test,window20,investigation/raw/conservative-v2/02/safe/1,investigation/extracted/conservative-v2/02/safe/1/window20.txt,deterministic console extraction (not automatically agent input),python investigation/scripts/analyze.py --batch conservative-v2,3,5,5,True,"{""cause"": true, ""location"": true, ""outer"": true, ""root"": true, ""suppressed"": true}",1411,20,372,tiktoken 0.14.0 o200k_base,True
02,safe,1,1,True,True,cannot initialize client,mvn -o -B -ntp -Dmaven.repo.local=/Users/hadiranjbar/Downloads/java/token.usage/investigation/.m2 -Pinvestigation -Dtest=FailureCasesTest -Dexperiment.case=02 -Dexperiment.artifactDir=/Users/hadiranjbar/Downloads/java/token.usage/investigation/raw/conservative-v2/02/safe/1 -Dexperiment.reportDir=/Users/hadiranjbar/Downloads/java/token.usage/investigation/raw/conservative-v2/02/safe/1/reports -Dspring.output.ansi.enabled=never -Dspring.profiles.active=agent -Dexperiment.deduplicate=true surefire:test,filtered40,investigation/raw/conservative-v2/02/safe/1,investigation/extracted/conservative-v2/02/safe/1/filtered40.txt,deterministic console extraction (not automatically agent input),python investigation/scripts/analyze.py --batch conservative-v2,3,5,5,True,"{""cause"": true, ""location"": true, ""outer"": true, ""root"": true, ""suppressed"": true}",1693,29,464,tiktoken 0.14.0 o200k_base,True
02,safe,1,1,True,True,cannot initialize client,mvn -o -B -ntp -Dmaven.repo.local=/Users/hadiranjbar/Downloads/java/token.usage/investigation/.m2 -Pinvestigation -Dtest=FailureCasesTest -Dexperiment.case=02 -Dexperiment.artifactDir=/Users/hadiranjbar/Downloads/java/token.usage/investigation/raw/conservative-v2/02/safe/1 -Dexperiment.reportDir=/Users/hadiranjbar/Downloads/java/token.usage/investigation/raw/conservative-v2/02/safe/1/reports -Dspring.output.ansi.enabled=never -Dspring.profiles.active=agent -Dexperiment.deduplicate=true surefire:test,boundary,investigation/raw/conservative-v2/02/safe/1,investigation/extracted/conservative-v2/02/safe/1/boundary.txt,deterministic console extraction (not automatically agent input),python investigation/scripts/analyze.py --batch conservative-v2,3,5,5,True,"{""cause"": true, ""location"": true, ""outer"": true, ""root"": true, ""suppressed"": true}",2795,45,745,tiktoken 0.14.0 o200k_base,True
02,safe,1,1,True,True,cannot initialize client,mvn -o -B -ntp -Dmaven.repo.local=/Users/hadiranjbar/Downloads/java/token.usage/investigation/.m2 -Pinvestigation -Dtest=FailureCasesTest -Dexperiment.case=02 -Dexperiment.artifactDir=/Users/hadiranjbar/Downloads/java/token.usage/investigation/raw/conservative-v2/02/safe/1 -Dexperiment.reportDir=/Users/hadiranjbar/Downloads/java/token.usage/investigation/raw/conservative-v2/02/safe/1/reports -Dspring.output.ansi.enabled=never -Dspring.profiles.active=agent -Dexperiment.deduplicate=true surefire:test,dedup,investigation/raw/conservative-v2/02/safe/1,investigation/extracted/conservative-v2/02/safe/1/dedup.txt,deterministic console extraction (not automatically agent input),python investigation/scripts/analyze.py --batch conservative-v2,3,5,5,True,"{""cause"": true, ""location"": true, ""outer"": true, ""root"": true, ""suppressed"": true}",2795,45,745,tiktoken 0.14.0 o200k_base,True
02,safe,2,1,True,True,cannot initialize client,mvn -o -B -ntp -Dmaven.repo.local=/Users/hadiranjbar/Downloads/java/token.usage/investigation/.m2 -Pinvestigation -Dtest=FailureCasesTest -Dexperiment.case=02 -Dexperiment.artifactDir=/Users/hadiranjbar/Downloads/java/token.usage/investigation/raw/conservative-v2/02/safe/2 -Dexperiment.reportDir=/Users/hadiranjbar/Downloads/java/token.usage/investigation/raw/conservative-v2/02/safe/2/reports -Dspring.output.ansi.enabled=never -Dspring.profiles.active=agent -Dexperiment.deduplicate=true surefire:test,complete,investigation/raw/conservative-v2/02/safe/2,investigation/extracted/conservative-v2/02/safe/2/complete.txt,deterministic console extraction (not automatically agent input),python investigation/scripts/analyze.py --batch conservative-v2,3,5,5,True,"{""cause"": true, ""location"": true, ""outer"": true, ""root"": true, ""suppressed"": true}",5852,99,1642,tiktoken 0.14.0 o200k_base,True
02,safe,2,1,True,True,cannot initialize client,mvn -o -B -ntp -Dmaven.repo.local=/Users/hadiranjbar/Downloads/java/token.usage/investigation/.m2 -Pinvestigation -Dtest=FailureCasesTest -Dexperiment.case=02 -Dexperiment.artifactDir=/Users/hadiranjbar/Downloads/java/token.usage/investigation/raw/conservative-v2/02/safe/2 -Dexperiment.reportDir=/Users/hadiranjbar/Downloads/java/token.usage/investigation/raw/conservative-v2/02/safe/2/reports -Dspring.output.ansi.enabled=never -Dspring.profiles.active=agent -Dexperiment.deduplicate=true surefire:test,window20,investigation/raw/conservative-v2/02/safe/2,investigation/extracted/conservative-v2/02/safe/2/window20.txt,deterministic console extraction (not automatically agent input),python investigation/scripts/analyze.py --batch conservative-v2,3,5,5,True,"{""cause"": true, ""location"": true, ""outer"": true, ""root"": true, ""suppressed"": true}",1411,20,372,tiktoken 0.14.0 o200k_base,True
02,safe,2,1,True,True,cannot initialize client,mvn -o -B -ntp -Dmaven.repo.local=/Users/hadiranjbar/Downloads/java/token.usage/investigation/.m2 -Pinvestigation -Dtest=FailureCasesTest -Dexperiment.case=02 -Dexperiment.artifactDir=/Users/hadiranjbar/Downloads/java/token.usage/investigation/raw/conservative-v2/02/safe/2 -Dexperiment.reportDir=/Users/hadiranjbar/Downloads/java/token.usage/investigation/raw/conservative-v2/02/safe/2/reports -Dspring.output.ansi.enabled=never -Dspring.profiles.active=agent -Dexperiment.deduplicate=true surefire:test,filtered40,investigation/raw/conservative-v2/02/safe/2,investigation/extracted/conservative-v2/02/safe/2/filtered40.txt,deterministic console extraction (not automatically agent input),python investigation/scripts/analyze.py --batch conservative-v2,3,5,5,True,"{""cause"": true, ""location"": true, ""outer"": true, ""root"": true, ""suppressed"": true}",1693,29,464,tiktoken 0.14.0 o200k_base,True
02,safe,2,1,True,True,cannot initialize client,mvn -o -B -ntp -Dmaven.repo.local=/Users/hadiranjbar/Downloads/java/token.usage/investigation/.m2 -Pinvestigation -Dtest=FailureCasesTest -Dexperiment.case=02 -Dexperiment.artifactDir=/Users/hadiranjbar/Downloads/java/token.usage/investigation/raw/conservative-v2/02/safe/2 -Dexperiment.reportDir=/Users/hadiranjbar/Downloads/java/token.usage/investigation/raw/conservative-v2/02/safe/2/reports -Dspring.output.ansi.enabled=never -Dspring.profiles.active=agent -Dexperiment.deduplicate=true surefire:test,boundary,investigation/raw/conservative-v2/02/safe/2,investigation/extracted/conservative-v2/02/safe/2/boundary.txt,deterministic console extraction (not automatically agent input),python investigation/scripts/analyze.py --batch conservative-v2,3,5,5,True,"{""cause"": true, ""location"": true, ""outer"": true, ""root"": true, ""suppressed"": true}",2795,45,745,tiktoken 0.14.0 o200k_base,True
02,safe,2,1,True,True,cannot initialize client,mvn -o -B -ntp -Dmaven.repo.local=/Users/hadiranjbar/Downloads/java/token.usage/investigation/.m2 -Pinvestigation -Dtest=FailureCasesTest -Dexperiment.case=02 -Dexperiment.artifactDir=/Users/hadiranjbar/Downloads/java/token.usage/investigation/raw/conservative-v2/02/safe/2 -Dexperiment.reportDir=/Users/hadiranjbar/Downloads/java/token.usage/investigation/raw/conservative-v2/02/safe/2/reports -Dspring.output.ansi.enabled=never -Dspring.profiles.active=agent -Dexperiment.deduplicate=true surefire:test,dedup,investigation/raw/conservative-v2/02/safe/2,investigation/extracted/conservative-v2/02/safe/2/dedup.txt,deterministic console extraction (not automatically agent input),python investigation/scripts/analyze.py --batch conservative-v2,3,5,5,True,"{""cause"": true, ""location"": true, ""outer"": true, ""root"": true, ""suppressed"": true}",2795,45,745,tiktoken 0.14.0 o200k_base,True
02,safe,3,1,True,True,cannot initialize client,mvn -o -B -ntp -Dmaven.repo.local=/Users/hadiranjbar/Downloads/java/token.usage/investigation/.m2 -Pinvestigation -Dtest=FailureCasesTest -Dexperiment.case=02 -Dexperiment.artifactDir=/Users/hadiranjbar/Downloads/java/token.usage/investigation/raw/conservative-v2/02/safe/3 -Dexperiment.reportDir=/Users/hadiranjbar/Downloads/java/token.usage/investigation/raw/conservative-v2/02/safe/3/reports -Dspring.output.ansi.enabled=never -Dspring.profiles.active=agent -Dexperiment.deduplicate=true surefire:test,complete,investigation/raw/conservative-v2/02/safe/3,investigation/extracted/conservative-v2/02/safe/3/complete.txt,deterministic console extraction (not automatically agent input),python investigation/scripts/analyze.py --batch conservative-v2,3,5,5,True,"{""cause"": true, ""location"": true, ""outer"": true, ""root"": true, ""suppressed"": true}",5852,99,1642,tiktoken 0.14.0 o200k_base,True
02,safe,3,1,True,True,cannot initialize client,mvn -o -B -ntp -Dmaven.repo.local=/Users/hadiranjbar/Downloads/java/token.usage/investigation/.m2 -Pinvestigation -Dtest=FailureCasesTest -Dexperiment.case=02 -Dexperiment.artifactDir=/Users/hadiranjbar/Downloads/java/token.usage/investigation/raw/conservative-v2/02/safe/3 -Dexperiment.reportDir=/Users/hadiranjbar/Downloads/java/token.usage/investigation/raw/conservative-v2/02/safe/3/reports -Dspring.output.ansi.enabled=never -Dspring.profiles.active=agent -Dexperiment.deduplicate=true surefire:test,window20,investigation/raw/conservative-v2/02/safe/3,investigation/extracted/conservative-v2/02/safe/3/window20.txt,deterministic console extraction (not automatically agent input),python investigation/scripts/analyze.py --batch conservative-v2,3,5,5,True,"{""cause"": true, ""location"": true, ""outer"": true, ""root"": true, ""suppressed"": true}",1411,20,372,tiktoken 0.14.0 o200k_base,True
02,safe,3,1,True,True,cannot initialize client,mvn -o -B -ntp -Dmaven.repo.local=/Users/hadiranjbar/Downloads/java/token.usage/investigation/.m2 -Pinvestigation -Dtest=FailureCasesTest -Dexperiment.case=02 -Dexperiment.artifactDir=/Users/hadiranjbar/Downloads/java/token.usage/investigation/raw/conservative-v2/02/safe/3 -Dexperiment.reportDir=/Users/hadiranjbar/Downloads/java/token.usage/investigation/raw/conservative-v2/02/safe/3/reports -Dspring.output.ansi.enabled=never -Dspring.profiles.active=agent -Dexperiment.deduplicate=true surefire:test,filtered40,investigation/raw/conservative-v2/02/safe/3,investigation/extracted/conservative-v2/02/safe/3/filtered40.txt,deterministic console extraction (not automatically agent input),python investigation/scripts/analyze.py --batch conservative-v2,3,5,5,True,"{""cause"": true, ""location"": true, ""outer"": true, ""root"": true, ""suppressed"": true}",1693,29,464,tiktoken 0.14.0 o200k_base,True
02,safe,3,1,True,True,cannot initialize client,mvn -o -B -ntp -Dmaven.repo.local=/Users/hadiranjbar/Downloads/java/token.usage/investigation/.m2 -Pinvestigation -Dtest=FailureCasesTest -Dexperiment.case=02 -Dexperiment.artifactDir=/Users/hadiranjbar/Downloads/java/token.usage/investigation/raw/conservative-v2/02/safe/3 -Dexperiment.reportDir=/Users/hadiranjbar/Downloads/java/token.usage/investigation/raw/conservative-v2/02/safe/3/reports -Dspring.output.ansi.enabled=never -Dspring.profiles.active=agent -Dexperiment.deduplicate=true surefire:test,boundary,investigation/raw/conservative-v2/02/safe/3,investigation/extracted/conservative-v2/02/safe/3/boundary.txt,deterministic console extraction (not automatically agent input),python investigation/scripts/analyze.py --batch conservative-v2,3,5,5,True,"{""cause"": true, ""location"": true, ""outer"": true, ""root"": true, ""suppressed"": true}",2795,45,745,tiktoken 0.14.0 o200k_base,True
02,safe,3,1,True,True,cannot initialize client,mvn -o -B -ntp -Dmaven.repo.local=/Users/hadiranjbar/Downloads/java/token.usage/investigation/.m2 -Pinvestigation -Dtest=FailureCasesTest -Dexperiment.case=02 -Dexperiment.artifactDir=/Users/hadiranjbar/Downloads/java/token.usage/investigation/raw/conservative-v2/02/safe/3 -Dexperiment.reportDir=/Users/hadiranjbar/Downloads/java/token.usage/investigation/raw/conservative-v2/02/safe/3/reports -Dspring.output.ansi.enabled=never -Dspring.profiles.active=agent -Dexperiment.deduplicate=true surefire:test,dedup,investigation/raw/conservative-v2/02/safe/3,investigation/extracted/conservative-v2/02/safe/3/dedup.txt,deterministic console extraction (not automatically agent input),python investigation/scripts/analyze.py --batch conservative-v2,3,5,5,True,"{""cause"": true, ""location"": true, ""outer"": true, ""root"": true, ""suppressed"": true}",2795,45,745,tiktoken 0.14.0 o200k_base,True
03,safe,1,1,True,True,expected: <200> but was: <400>,mvn -o -B -ntp -Dmaven.repo.local=/Users/hadiranjbar/Downloads/java/token.usage/investigation/.m2 -Pinvestigation -Dtest=FailureCasesTest -Dexperiment.case=03 -Dexperiment.artifactDir=/Users/hadiranjbar/Downloads/java/token.usage/investigation/raw/conservative-v2/03/safe/1 -Dexperiment.reportDir=/Users/hadiranjbar/Downloads/java/token.usage/investigation/raw/conservative-v2/03/safe/1/reports -Dspring.output.ansi.enabled=never -Dspring.profiles.active=agent -Dexperiment.deduplicate=true surefire:test,complete,investigation/raw/conservative-v2/03/safe/1,investigation/extracted/conservative-v2/03/safe/1/complete.txt,deterministic console extraction (not automatically agent input),python investigation/scripts/analyze.py --batch conservative-v2,3,4,4,True,"{""binding"": true, ""location"": true, ""request"": true, ""status"": true}",9822,114,2673,tiktoken 0.14.0 o200k_base,True
03,safe,1,1,True,True,expected: <200> but was: <400>,mvn -o -B -ntp -Dmaven.repo.local=/Users/hadiranjbar/Downloads/java/token.usage/investigation/.m2 -Pinvestigation -Dtest=FailureCasesTest -Dexperiment.case=03 -Dexperiment.artifactDir=/Users/hadiranjbar/Downloads/java/token.usage/investigation/raw/conservative-v2/03/safe/1 -Dexperiment.reportDir=/Users/hadiranjbar/Downloads/java/token.usage/investigation/raw/conservative-v2/03/safe/1/reports -Dspring.output.ansi.enabled=never -Dspring.profiles.active=agent -Dexperiment.deduplicate=true surefire:test,window20,investigation/raw/conservative-v2/03/safe/1,investigation/extracted/conservative-v2/03/safe/1/window20.txt,deterministic console extraction (not automatically agent input),python investigation/scripts/analyze.py --batch conservative-v2,3,3,4,False,"{""binding"": true, ""location"": false, ""request"": true, ""status"": true}",2805,20,723,tiktoken 0.14.0 o200k_base,True
03,safe,1,1,True,True,expected: <200> but was: <400>,mvn -o -B -ntp -Dmaven.repo.local=/Users/hadiranjbar/Downloads/java/token.usage/investigation/.m2 -Pinvestigation -Dtest=FailureCasesTest -Dexperiment.case=03 -Dexperiment.artifactDir=/Users/hadiranjbar/Downloads/java/token.usage/investigation/raw/conservative-v2/03/safe/1 -Dexperiment.reportDir=/Users/hadiranjbar/Downloads/java/token.usage/investigation/raw/conservative-v2/03/safe/1/reports -Dspring.output.ansi.enabled=never -Dspring.profiles.active=agent -Dexperiment.deduplicate=true surefire:test,filtered40,investigation/raw/conservative-v2/03/safe/1,investigation/extracted/conservative-v2/03/safe/1/filtered40.txt,deterministic console extraction (not automatically agent input),python investigation/scripts/analyze.py --batch conservative-v2,3,4,4,True,"{""binding"": true, ""location"": true, ""request"": true, ""status"": true}",689,7,183,tiktoken 0.14.0 o200k_base,True
03,safe,1,1,True,True,expected: <200> but was: <400>,mvn -o -B -ntp -Dmaven.repo.local=/Users/hadiranjbar/Downloads/java/token.usage/investigation/.m2 -Pinvestigation -Dtest=FailureCasesTest -Dexperiment.case=03 -Dexperiment.artifactDir=/Users/hadiranjbar/Downloads/java/token.usage/investigation/raw/conservative-v2/03/safe/1 -Dexperiment.reportDir=/Users/hadiranjbar/Downloads/java/token.usage/investigation/raw/conservative-v2/03/safe/1/reports -Dspring.output.ansi.enabled=never -Dspring.profiles.active=agent -Dexperiment.deduplicate=true surefire:test,boundary,investigation/raw/conservative-v2/03/safe/1,investigation/extracted/conservative-v2/03/safe/1/boundary.txt,deterministic console extraction (not automatically agent input),python investigation/scripts/analyze.py --batch conservative-v2,3,4,4,True,"{""binding"": true, ""location"": true, ""request"": true, ""status"": true}",6161,56,1620,tiktoken 0.14.0 o200k_base,True
03,safe,1,1,True,True,expected: <200> but was: <400>,mvn -o -B -ntp -Dmaven.repo.local=/Users/hadiranjbar/Downloads/java/token.usage/investigation/.m2 -Pinvestigation -Dtest=FailureCasesTest -Dexperiment.case=03 -Dexperiment.artifactDir=/Users/hadiranjbar/Downloads/java/token.usage/investigation/raw/conservative-v2/03/safe/1 -Dexperiment.reportDir=/Users/hadiranjbar/Downloads/java/token.usage/investigation/raw/conservative-v2/03/safe/1/reports -Dspring.output.ansi.enabled=never -Dspring.profiles.active=agent -Dexperiment.deduplicate=true surefire:test,dedup,investigation/raw/conservative-v2/03/safe/1,investigation/extracted/conservative-v2/03/safe/1/dedup.txt,deterministic console extraction (not automatically agent input),python investigation/scripts/analyze.py --batch conservative-v2,3,4,4,True,"{""binding"": true, ""location"": true, ""request"": true, ""status"": true}",6161,56,1620,tiktoken 0.14.0 o200k_base,True
03,safe,2,1,True,True,expected: <200> but was: <400>,mvn -o -B -ntp -Dmaven.repo.local=/Users/hadiranjbar/Downloads/java/token.usage/investigation/.m2 -Pinvestigation -Dtest=FailureCasesTest -Dexperiment.case=03 -Dexperiment.artifactDir=/Users/hadiranjbar/Downloads/java/token.usage/investigation/raw/conservative-v2/03/safe/2 -Dexperiment.reportDir=/Users/hadiranjbar/Downloads/java/token.usage/investigation/raw/conservative-v2/03/safe/2/reports -Dspring.output.ansi.enabled=never -Dspring.profiles.active=agent -Dexperiment.deduplicate=true surefire:test,complete,investigation/raw/conservative-v2/03/safe/2,investigation/extracted/conservative-v2/03/safe/2/complete.txt,deterministic console extraction (not automatically agent input),python investigation/scripts/analyze.py --batch conservative-v2,3,4,4,True,"{""binding"": true, ""location"": true, ""request"": true, ""status"": true}",9822,114,2673,tiktoken 0.14.0 o200k_base,True
03,safe,2,1,True,True,expected: <200> but was: <400>,mvn -o -B -ntp -Dmaven.repo.local=/Users/hadiranjbar/Downloads/java/token.usage/investigation/.m2 -Pinvestigation -Dtest=FailureCasesTest -Dexperiment.case=03 -Dexperiment.artifactDir=/Users/hadiranjbar/Downloads/java/token.usage/investigation/raw/conservative-v2/03/safe/2 -Dexperiment.reportDir=/Users/hadiranjbar/Downloads/java/token.usage/investigation/raw/conservative-v2/03/safe/2/reports -Dspring.output.ansi.enabled=never -Dspring.profiles.active=agent -Dexperiment.deduplicate=true surefire:test,window20,investigation/raw/conservative-v2/03/safe/2,investigation/extracted/conservative-v2/03/safe/2/window20.txt,deterministic console extraction (not automatically agent input),python investigation/scripts/analyze.py --batch conservative-v2,3,3,4,False,"{""binding"": true, ""location"": false, ""request"": true, ""status"": true}",2805,20,723,tiktoken 0.14.0 o200k_base,True
03,safe,2,1,True,True,expected: <200> but was: <400>,mvn -o -B -ntp -Dmaven.repo.local=/Users/hadiranjbar/Downloads/java/token.usage/investigation/.m2 -Pinvestigation -Dtest=FailureCasesTest -Dexperiment.case=03 -Dexperiment.artifactDir=/Users/hadiranjbar/Downloads/java/token.usage/investigation/raw/conservative-v2/03/safe/2 -Dexperiment.reportDir=/Users/hadiranjbar/Downloads/java/token.usage/investigation/raw/conservative-v2/03/safe/2/reports -Dspring.output.ansi.enabled=never -Dspring.profiles.active=agent -Dexperiment.deduplicate=true surefire:test,filtered40,investigation/raw/conservative-v2/03/safe/2,investigation/extracted/conservative-v2/03/safe/2/filtered40.txt,deterministic console extraction (not automatically agent input),python investigation/scripts/analyze.py --batch conservative-v2,3,4,4,True,"{""binding"": true, ""location"": true, ""request"": true, ""status"": true}",689,7,183,tiktoken 0.14.0 o200k_base,True
03,safe,2,1,True,True,expected: <200> but was: <400>,mvn -o -B -ntp -Dmaven.repo.local=/Users/hadiranjbar/Downloads/java/token.usage/investigation/.m2 -Pinvestigation -Dtest=FailureCasesTest -Dexperiment.case=03 -Dexperiment.artifactDir=/Users/hadiranjbar/Downloads/java/token.usage/investigation/raw/conservative-v2/03/safe/2 -Dexperiment.reportDir=/Users/hadiranjbar/Downloads/java/token.usage/investigation/raw/conservative-v2/03/safe/2/reports -Dspring.output.ansi.enabled=never -Dspring.profiles.active=agent -Dexperiment.deduplicate=true surefire:test,boundary,investigation/raw/conservative-v2/03/safe/2,investigation/extracted/conservative-v2/03/safe/2/boundary.txt,deterministic console extraction (not automatically agent input),python investigation/scripts/analyze.py --batch conservative-v2,3,4,4,True,"{""binding"": true, ""location"": true, ""request"": true, ""status"": true}",6161,56,1620,tiktoken 0.14.0 o200k_base,True
03,safe,2,1,True,True,expected: <200> but was: <400>,mvn -o -B -ntp -Dmaven.repo.local=/Users/hadiranjbar/Downloads/java/token.usage/investigation/.m2 -Pinvestigation -Dtest=FailureCasesTest -Dexperiment.case=03 -Dexperiment.artifactDir=/Users/hadiranjbar/Downloads/java/token.usage/investigation/raw/conservative-v2/03/safe/2 -Dexperiment.reportDir=/Users/hadiranjbar/Downloads/java/token.usage/investigation/raw/conservative-v2/03/safe/2/reports -Dspring.output.ansi.enabled=never -Dspring.profiles.active=agent -Dexperiment.deduplicate=true surefire:test,dedup,investigation/raw/conservative-v2/03/safe/2,investigation/extracted/conservative-v2/03/safe/2/dedup.txt,deterministic console extraction (not automatically agent input),python investigation/scripts/analyze.py --batch conservative-v2,3,4,4,True,"{""binding"": true, ""location"": true, ""request"": true, ""status"": true}",6161,56,1620,tiktoken 0.14.0 o200k_base,True
03,safe,3,1,True,True,expected: <200> but was: <400>,mvn -o -B -ntp -Dmaven.repo.local=/Users/hadiranjbar/Downloads/java/token.usage/investigation/.m2 -Pinvestigation -Dtest=FailureCasesTest -Dexperiment.case=03 -Dexperiment.artifactDir=/Users/hadiranjbar/Downloads/java/token.usage/investigation/raw/conservative-v2/03/safe/3 -Dexperiment.reportDir=/Users/hadiranjbar/Downloads/java/token.usage/investigation/raw/conservative-v2/03/safe/3/reports -Dspring.output.ansi.enabled=never -Dspring.profiles.active=agent -Dexperiment.deduplicate=true surefire:test,complete,investigation/raw/conservative-v2/03/safe/3,investigation/extracted/conservative-v2/03/safe/3/complete.txt,deterministic console extraction (not automatically agent input),python investigation/scripts/analyze.py --batch conservative-v2,3,4,4,True,"{""binding"": true, ""location"": true, ""request"": true, ""status"": true}",9822,114,2673,tiktoken 0.14.0 o200k_base,True
03,safe,3,1,True,True,expected: <200> but was: <400>,mvn -o -B -ntp -Dmaven.repo.local=/Users/hadiranjbar/Downloads/java/token.usage/investigation/.m2 -Pinvestigation -Dtest=FailureCasesTest -Dexperiment.case=03 -Dexperiment.artifactDir=/Users/hadiranjbar/Downloads/java/token.usage/investigation/raw/conservative-v2/03/safe/3 -Dexperiment.reportDir=/Users/hadiranjbar/Downloads/java/token.usage/investigation/raw/conservative-v2/03/safe/3/reports -Dspring.output.ansi.enabled=never -Dspring.profiles.active=agent -Dexperiment.deduplicate=true surefire:test,window20,investigation/raw/conservative-v2/03/safe/3,investigation/extracted/conservative-v2/03/safe/3/window20.txt,deterministic console extraction (not automatically agent input),python investigation/scripts/analyze.py --batch conservative-v2,3,3,4,False,"{""binding"": true, ""location"": false, ""request"": true, ""status"": true}",2805,20,723,tiktoken 0.14.0 o200k_base,True
03,safe,3,1,True,True,expected: <200> but was: <400>,mvn -o -B -ntp -Dmaven.repo.local=/Users/hadiranjbar/Downloads/java/token.usage/investigation/.m2 -Pinvestigation -Dtest=FailureCasesTest -Dexperiment.case=03 -Dexperiment.artifactDir=/Users/hadiranjbar/Downloads/java/token.usage/investigation/raw/conservative-v2/03/safe/3 -Dexperiment.reportDir=/Users/hadiranjbar/Downloads/java/token.usage/investigation/raw/conservative-v2/03/safe/3/reports -Dspring.output.ansi.enabled=never -Dspring.profiles.active=agent -Dexperiment.deduplicate=true surefire:test,filtered40,investigation/raw/conservative-v2/03/safe/3,investigation/extracted/conservative-v2/03/safe/3/filtered40.txt,deterministic console extraction (not automatically agent input),python investigation/scripts/analyze.py --batch conservative-v2,3,4,4,True,"{""binding"": true, ""location"": true, ""request"": true, ""status"": true}",689,7,183,tiktoken 0.14.0 o200k_base,True
03,safe,3,1,True,True,expected: <200> but was: <400>,mvn -o -B -ntp -Dmaven.repo.local=/Users/hadiranjbar/Downloads/java/token.usage/investigation/.m2 -Pinvestigation -Dtest=FailureCasesTest -Dexperiment.case=03 -Dexperiment.artifactDir=/Users/hadiranjbar/Downloads/java/token.usage/investigation/raw/conservative-v2/03/safe/3 -Dexperiment.reportDir=/Users/hadiranjbar/Downloads/java/token.usage/investigation/raw/conservative-v2/03/safe/3/reports -Dspring.output.ansi.enabled=never -Dspring.profiles.active=agent -Dexperiment.deduplicate=true surefire:test,boundary,investigation/raw/conservative-v2/03/safe/3,investigation/extracted/conservative-v2/03/safe/3/boundary.txt,deterministic console extraction (not automatically agent input),python investigation/scripts/analyze.py --batch conservative-v2,3,4,4,True,"{""binding"": true, ""location"": true, ""request"": true, ""status"": true}",6161,56,1620,tiktoken 0.14.0 o200k_base,True
03,safe,3,1,True,True,expected: <200> but was: <400>,mvn -o -B -ntp -Dmaven.repo.local=/Users/hadiranjbar/Downloads/java/token.usage/investigation/.m2 -Pinvestigation -Dtest=FailureCasesTest -Dexperiment.case=03 -Dexperiment.artifactDir=/Users/hadiranjbar/Downloads/java/token.usage/investigation/raw/conservative-v2/03/safe/3 -Dexperiment.reportDir=/Users/hadiranjbar/Downloads/java/token.usage/investigation/raw/conservative-v2/03/safe/3/reports -Dspring.output.ansi.enabled=never -Dspring.profiles.active=agent -Dexperiment.deduplicate=true surefire:test,dedup,investigation/raw/conservative-v2/03/safe/3,investigation/extracted/conservative-v2/03/safe/3/dedup.txt,deterministic console extraction (not automatically agent input),python investigation/scripts/analyze.py --batch conservative-v2,3,4,4,True,"{""binding"": true, ""location"": true, ""request"": true, ""status"": true}",6161,56,1620,tiktoken 0.14.0 o200k_base,True
04,safe,1,1,True,True,Error creating bean with name 'port',mvn -o -B -ntp -Dmaven.repo.local=/Users/hadiranjbar/Downloads/java/token.usage/investigation/.m2 -Pinvestigation -Dtest=FailureCasesTest -Dexperiment.case=04 -Dexperiment.artifactDir=/Users/hadiranjbar/Downloads/java/token.usage/investigation/raw/conservative-v2/04/safe/1 -Dexperiment.reportDir=/Users/hadiranjbar/Downloads/java/token.usage/investigation/raw/conservative-v2/04/safe/1/reports -Dspring.output.ansi.enabled=never -Dspring.profiles.active=agent -Dexperiment.deduplicate=true surefire:test,complete,investigation/raw/conservative-v2/04/safe/1,investigation/extracted/conservative-v2/04/safe/1/complete.txt,deterministic console extraction (not automatically agent input),python investigation/scripts/analyze.py --batch conservative-v2,3,5,5,True,"{""bean"": true, ""location"": true, ""root"": true, ""spring_frame"": true, ""value"": true}",13751,150,3403,tiktoken 0.14.0 o200k_base,True
04,safe,1,1,True,True,Error creating bean with name 'port',mvn -o -B -ntp -Dmaven.repo.local=/Users/hadiranjbar/Downloads/java/token.usage/investigation/.m2 -Pinvestigation -Dtest=FailureCasesTest -Dexperiment.case=04 -Dexperiment.artifactDir=/Users/hadiranjbar/Downloads/java/token.usage/investigation/raw/conservative-v2/04/safe/1 -Dexperiment.reportDir=/Users/hadiranjbar/Downloads/java/token.usage/investigation/raw/conservative-v2/04/safe/1/reports -Dspring.output.ansi.enabled=never -Dspring.profiles.active=agent -Dexperiment.deduplicate=true surefire:test,window20,investigation/raw/conservative-v2/04/safe/1,investigation/extracted/conservative-v2/04/safe/1/window20.txt,deterministic console extraction (not automatically agent input),python investigation/scripts/analyze.py --batch conservative-v2,3,3,5,False,"{""bean"": true, ""location"": false, ""root"": false, ""spring_frame"": true, ""value"": true}",2986,20,768,tiktoken 0.14.0 o200k_base,True
04,safe,1,1,True,True,Error creating bean with name 'port',mvn -o -B -ntp -Dmaven.repo.local=/Users/hadiranjbar/Downloads/java/token.usage/investigation/.m2 -Pinvestigation -Dtest=FailureCasesTest -Dexperiment.case=04 -Dexperiment.artifactDir=/Users/hadiranjbar/Downloads/java/token.usage/investigation/raw/conservative-v2/04/safe/1 -Dexperiment.reportDir=/Users/hadiranjbar/Downloads/java/token.usage/investigation/raw/conservative-v2/04/safe/1/reports -Dspring.output.ansi.enabled=never -Dspring.profiles.active=agent -Dexperiment.deduplicate=true surefire:test,filtered40,investigation/raw/conservative-v2/04/safe/1,investigation/extracted/conservative-v2/04/safe/1/filtered40.txt,deterministic console extraction (not automatically agent input),python investigation/scripts/analyze.py --batch conservative-v2,3,5,5,True,"{""bean"": true, ""location"": true, ""root"": true, ""spring_frame"": true, ""value"": true}",830,8,194,tiktoken 0.14.0 o200k_base,True
04,safe,1,1,True,True,Error creating bean with name 'port',mvn -o -B -ntp -Dmaven.repo.local=/Users/hadiranjbar/Downloads/java/token.usage/investigation/.m2 -Pinvestigation -Dtest=FailureCasesTest -Dexperiment.case=04 -Dexperiment.artifactDir=/Users/hadiranjbar/Downloads/java/token.usage/investigation/raw/conservative-v2/04/safe/1 -Dexperiment.reportDir=/Users/hadiranjbar/Downloads/java/token.usage/investigation/raw/conservative-v2/04/safe/1/reports -Dspring.output.ansi.enabled=never -Dspring.profiles.active=agent -Dexperiment.deduplicate=true surefire:test,boundary,investigation/raw/conservative-v2/04/safe/1,investigation/extracted/conservative-v2/04/safe/1/boundary.txt,deterministic console extraction (not automatically agent input),python investigation/scripts/analyze.py --batch conservative-v2,3,5,5,True,"{""bean"": true, ""location"": true, ""root"": true, ""spring_frame"": true, ""value"": true}",9487,83,2164,tiktoken 0.14.0 o200k_base,True
04,safe,1,1,True,True,Error creating bean with name 'port',mvn -o -B -ntp -Dmaven.repo.local=/Users/hadiranjbar/Downloads/java/token.usage/investigation/.m2 -Pinvestigation -Dtest=FailureCasesTest -Dexperiment.case=04 -Dexperiment.artifactDir=/Users/hadiranjbar/Downloads/java/token.usage/investigation/raw/conservative-v2/04/safe/1 -Dexperiment.reportDir=/Users/hadiranjbar/Downloads/java/token.usage/investigation/raw/conservative-v2/04/safe/1/reports -Dspring.output.ansi.enabled=never -Dspring.profiles.active=agent -Dexperiment.deduplicate=true surefire:test,dedup,investigation/raw/conservative-v2/04/safe/1,investigation/extracted/conservative-v2/04/safe/1/dedup.txt,deterministic console extraction (not automatically agent input),python investigation/scripts/analyze.py --batch conservative-v2,3,5,5,True,"{""bean"": true, ""location"": true, ""root"": true, ""spring_frame"": true, ""value"": true}",9487,83,2164,tiktoken 0.14.0 o200k_base,True
04,safe,2,1,True,True,Error creating bean with name 'port',mvn -o -B -ntp -Dmaven.repo.local=/Users/hadiranjbar/Downloads/java/token.usage/investigation/.m2 -Pinvestigation -Dtest=FailureCasesTest -Dexperiment.case=04 -Dexperiment.artifactDir=/Users/hadiranjbar/Downloads/java/token.usage/investigation/raw/conservative-v2/04/safe/2 -Dexperiment.reportDir=/Users/hadiranjbar/Downloads/java/token.usage/investigation/raw/conservative-v2/04/safe/2/reports -Dspring.output.ansi.enabled=never -Dspring.profiles.active=agent -Dexperiment.deduplicate=true surefire:test,complete,investigation/raw/conservative-v2/04/safe/2,investigation/extracted/conservative-v2/04/safe/2/complete.txt,deterministic console extraction (not automatically agent input),python investigation/scripts/analyze.py --batch conservative-v2,3,5,5,True,"{""bean"": true, ""location"": true, ""root"": true, ""spring_frame"": true, ""value"": true}",13751,150,3403,tiktoken 0.14.0 o200k_base,True
04,safe,2,1,True,True,Error creating bean with name 'port',mvn -o -B -ntp -Dmaven.repo.local=/Users/hadiranjbar/Downloads/java/token.usage/investigation/.m2 -Pinvestigation -Dtest=FailureCasesTest -Dexperiment.case=04 -Dexperiment.artifactDir=/Users/hadiranjbar/Downloads/java/token.usage/investigation/raw/conservative-v2/04/safe/2 -Dexperiment.reportDir=/Users/hadiranjbar/Downloads/java/token.usage/investigation/raw/conservative-v2/04/safe/2/reports -Dspring.output.ansi.enabled=never -Dspring.profiles.active=agent -Dexperiment.deduplicate=true surefire:test,window20,investigation/raw/conservative-v2/04/safe/2,investigation/extracted/conservative-v2/04/safe/2/window20.txt,deterministic console extraction (not automatically agent input),python investigation/scripts/analyze.py --batch conservative-v2,3,3,5,False,"{""bean"": true, ""location"": false, ""root"": false, ""spring_frame"": true, ""value"": true}",2986,20,768,tiktoken 0.14.0 o200k_base,True
04,safe,2,1,True,True,Error creating bean with name 'port',mvn -o -B -ntp -Dmaven.repo.local=/Users/hadiranjbar/Downloads/java/token.usage/investigation/.m2 -Pinvestigation -Dtest=FailureCasesTest -Dexperiment.case=04 -Dexperiment.artifactDir=/Users/hadiranjbar/Downloads/java/token.usage/investigation/raw/conservative-v2/04/safe/2 -Dexperiment.reportDir=/Users/hadiranjbar/Downloads/java/token.usage/investigation/raw/conservative-v2/04/safe/2/reports -Dspring.output.ansi.enabled=never -Dspring.profiles.active=agent -Dexperiment.deduplicate=true surefire:test,filtered40,investigation/raw/conservative-v2/04/safe/2,investigation/extracted/conservative-v2/04/safe/2/filtered40.txt,deterministic console extraction (not automatically agent input),python investigation/scripts/analyze.py --batch conservative-v2,3,5,5,True,"{""bean"": true, ""location"": true, ""root"": true, ""spring_frame"": true, ""value"": true}",830,8,194,tiktoken 0.14.0 o200k_base,True
04,safe,2,1,True,True,Error creating bean with name 'port',mvn -o -B -ntp -Dmaven.repo.local=/Users/hadiranjbar/Downloads/java/token.usage/investigation/.m2 -Pinvestigation -Dtest=FailureCasesTest -Dexperiment.case=04 -Dexperiment.artifactDir=/Users/hadiranjbar/Downloads/java/token.usage/investigation/raw/conservative-v2/04/safe/2 -Dexperiment.reportDir=/Users/hadiranjbar/Downloads/java/token.usage/investigation/raw/conservative-v2/04/safe/2/reports -Dspring.output.ansi.enabled=never -Dspring.profiles.active=agent -Dexperiment.deduplicate=true surefire:test,boundary,investigation/raw/conservative-v2/04/safe/2,investigation/extracted/conservative-v2/04/safe/2/boundary.txt,deterministic console extraction (not automatically agent input),python investigation/scripts/analyze.py --batch conservative-v2,3,5,5,True,"{""bean"": true, ""location"": true, ""root"": true, ""spring_frame"": true, ""value"": true}",9487,83,2164,tiktoken 0.14.0 o200k_base,True
04,safe,2,1,True,True,Error creating bean with name 'port',mvn -o -B -ntp -Dmaven.repo.local=/Users/hadiranjbar/Downloads/java/token.usage/investigation/.m2 -Pinvestigation -Dtest=FailureCasesTest -Dexperiment.case=04 -Dexperiment.artifactDir=/Users/hadiranjbar/Downloads/java/token.usage/investigation/raw/conservative-v2/04/safe/2 -Dexperiment.reportDir=/Users/hadiranjbar/Downloads/java/token.usage/investigation/raw/conservative-v2/04/safe/2/reports -Dspring.output.ansi.enabled=never -Dspring.profiles.active=agent -Dexperiment.deduplicate=true surefire:test,dedup,investigation/raw/conservative-v2/04/safe/2,investigation/extracted/conservative-v2/04/safe/2/dedup.txt,deterministic console extraction (not automatically agent input),python investigation/scripts/analyze.py --batch conservative-v2,3,5,5,True,"{""bean"": true, ""location"": true, ""root"": true, ""spring_frame"": true, ""value"": true}",9487,83,2164,tiktoken 0.14.0 o200k_base,True
04,safe,3,1,True,True,Error creating bean with name 'port',mvn -o -B -ntp -Dmaven.repo.local=/Users/hadiranjbar/Downloads/java/token.usage/investigation/.m2 -Pinvestigation -Dtest=FailureCasesTest -Dexperiment.case=04 -Dexperiment.artifactDir=/Users/hadiranjbar/Downloads/java/token.usage/investigation/raw/conservative-v2/04/safe/3 -Dexperiment.reportDir=/Users/hadiranjbar/Downloads/java/token.usage/investigation/raw/conservative-v2/04/safe/3/reports -Dspring.output.ansi.enabled=never -Dspring.profiles.active=agent -Dexperiment.deduplicate=true surefire:test,complete,investigation/raw/conservative-v2/04/safe/3,investigation/extracted/conservative-v2/04/safe/3/complete.txt,deterministic console extraction (not automatically agent input),python investigation/scripts/analyze.py --batch conservative-v2,3,5,5,True,"{""bean"": true, ""location"": true, ""root"": true, ""spring_frame"": true, ""value"": true}",13750,150,3403,tiktoken 0.14.0 o200k_base,True
04,safe,3,1,True,True,Error creating bean with name 'port',mvn -o -B -ntp -Dmaven.repo.local=/Users/hadiranjbar/Downloads/java/token.usage/investigation/.m2 -Pinvestigation -Dtest=FailureCasesTest -Dexperiment.case=04 -Dexperiment.artifactDir=/Users/hadiranjbar/Downloads/java/token.usage/investigation/raw/conservative-v2/04/safe/3 -Dexperiment.reportDir=/Users/hadiranjbar/Downloads/java/token.usage/investigation/raw/conservative-v2/04/safe/3/reports -Dspring.output.ansi.enabled=never -Dspring.profiles.active=agent -Dexperiment.deduplicate=true surefire:test,window20,investigation/raw/conservative-v2/04/safe/3,investigation/extracted/conservative-v2/04/safe/3/window20.txt,deterministic console extraction (not automatically agent input),python investigation/scripts/analyze.py --batch conservative-v2,3,3,5,False,"{""bean"": true, ""location"": false, ""root"": false, ""spring_frame"": true, ""value"": true}",2986,20,768,tiktoken 0.14.0 o200k_base,True
04,safe,3,1,True,True,Error creating bean with name 'port',mvn -o -B -ntp -Dmaven.repo.local=/Users/hadiranjbar/Downloads/java/token.usage/investigation/.m2 -Pinvestigation -Dtest=FailureCasesTest -Dexperiment.case=04 -Dexperiment.artifactDir=/Users/hadiranjbar/Downloads/java/token.usage/investigation/raw/conservative-v2/04/safe/3 -Dexperiment.reportDir=/Users/hadiranjbar/Downloads/java/token.usage/investigation/raw/conservative-v2/04/safe/3/reports -Dspring.output.ansi.enabled=never -Dspring.profiles.active=agent -Dexperiment.deduplicate=true surefire:test,filtered40,investigation/raw/conservative-v2/04/safe/3,investigation/extracted/conservative-v2/04/safe/3/filtered40.txt,deterministic console extraction (not automatically agent input),python investigation/scripts/analyze.py --batch conservative-v2,3,5,5,True,"{""bean"": true, ""location"": true, ""root"": true, ""spring_frame"": true, ""value"": true}",830,8,194,tiktoken 0.14.0 o200k_base,True
04,safe,3,1,True,True,Error creating bean with name 'port',mvn -o -B -ntp -Dmaven.repo.local=/Users/hadiranjbar/Downloads/java/token.usage/investigation/.m2 -Pinvestigation -Dtest=FailureCasesTest -Dexperiment.case=04 -Dexperiment.artifactDir=/Users/hadiranjbar/Downloads/java/token.usage/investigation/raw/conservative-v2/04/safe/3 -Dexperiment.reportDir=/Users/hadiranjbar/Downloads/java/token.usage/investigation/raw/conservative-v2/04/safe/3/reports -Dspring.output.ansi.enabled=never -Dspring.profiles.active=agent -Dexperiment.deduplicate=true surefire:test,boundary,investigation/raw/conservative-v2/04/safe/3,investigation/extracted/conservative-v2/04/safe/3/boundary.txt,deterministic console extraction (not automatically agent input),python investigation/scripts/analyze.py --batch conservative-v2,3,5,5,True,"{""bean"": true, ""location"": true, ""root"": true, ""spring_frame"": true, ""value"": true}",9487,83,2164,tiktoken 0.14.0 o200k_base,True
04,safe,3,1,True,True,Error creating bean with name 'port',mvn -o -B -ntp -Dmaven.repo.local=/Users/hadiranjbar/Downloads/java/token.usage/investigation/.m2 -Pinvestigation -Dtest=FailureCasesTest -Dexperiment.case=04 -Dexperiment.artifactDir=/Users/hadiranjbar/Downloads/java/token.usage/investigation/raw/conservative-v2/04/safe/3 -Dexperiment.reportDir=/Users/hadiranjbar/Downloads/java/token.usage/investigation/raw/conservative-v2/04/safe/3/reports -Dspring.output.ansi.enabled=never -Dspring.profiles.active=agent -Dexperiment.deduplicate=true surefire:test,dedup,investigation/raw/conservative-v2/04/safe/3,investigation/extracted/conservative-v2/04/safe/3/dedup.txt,deterministic console extraction (not automatically agent input),python investigation/scripts/analyze.py --batch conservative-v2,3,5,5,True,"{""bean"": true, ""location"": true, ""root"": true, ""spring_frame"": true, ""value"": true}",9487,83,2164,tiktoken 0.14.0 o200k_base,True
05,safe,1,1,True,True,Unique index or primary key violation,mvn -o -B -ntp -Dmaven.repo.local=/Users/hadiranjbar/Downloads/java/token.usage/investigation/.m2 -Pinvestigation -Dtest=FailureCasesTest -Dexperiment.case=05 -Dexperiment.artifactDir=/Users/hadiranjbar/Downloads/java/token.usage/investigation/raw/conservative-v2/05/safe/1 -Dexperiment.reportDir=/Users/hadiranjbar/Downloads/java/token.usage/investigation/raw/conservative-v2/05/safe/1/reports -Dspring.output.ansi.enabled=never -Dspring.profiles.active=agent -Dexperiment.deduplicate=true surefire:test,complete,investigation/raw/conservative-v2/05/safe/1,investigation/extracted/conservative-v2/05/safe/1/complete.txt,deterministic console extraction (not automatically agent input),python investigation/scripts/analyze.py --batch conservative-v2,2,3,3,True,"{""constraint"": true, ""location"": true, ""sql"": true}",5023,80,1404,tiktoken 0.14.0 o200k_base,True
05,safe,1,1,True,True,Unique index or primary key violation,mvn -o -B -ntp -Dmaven.repo.local=/Users/hadiranjbar/Downloads/java/token.usage/investigation/.m2 -Pinvestigation -Dtest=FailureCasesTest -Dexperiment.case=05 -Dexperiment.artifactDir=/Users/hadiranjbar/Downloads/java/token.usage/investigation/raw/conservative-v2/05/safe/1 -Dexperiment.reportDir=/Users/hadiranjbar/Downloads/java/token.usage/investigation/raw/conservative-v2/05/safe/1/reports -Dspring.output.ansi.enabled=never -Dspring.profiles.active=agent -Dexperiment.deduplicate=true surefire:test,window20,investigation/raw/conservative-v2/05/safe/1,investigation/extracted/conservative-v2/05/safe/1/window20.txt,deterministic console extraction (not automatically agent input),python investigation/scripts/analyze.py --batch conservative-v2,2,2,3,False,"{""constraint"": true, ""location"": false, ""sql"": true}",1512,20,390,tiktoken 0.14.0 o200k_base,True
05,safe,1,1,True,True,Unique index or primary key violation,mvn -o -B -ntp -Dmaven.repo.local=/Users/hadiranjbar/Downloads/java/token.usage/investigation/.m2 -Pinvestigation -Dtest=FailureCasesTest -Dexperiment.case=05 -Dexperiment.artifactDir=/Users/hadiranjbar/Downloads/java/token.usage/investigation/raw/conservative-v2/05/safe/1 -Dexperiment.reportDir=/Users/hadiranjbar/Downloads/java/token.usage/investigation/raw/conservative-v2/05/safe/1/reports -Dspring.output.ansi.enabled=never -Dspring.profiles.active=agent -Dexperiment.deduplicate=true surefire:test,filtered40,investigation/raw/conservative-v2/05/safe/1,investigation/extracted/conservative-v2/05/safe/1/filtered40.txt,deterministic console extraction (not automatically agent input),python investigation/scripts/analyze.py --batch conservative-v2,2,3,3,True,"{""constraint"": true, ""location"": true, ""sql"": true}",2619,40,666,tiktoken 0.14.0 o200k_base,True
05,safe,1,1,True,True,Unique index or primary key violation,mvn -o -B -ntp -Dmaven.repo.local=/Users/hadiranjbar/Downloads/java/token.usage/investigation/.m2 -Pinvestigation -Dtest=FailureCasesTest -Dexperiment.case=05 -Dexperiment.artifactDir=/Users/hadiranjbar/Downloads/java/token.usage/investigation/raw/conservative-v2/05/safe/1 -Dexperiment.reportDir=/Users/hadiranjbar/Downloads/java/token.usage/investigation/raw/conservative-v2/05/safe/1/reports -Dspring.output.ansi.enabled=never -Dspring.profiles.active=agent -Dexperiment.deduplicate=true surefire:test,boundary,investigation/raw/conservative-v2/05/safe/1,investigation/extracted/conservative-v2/05/safe/1/boundary.txt,deterministic console extraction (not automatically agent input),python investigation/scripts/analyze.py --batch conservative-v2,2,3,3,True,"{""constraint"": true, ""location"": true, ""sql"": true}",1735,24,445,tiktoken 0.14.0 o200k_base,True
05,safe,1,1,True,True,Unique index or primary key violation,mvn -o -B -ntp -Dmaven.repo.local=/Users/hadiranjbar/Downloads/java/token.usage/investigation/.m2 -Pinvestigation -Dtest=FailureCasesTest -Dexperiment.case=05 -Dexperiment.artifactDir=/Users/hadiranjbar/Downloads/java/token.usage/investigation/raw/conservative-v2/05/safe/1 -Dexperiment.reportDir=/Users/hadiranjbar/Downloads/java/token.usage/investigation/raw/conservative-v2/05/safe/1/reports -Dspring.output.ansi.enabled=never -Dspring.profiles.active=agent -Dexperiment.deduplicate=true surefire:test,dedup,investigation/raw/conservative-v2/05/safe/1,investigation/extracted/conservative-v2/05/safe/1/dedup.txt,deterministic console extraction (not automatically agent input),python investigation/scripts/analyze.py --batch conservative-v2,2,3,3,True,"{""constraint"": true, ""location"": true, ""sql"": true}",1735,24,445,tiktoken 0.14.0 o200k_base,True
05,safe,2,1,True,True,Unique index or primary key violation,mvn -o -B -ntp -Dmaven.repo.local=/Users/hadiranjbar/Downloads/java/token.usage/investigation/.m2 -Pinvestigation -Dtest=FailureCasesTest -Dexperiment.case=05 -Dexperiment.artifactDir=/Users/hadiranjbar/Downloads/java/token.usage/investigation/raw/conservative-v2/05/safe/2 -Dexperiment.reportDir=/Users/hadiranjbar/Downloads/java/token.usage/investigation/raw/conservative-v2/05/safe/2/reports -Dspring.output.ansi.enabled=never -Dspring.profiles.active=agent -Dexperiment.deduplicate=true surefire:test,complete,investigation/raw/conservative-v2/05/safe/2,investigation/extracted/conservative-v2/05/safe/2/complete.txt,deterministic console extraction (not automatically agent input),python investigation/scripts/analyze.py --batch conservative-v2,2,3,3,True,"{""constraint"": true, ""location"": true, ""sql"": true}",5022,80,1404,tiktoken 0.14.0 o200k_base,True
05,safe,2,1,True,True,Unique index or primary key violation,mvn -o -B -ntp -Dmaven.repo.local=/Users/hadiranjbar/Downloads/java/token.usage/investigation/.m2 -Pinvestigation -Dtest=FailureCasesTest -Dexperiment.case=05 -Dexperiment.artifactDir=/Users/hadiranjbar/Downloads/java/token.usage/investigation/raw/conservative-v2/05/safe/2 -Dexperiment.reportDir=/Users/hadiranjbar/Downloads/java/token.usage/investigation/raw/conservative-v2/05/safe/2/reports -Dspring.output.ansi.enabled=never -Dspring.profiles.active=agent -Dexperiment.deduplicate=true surefire:test,window20,investigation/raw/conservative-v2/05/safe/2,investigation/extracted/conservative-v2/05/safe/2/window20.txt,deterministic console extraction (not automatically agent input),python investigation/scripts/analyze.py --batch conservative-v2,2,2,3,False,"{""constraint"": true, ""location"": false, ""sql"": true}",1512,20,390,tiktoken 0.14.0 o200k_base,True
05,safe,2,1,True,True,Unique index or primary key violation,mvn -o -B -ntp -Dmaven.repo.local=/Users/hadiranjbar/Downloads/java/token.usage/investigation/.m2 -Pinvestigation -Dtest=FailureCasesTest -Dexperiment.case=05 -Dexperiment.artifactDir=/Users/hadiranjbar/Downloads/java/token.usage/investigation/raw/conservative-v2/05/safe/2 -Dexperiment.reportDir=/Users/hadiranjbar/Downloads/java/token.usage/investigation/raw/conservative-v2/05/safe/2/reports -Dspring.output.ansi.enabled=never -Dspring.profiles.active=agent -Dexperiment.deduplicate=true surefire:test,filtered40,investigation/raw/conservative-v2/05/safe/2,investigation/extracted/conservative-v2/05/safe/2/filtered40.txt,deterministic console extraction (not automatically agent input),python investigation/scripts/analyze.py --batch conservative-v2,2,3,3,True,"{""constraint"": true, ""location"": true, ""sql"": true}",2619,40,666,tiktoken 0.14.0 o200k_base,True
05,safe,2,1,True,True,Unique index or primary key violation,mvn -o -B -ntp -Dmaven.repo.local=/Users/hadiranjbar/Downloads/java/token.usage/investigation/.m2 -Pinvestigation -Dtest=FailureCasesTest -Dexperiment.case=05 -Dexperiment.artifactDir=/Users/hadiranjbar/Downloads/java/token.usage/investigation/raw/conservative-v2/05/safe/2 -Dexperiment.reportDir=/Users/hadiranjbar/Downloads/java/token.usage/investigation/raw/conservative-v2/05/safe/2/reports -Dspring.output.ansi.enabled=never -Dspring.profiles.active=agent -Dexperiment.deduplicate=true surefire:test,boundary,investigation/raw/conservative-v2/05/safe/2,investigation/extracted/conservative-v2/05/safe/2/boundary.txt,deterministic console extraction (not automatically agent input),python investigation/scripts/analyze.py --batch conservative-v2,2,3,3,True,"{""constraint"": true, ""location"": true, ""sql"": true}",1735,24,445,tiktoken 0.14.0 o200k_base,True
05,safe,2,1,True,True,Unique index or primary key violation,mvn -o -B -ntp -Dmaven.repo.local=/Users/hadiranjbar/Downloads/java/token.usage/investigation/.m2 -Pinvestigation -Dtest=FailureCasesTest -Dexperiment.case=05 -Dexperiment.artifactDir=/Users/hadiranjbar/Downloads/java/token.usage/investigation/raw/conservative-v2/05/safe/2 -Dexperiment.reportDir=/Users/hadiranjbar/Downloads/java/token.usage/investigation/raw/conservative-v2/05/safe/2/reports -Dspring.output.ansi.enabled=never -Dspring.profiles.active=agent -Dexperiment.deduplicate=true surefire:test,dedup,investigation/raw/conservative-v2/05/safe/2,investigation/extracted/conservative-v2/05/safe/2/dedup.txt,deterministic console extraction (not automatically agent input),python investigation/scripts/analyze.py --batch conservative-v2,2,3,3,True,"{""constraint"": true, ""location"": true, ""sql"": true}",1735,24,445,tiktoken 0.14.0 o200k_base,True
05,safe,3,1,True,True,Unique index or primary key violation,mvn -o -B -ntp -Dmaven.repo.local=/Users/hadiranjbar/Downloads/java/token.usage/investigation/.m2 -Pinvestigation -Dtest=FailureCasesTest -Dexperiment.case=05 -Dexperiment.artifactDir=/Users/hadiranjbar/Downloads/java/token.usage/investigation/raw/conservative-v2/05/safe/3 -Dexperiment.reportDir=/Users/hadiranjbar/Downloads/java/token.usage/investigation/raw/conservative-v2/05/safe/3/reports -Dspring.output.ansi.enabled=never -Dspring.profiles.active=agent -Dexperiment.deduplicate=true surefire:test,complete,investigation/raw/conservative-v2/05/safe/3,investigation/extracted/conservative-v2/05/safe/3/complete.txt,deterministic console extraction (not automatically agent input),python investigation/scripts/analyze.py --batch conservative-v2,2,3,3,True,"{""constraint"": true, ""location"": true, ""sql"": true}",5023,80,1404,tiktoken 0.14.0 o200k_base,True
05,safe,3,1,True,True,Unique index or primary key violation,mvn -o -B -ntp -Dmaven.repo.local=/Users/hadiranjbar/Downloads/java/token.usage/investigation/.m2 -Pinvestigation -Dtest=FailureCasesTest -Dexperiment.case=05 -Dexperiment.artifactDir=/Users/hadiranjbar/Downloads/java/token.usage/investigation/raw/conservative-v2/05/safe/3 -Dexperiment.reportDir=/Users/hadiranjbar/Downloads/java/token.usage/investigation/raw/conservative-v2/05/safe/3/reports -Dspring.output.ansi.enabled=never -Dspring.profiles.active=agent -Dexperiment.deduplicate=true surefire:test,window20,investigation/raw/conservative-v2/05/safe/3,investigation/extracted/conservative-v2/05/safe/3/window20.txt,deterministic console extraction (not automatically agent input),python investigation/scripts/analyze.py --batch conservative-v2,2,2,3,False,"{""constraint"": true, ""location"": false, ""sql"": true}",1512,20,390,tiktoken 0.14.0 o200k_base,True
05,safe,3,1,True,True,Unique index or primary key violation,mvn -o -B -ntp -Dmaven.repo.local=/Users/hadiranjbar/Downloads/java/token.usage/investigation/.m2 -Pinvestigation -Dtest=FailureCasesTest -Dexperiment.case=05 -Dexperiment.artifactDir=/Users/hadiranjbar/Downloads/java/token.usage/investigation/raw/conservative-v2/05/safe/3 -Dexperiment.reportDir=/Users/hadiranjbar/Downloads/java/token.usage/investigation/raw/conservative-v2/05/safe/3/reports -Dspring.output.ansi.enabled=never -Dspring.profiles.active=agent -Dexperiment.deduplicate=true surefire:test,filtered40,investigation/raw/conservative-v2/05/safe/3,investigation/extracted/conservative-v2/05/safe/3/filtered40.txt,deterministic console extraction (not automatically agent input),python investigation/scripts/analyze.py --batch conservative-v2,2,3,3,True,"{""constraint"": true, ""location"": true, ""sql"": true}",2619,40,666,tiktoken 0.14.0 o200k_base,True
05,safe,3,1,True,True,Unique index or primary key violation,mvn -o -B -ntp -Dmaven.repo.local=/Users/hadiranjbar/Downloads/java/token.usage/investigation/.m2 -Pinvestigation -Dtest=FailureCasesTest -Dexperiment.case=05 -Dexperiment.artifactDir=/Users/hadiranjbar/Downloads/java/token.usage/investigation/raw/conservative-v2/05/safe/3 -Dexperiment.reportDir=/Users/hadiranjbar/Downloads/java/token.usage/investigation/raw/conservative-v2/05/safe/3/reports -Dspring.output.ansi.enabled=never -Dspring.profiles.active=agent -Dexperiment.deduplicate=true surefire:test,boundary,investigation/raw/conservative-v2/05/safe/3,investigation/extracted/conservative-v2/05/safe/3/boundary.txt,deterministic console extraction (not automatically agent input),python investigation/scripts/analyze.py --batch conservative-v2,2,3,3,True,"{""constraint"": true, ""location"": true, ""sql"": true}",1735,24,445,tiktoken 0.14.0 o200k_base,True
05,safe,3,1,True,True,Unique index or primary key violation,mvn -o -B -ntp -Dmaven.repo.local=/Users/hadiranjbar/Downloads/java/token.usage/investigation/.m2 -Pinvestigation -Dtest=FailureCasesTest -Dexperiment.case=05 -Dexperiment.artifactDir=/Users/hadiranjbar/Downloads/java/token.usage/investigation/raw/conservative-v2/05/safe/3 -Dexperiment.reportDir=/Users/hadiranjbar/Downloads/java/token.usage/investigation/raw/conservative-v2/05/safe/3/reports -Dspring.output.ansi.enabled=never -Dspring.profiles.active=agent -Dexperiment.deduplicate=true surefire:test,dedup,investigation/raw/conservative-v2/05/safe/3,investigation/extracted/conservative-v2/05/safe/3/dedup.txt,deterministic console extraction (not automatically agent input),python investigation/scripts/analyze.py --batch conservative-v2,2,3,3,True,"{""constraint"": true, ""location"": true, ""sql"": true}",1735,24,445,tiktoken 0.14.0 o200k_base,True
06,safe,1,1,True,True,both distinct users must be saved,mvn -o -B -ntp -Dmaven.repo.local=/Users/hadiranjbar/Downloads/java/token.usage/investigation/.m2 -Pinvestigation -Dtest=FailureCasesTest -Dexperiment.case=06 -Dexperiment.artifactDir=/Users/hadiranjbar/Downloads/java/token.usage/investigation/raw/conservative-v2/06/safe/1 -Dexperiment.reportDir=/Users/hadiranjbar/Downloads/java/token.usage/investigation/raw/conservative-v2/06/safe/1/reports -Dspring.output.ansi.enabled=never -Dspring.profiles.active=agent -Dexperiment.deduplicate=true surefire:test,complete,investigation/raw/conservative-v2/06/safe/1,investigation/extracted/conservative-v2/06/safe/1/complete.txt,deterministic console extraction (not automatically agent input),python investigation/scripts/analyze.py --batch conservative-v2,3,4,4,True,"{""constraint"": true, ""location"": true, ""request"": true, ""sql"": true}",6705,95,2018,tiktoken 0.14.0 o200k_base,True
06,safe,1,1,True,True,both distinct users must be saved,mvn -o -B -ntp -Dmaven.repo.local=/Users/hadiranjbar/Downloads/java/token.usage/investigation/.m2 -Pinvestigation -Dtest=FailureCasesTest -Dexperiment.case=06 -Dexperiment.artifactDir=/Users/hadiranjbar/Downloads/java/token.usage/investigation/raw/conservative-v2/06/safe/1 -Dexperiment.reportDir=/Users/hadiranjbar/Downloads/java/token.usage/investigation/raw/conservative-v2/06/safe/1/reports -Dspring.output.ansi.enabled=never -Dspring.profiles.active=agent -Dexperiment.deduplicate=true surefire:test,window20,investigation/raw/conservative-v2/06/safe/1,investigation/extracted/conservative-v2/06/safe/1/window20.txt,deterministic console extraction (not automatically agent input),python investigation/scripts/analyze.py --batch conservative-v2,3,3,4,False,"{""constraint"": true, ""location"": false, ""request"": true, ""sql"": true}",1868,20,648,tiktoken 0.14.0 o200k_base,True
06,safe,1,1,True,True,both distinct users must be saved,mvn -o -B -ntp -Dmaven.repo.local=/Users/hadiranjbar/Downloads/java/token.usage/investigation/.m2 -Pinvestigation -Dtest=FailureCasesTest -Dexperiment.case=06 -Dexperiment.artifactDir=/Users/hadiranjbar/Downloads/java/token.usage/investigation/raw/conservative-v2/06/safe/1 -Dexperiment.reportDir=/Users/hadiranjbar/Downloads/java/token.usage/investigation/raw/conservative-v2/06/safe/1/reports -Dspring.output.ansi.enabled=never -Dspring.profiles.active=agent -Dexperiment.deduplicate=true surefire:test,filtered40,investigation/raw/conservative-v2/06/safe/1,investigation/extracted/conservative-v2/06/safe/1/filtered40.txt,deterministic console extraction (not automatically agent input),python investigation/scripts/analyze.py --batch conservative-v2,3,4,4,True,"{""constraint"": true, ""location"": true, ""request"": true, ""sql"": true}",2678,29,884,tiktoken 0.14.0 o200k_base,True
06,safe,1,1,True,True,both distinct users must be saved,mvn -o -B -ntp -Dmaven.repo.local=/Users/hadiranjbar/Downloads/java/token.usage/investigation/.m2 -Pinvestigation -Dtest=FailureCasesTest -Dexperiment.case=06 -Dexperiment.artifactDir=/Users/hadiranjbar/Downloads/java/token.usage/investigation/raw/conservative-v2/06/safe/1 -Dexperiment.reportDir=/Users/hadiranjbar/Downloads/java/token.usage/investigation/raw/conservative-v2/06/safe/1/reports -Dspring.output.ansi.enabled=never -Dspring.profiles.active=agent -Dexperiment.deduplicate=true surefire:test,boundary,investigation/raw/conservative-v2/06/safe/1,investigation/extracted/conservative-v2/06/safe/1/boundary.txt,deterministic console extraction (not automatically agent input),python investigation/scripts/analyze.py --batch conservative-v2,3,4,4,True,"{""constraint"": true, ""location"": true, ""request"": true, ""sql"": true}",3591,41,1105,tiktoken 0.14.0 o200k_base,True
06,safe,1,1,True,True,both distinct users must be saved,mvn -o -B -ntp -Dmaven.repo.local=/Users/hadiranjbar/Downloads/java/token.usage/investigation/.m2 -Pinvestigation -Dtest=FailureCasesTest -Dexperiment.case=06 -Dexperiment.artifactDir=/Users/hadiranjbar/Downloads/java/token.usage/investigation/raw/conservative-v2/06/safe/1 -Dexperiment.reportDir=/Users/hadiranjbar/Downloads/java/token.usage/investigation/raw/conservative-v2/06/safe/1/reports -Dspring.output.ansi.enabled=never -Dspring.profiles.active=agent -Dexperiment.deduplicate=true surefire:test,dedup,investigation/raw/conservative-v2/06/safe/1,investigation/extracted/conservative-v2/06/safe/1/dedup.txt,deterministic console extraction (not automatically agent input),python investigation/scripts/analyze.py --batch conservative-v2,3,4,4,True,"{""constraint"": true, ""location"": true, ""request"": true, ""sql"": true}",3591,41,1105,tiktoken 0.14.0 o200k_base,True
06,safe,2,1,True,True,both distinct users must be saved,mvn -o -B -ntp -Dmaven.repo.local=/Users/hadiranjbar/Downloads/java/token.usage/investigation/.m2 -Pinvestigation -Dtest=FailureCasesTest -Dexperiment.case=06 -Dexperiment.artifactDir=/Users/hadiranjbar/Downloads/java/token.usage/investigation/raw/conservative-v2/06/safe/2 -Dexperiment.reportDir=/Users/hadiranjbar/Downloads/java/token.usage/investigation/raw/conservative-v2/06/safe/2/reports -Dspring.output.ansi.enabled=never -Dspring.profiles.active=agent -Dexperiment.deduplicate=true surefire:test,complete,investigation/raw/conservative-v2/06/safe/2,investigation/extracted/conservative-v2/06/safe/2/complete.txt,deterministic console extraction (not automatically agent input),python investigation/scripts/analyze.py --batch conservative-v2,3,4,4,True,"{""constraint"": true, ""location"": true, ""request"": true, ""sql"": true}",6705,95,2018,tiktoken 0.14.0 o200k_base,True
06,safe,2,1,True,True,both distinct users must be saved,mvn -o -B -ntp -Dmaven.repo.local=/Users/hadiranjbar/Downloads/java/token.usage/investigation/.m2 -Pinvestigation -Dtest=FailureCasesTest -Dexperiment.case=06 -Dexperiment.artifactDir=/Users/hadiranjbar/Downloads/java/token.usage/investigation/raw/conservative-v2/06/safe/2 -Dexperiment.reportDir=/Users/hadiranjbar/Downloads/java/token.usage/investigation/raw/conservative-v2/06/safe/2/reports -Dspring.output.ansi.enabled=never -Dspring.profiles.active=agent -Dexperiment.deduplicate=true surefire:test,window20,investigation/raw/conservative-v2/06/safe/2,investigation/extracted/conservative-v2/06/safe/2/window20.txt,deterministic console extraction (not automatically agent input),python investigation/scripts/analyze.py --batch conservative-v2,3,3,4,False,"{""constraint"": true, ""location"": false, ""request"": true, ""sql"": true}",1868,20,648,tiktoken 0.14.0 o200k_base,True
06,safe,2,1,True,True,both distinct users must be saved,mvn -o -B -ntp -Dmaven.repo.local=/Users/hadiranjbar/Downloads/java/token.usage/investigation/.m2 -Pinvestigation -Dtest=FailureCasesTest -Dexperiment.case=06 -Dexperiment.artifactDir=/Users/hadiranjbar/Downloads/java/token.usage/investigation/raw/conservative-v2/06/safe/2 -Dexperiment.reportDir=/Users/hadiranjbar/Downloads/java/token.usage/investigation/raw/conservative-v2/06/safe/2/reports -Dspring.output.ansi.enabled=never -Dspring.profiles.active=agent -Dexperiment.deduplicate=true surefire:test,filtered40,investigation/raw/conservative-v2/06/safe/2,investigation/extracted/conservative-v2/06/safe/2/filtered40.txt,deterministic console extraction (not automatically agent input),python investigation/scripts/analyze.py --batch conservative-v2,3,4,4,True,"{""constraint"": true, ""location"": true, ""request"": true, ""sql"": true}",2678,29,884,tiktoken 0.14.0 o200k_base,True
06,safe,2,1,True,True,both distinct users must be saved,mvn -o -B -ntp -Dmaven.repo.local=/Users/hadiranjbar/Downloads/java/token.usage/investigation/.m2 -Pinvestigation -Dtest=FailureCasesTest -Dexperiment.case=06 -Dexperiment.artifactDir=/Users/hadiranjbar/Downloads/java/token.usage/investigation/raw/conservative-v2/06/safe/2 -Dexperiment.reportDir=/Users/hadiranjbar/Downloads/java/token.usage/investigation/raw/conservative-v2/06/safe/2/reports -Dspring.output.ansi.enabled=never -Dspring.profiles.active=agent -Dexperiment.deduplicate=true surefire:test,boundary,investigation/raw/conservative-v2/06/safe/2,investigation/extracted/conservative-v2/06/safe/2/boundary.txt,deterministic console extraction (not automatically agent input),python investigation/scripts/analyze.py --batch conservative-v2,3,4,4,True,"{""constraint"": true, ""location"": true, ""request"": true, ""sql"": true}",3591,41,1105,tiktoken 0.14.0 o200k_base,True
06,safe,2,1,True,True,both distinct users must be saved,mvn -o -B -ntp -Dmaven.repo.local=/Users/hadiranjbar/Downloads/java/token.usage/investigation/.m2 -Pinvestigation -Dtest=FailureCasesTest -Dexperiment.case=06 -Dexperiment.artifactDir=/Users/hadiranjbar/Downloads/java/token.usage/investigation/raw/conservative-v2/06/safe/2 -Dexperiment.reportDir=/Users/hadiranjbar/Downloads/java/token.usage/investigation/raw/conservative-v2/06/safe/2/reports -Dspring.output.ansi.enabled=never -Dspring.profiles.active=agent -Dexperiment.deduplicate=true surefire:test,dedup,investigation/raw/conservative-v2/06/safe/2,investigation/extracted/conservative-v2/06/safe/2/dedup.txt,deterministic console extraction (not automatically agent input),python investigation/scripts/analyze.py --batch conservative-v2,3,4,4,True,"{""constraint"": true, ""location"": true, ""request"": true, ""sql"": true}",3591,41,1105,tiktoken 0.14.0 o200k_base,True
06,safe,3,1,True,True,both distinct users must be saved,mvn -o -B -ntp -Dmaven.repo.local=/Users/hadiranjbar/Downloads/java/token.usage/investigation/.m2 -Pinvestigation -Dtest=FailureCasesTest -Dexperiment.case=06 -Dexperiment.artifactDir=/Users/hadiranjbar/Downloads/java/token.usage/investigation/raw/conservative-v2/06/safe/3 -Dexperiment.reportDir=/Users/hadiranjbar/Downloads/java/token.usage/investigation/raw/conservative-v2/06/safe/3/reports -Dspring.output.ansi.enabled=never -Dspring.profiles.active=agent -Dexperiment.deduplicate=true surefire:test,complete,investigation/raw/conservative-v2/06/safe/3,investigation/extracted/conservative-v2/06/safe/3/complete.txt,deterministic console extraction (not automatically agent input),python investigation/scripts/analyze.py --batch conservative-v2,3,4,4,True,"{""constraint"": true, ""location"": true, ""request"": true, ""sql"": true}",6705,95,2018,tiktoken 0.14.0 o200k_base,True
06,safe,3,1,True,True,both distinct users must be saved,mvn -o -B -ntp -Dmaven.repo.local=/Users/hadiranjbar/Downloads/java/token.usage/investigation/.m2 -Pinvestigation -Dtest=FailureCasesTest -Dexperiment.case=06 -Dexperiment.artifactDir=/Users/hadiranjbar/Downloads/java/token.usage/investigation/raw/conservative-v2/06/safe/3 -Dexperiment.reportDir=/Users/hadiranjbar/Downloads/java/token.usage/investigation/raw/conservative-v2/06/safe/3/reports -Dspring.output.ansi.enabled=never -Dspring.profiles.active=agent -Dexperiment.deduplicate=true surefire:test,window20,investigation/raw/conservative-v2/06/safe/3,investigation/extracted/conservative-v2/06/safe/3/window20.txt,deterministic console extraction (not automatically agent input),python investigation/scripts/analyze.py --batch conservative-v2,3,3,4,False,"{""constraint"": true, ""location"": false, ""request"": true, ""sql"": true}",1868,20,648,tiktoken 0.14.0 o200k_base,True
06,safe,3,1,True,True,both distinct users must be saved,mvn -o -B -ntp -Dmaven.repo.local=/Users/hadiranjbar/Downloads/java/token.usage/investigation/.m2 -Pinvestigation -Dtest=FailureCasesTest -Dexperiment.case=06 -Dexperiment.artifactDir=/Users/hadiranjbar/Downloads/java/token.usage/investigation/raw/conservative-v2/06/safe/3 -Dexperiment.reportDir=/Users/hadiranjbar/Downloads/java/token.usage/investigation/raw/conservative-v2/06/safe/3/reports -Dspring.output.ansi.enabled=never -Dspring.profiles.active=agent -Dexperiment.deduplicate=true surefire:test,filtered40,investigation/raw/conservative-v2/06/safe/3,investigation/extracted/conservative-v2/06/safe/3/filtered40.txt,deterministic console extraction (not automatically agent input),python investigation/scripts/analyze.py --batch conservative-v2,3,4,4,True,"{""constraint"": true, ""location"": true, ""request"": true, ""sql"": true}",2678,29,884,tiktoken 0.14.0 o200k_base,True
06,safe,3,1,True,True,both distinct users must be saved,mvn -o -B -ntp -Dmaven.repo.local=/Users/hadiranjbar/Downloads/java/token.usage/investigation/.m2 -Pinvestigation -Dtest=FailureCasesTest -Dexperiment.case=06 -Dexperiment.artifactDir=/Users/hadiranjbar/Downloads/java/token.usage/investigation/raw/conservative-v2/06/safe/3 -Dexperiment.reportDir=/Users/hadiranjbar/Downloads/java/token.usage/investigation/raw/conservative-v2/06/safe/3/reports -Dspring.output.ansi.enabled=never -Dspring.profiles.active=agent -Dexperiment.deduplicate=true surefire:test,boundary,investigation/raw/conservative-v2/06/safe/3,investigation/extracted/conservative-v2/06/safe/3/boundary.txt,deterministic console extraction (not automatically agent input),python investigation/scripts/analyze.py --batch conservative-v2,3,4,4,True,"{""constraint"": true, ""location"": true, ""request"": true, ""sql"": true}",3591,41,1105,tiktoken 0.14.0 o200k_base,True
06,safe,3,1,True,True,both distinct users must be saved,mvn -o -B -ntp -Dmaven.repo.local=/Users/hadiranjbar/Downloads/java/token.usage/investigation/.m2 -Pinvestigation -Dtest=FailureCasesTest -Dexperiment.case=06 -Dexperiment.artifactDir=/Users/hadiranjbar/Downloads/java/token.usage/investigation/raw/conservative-v2/06/safe/3 -Dexperiment.reportDir=/Users/hadiranjbar/Downloads/java/token.usage/investigation/raw/conservative-v2/06/safe/3/reports -Dspring.output.ansi.enabled=never -Dspring.profiles.active=agent -Dexperiment.deduplicate=true surefire:test,dedup,investigation/raw/conservative-v2/06/safe/3,investigation/extracted/conservative-v2/06/safe/3/dedup.txt,deterministic console extraction (not automatically agent input),python investigation/scripts/analyze.py --batch conservative-v2,3,4,4,True,"{""constraint"": true, ""location"": true, ""request"": true, ""sql"": true}",3591,41,1105,tiktoken 0.14.0 o200k_base,True
07,safe,1,1,True,True,404 Not Found,mvn -o -B -ntp -Dmaven.repo.local=/Users/hadiranjbar/Downloads/java/token.usage/investigation/.m2 -Pinvestigation -Dtest=FailureCasesTest -Dexperiment.case=07 -Dexperiment.artifactDir=/Users/hadiranjbar/Downloads/java/token.usage/investigation/raw/conservative-v2/07/safe/1 -Dexperiment.reportDir=/Users/hadiranjbar/Downloads/java/token.usage/investigation/raw/conservative-v2/07/safe/1/reports -Dspring.output.ansi.enabled=never -Dspring.profiles.active=agent -Dexperiment.deduplicate=true surefire:test,complete,investigation/raw/conservative-v2/07/safe/1,investigation/extracted/conservative-v2/07/safe/1/complete.txt,deterministic console extraction (not automatically agent input),python investigation/scripts/analyze.py --batch conservative-v2,2,4,4,True,"{""body"": true, ""location"": true, ""request"": true, ""status"": true}",5071,75,1331,tiktoken 0.14.0 o200k_base,True
07,safe,1,1,True,True,404 Not Found,mvn -o -B -ntp -Dmaven.repo.local=/Users/hadiranjbar/Downloads/java/token.usage/investigation/.m2 -Pinvestigation -Dtest=FailureCasesTest -Dexperiment.case=07 -Dexperiment.artifactDir=/Users/hadiranjbar/Downloads/java/token.usage/investigation/raw/conservative-v2/07/safe/1 -Dexperiment.reportDir=/Users/hadiranjbar/Downloads/java/token.usage/investigation/raw/conservative-v2/07/safe/1/reports -Dspring.output.ansi.enabled=never -Dspring.profiles.active=agent -Dexperiment.deduplicate=true surefire:test,window20,investigation/raw/conservative-v2/07/safe/1,investigation/extracted/conservative-v2/07/safe/1/window20.txt,deterministic console extraction (not automatically agent input),python investigation/scripts/analyze.py --batch conservative-v2,2,4,4,True,"{""body"": true, ""location"": true, ""request"": true, ""status"": true}",1991,20,420,tiktoken 0.14.0 o200k_base,True
07,safe,1,1,True,True,404 Not Found,mvn -o -B -ntp -Dmaven.repo.local=/Users/hadiranjbar/Downloads/java/token.usage/investigation/.m2 -Pinvestigation -Dtest=FailureCasesTest -Dexperiment.case=07 -Dexperiment.artifactDir=/Users/hadiranjbar/Downloads/java/token.usage/investigation/raw/conservative-v2/07/safe/1 -Dexperiment.reportDir=/Users/hadiranjbar/Downloads/java/token.usage/investigation/raw/conservative-v2/07/safe/1/reports -Dspring.output.ansi.enabled=never -Dspring.profiles.active=agent -Dexperiment.deduplicate=true surefire:test,filtered40,investigation/raw/conservative-v2/07/safe/1,investigation/extracted/conservative-v2/07/safe/1/filtered40.txt,deterministic console extraction (not automatically agent input),python investigation/scripts/analyze.py --batch conservative-v2,2,4,4,True,"{""body"": true, ""location"": true, ""request"": true, ""status"": true}",1434,26,396,tiktoken 0.14.0 o200k_base,True
07,safe,1,1,True,True,404 Not Found,mvn -o -B -ntp -Dmaven.repo.local=/Users/hadiranjbar/Downloads/java/token.usage/investigation/.m2 -Pinvestigation -Dtest=FailureCasesTest -Dexperiment.case=07 -Dexperiment.artifactDir=/Users/hadiranjbar/Downloads/java/token.usage/investigation/raw/conservative-v2/07/safe/1 -Dexperiment.reportDir=/Users/hadiranjbar/Downloads/java/token.usage/investigation/raw/conservative-v2/07/safe/1/reports -Dspring.output.ansi.enabled=never -Dspring.profiles.active=agent -Dexperiment.deduplicate=true surefire:test,boundary,investigation/raw/conservative-v2/07/safe/1,investigation/extracted/conservative-v2/07/safe/1/boundary.txt,deterministic console extraction (not automatically agent input),python investigation/scripts/analyze.py --batch conservative-v2,2,4,4,True,"{""body"": true, ""location"": true, ""request"": true, ""status"": true}",1991,20,420,tiktoken 0.14.0 o200k_base,True
07,safe,1,1,True,True,404 Not Found,mvn -o -B -ntp -Dmaven.repo.local=/Users/hadiranjbar/Downloads/java/token.usage/investigation/.m2 -Pinvestigation -Dtest=FailureCasesTest -Dexperiment.case=07 -Dexperiment.artifactDir=/Users/hadiranjbar/Downloads/java/token.usage/investigation/raw/conservative-v2/07/safe/1 -Dexperiment.reportDir=/Users/hadiranjbar/Downloads/java/token.usage/investigation/raw/conservative-v2/07/safe/1/reports -Dspring.output.ansi.enabled=never -Dspring.profiles.active=agent -Dexperiment.deduplicate=true surefire:test,dedup,investigation/raw/conservative-v2/07/safe/1,investigation/extracted/conservative-v2/07/safe/1/dedup.txt,deterministic console extraction (not automatically agent input),python investigation/scripts/analyze.py --batch conservative-v2,2,4,4,True,"{""body"": true, ""location"": true, ""request"": true, ""status"": true}",1991,20,420,tiktoken 0.14.0 o200k_base,True
07,safe,2,1,True,True,404 Not Found,mvn -o -B -ntp -Dmaven.repo.local=/Users/hadiranjbar/Downloads/java/token.usage/investigation/.m2 -Pinvestigation -Dtest=FailureCasesTest -Dexperiment.case=07 -Dexperiment.artifactDir=/Users/hadiranjbar/Downloads/java/token.usage/investigation/raw/conservative-v2/07/safe/2 -Dexperiment.reportDir=/Users/hadiranjbar/Downloads/java/token.usage/investigation/raw/conservative-v2/07/safe/2/reports -Dspring.output.ansi.enabled=never -Dspring.profiles.active=agent -Dexperiment.deduplicate=true surefire:test,complete,investigation/raw/conservative-v2/07/safe/2,investigation/extracted/conservative-v2/07/safe/2/complete.txt,deterministic console extraction (not automatically agent input),python investigation/scripts/analyze.py --batch conservative-v2,2,4,4,True,"{""body"": true, ""location"": true, ""request"": true, ""status"": true}",5072,75,1331,tiktoken 0.14.0 o200k_base,True
07,safe,2,1,True,True,404 Not Found,mvn -o -B -ntp -Dmaven.repo.local=/Users/hadiranjbar/Downloads/java/token.usage/investigation/.m2 -Pinvestigation -Dtest=FailureCasesTest -Dexperiment.case=07 -Dexperiment.artifactDir=/Users/hadiranjbar/Downloads/java/token.usage/investigation/raw/conservative-v2/07/safe/2 -Dexperiment.reportDir=/Users/hadiranjbar/Downloads/java/token.usage/investigation/raw/conservative-v2/07/safe/2/reports -Dspring.output.ansi.enabled=never -Dspring.profiles.active=agent -Dexperiment.deduplicate=true surefire:test,window20,investigation/raw/conservative-v2/07/safe/2,investigation/extracted/conservative-v2/07/safe/2/window20.txt,deterministic console extraction (not automatically agent input),python investigation/scripts/analyze.py --batch conservative-v2,2,4,4,True,"{""body"": true, ""location"": true, ""request"": true, ""status"": true}",1991,20,420,tiktoken 0.14.0 o200k_base,True
07,safe,2,1,True,True,404 Not Found,mvn -o -B -ntp -Dmaven.repo.local=/Users/hadiranjbar/Downloads/java/token.usage/investigation/.m2 -Pinvestigation -Dtest=FailureCasesTest -Dexperiment.case=07 -Dexperiment.artifactDir=/Users/hadiranjbar/Downloads/java/token.usage/investigation/raw/conservative-v2/07/safe/2 -Dexperiment.reportDir=/Users/hadiranjbar/Downloads/java/token.usage/investigation/raw/conservative-v2/07/safe/2/reports -Dspring.output.ansi.enabled=never -Dspring.profiles.active=agent -Dexperiment.deduplicate=true surefire:test,filtered40,investigation/raw/conservative-v2/07/safe/2,investigation/extracted/conservative-v2/07/safe/2/filtered40.txt,deterministic console extraction (not automatically agent input),python investigation/scripts/analyze.py --batch conservative-v2,2,4,4,True,"{""body"": true, ""location"": true, ""request"": true, ""status"": true}",1434,26,396,tiktoken 0.14.0 o200k_base,True
07,safe,2,1,True,True,404 Not Found,mvn -o -B -ntp -Dmaven.repo.local=/Users/hadiranjbar/Downloads/java/token.usage/investigation/.m2 -Pinvestigation -Dtest=FailureCasesTest -Dexperiment.case=07 -Dexperiment.artifactDir=/Users/hadiranjbar/Downloads/java/token.usage/investigation/raw/conservative-v2/07/safe/2 -Dexperiment.reportDir=/Users/hadiranjbar/Downloads/java/token.usage/investigation/raw/conservative-v2/07/safe/2/reports -Dspring.output.ansi.enabled=never -Dspring.profiles.active=agent -Dexperiment.deduplicate=true surefire:test,boundary,investigation/raw/conservative-v2/07/safe/2,investigation/extracted/conservative-v2/07/safe/2/boundary.txt,deterministic console extraction (not automatically agent input),python investigation/scripts/analyze.py --batch conservative-v2,2,4,4,True,"{""body"": true, ""location"": true, ""request"": true, ""status"": true}",1991,20,420,tiktoken 0.14.0 o200k_base,True
07,safe,2,1,True,True,404 Not Found,mvn -o -B -ntp -Dmaven.repo.local=/Users/hadiranjbar/Downloads/java/token.usage/investigation/.m2 -Pinvestigation -Dtest=FailureCasesTest -Dexperiment.case=07 -Dexperiment.artifactDir=/Users/hadiranjbar/Downloads/java/token.usage/investigation/raw/conservative-v2/07/safe/2 -Dexperiment.reportDir=/Users/hadiranjbar/Downloads/java/token.usage/investigation/raw/conservative-v2/07/safe/2/reports -Dspring.output.ansi.enabled=never -Dspring.profiles.active=agent -Dexperiment.deduplicate=true surefire:test,dedup,investigation/raw/conservative-v2/07/safe/2,investigation/extracted/conservative-v2/07/safe/2/dedup.txt,deterministic console extraction (not automatically agent input),python investigation/scripts/analyze.py --batch conservative-v2,2,4,4,True,"{""body"": true, ""location"": true, ""request"": true, ""status"": true}",1991,20,420,tiktoken 0.14.0 o200k_base,True
07,safe,3,1,True,True,404 Not Found,mvn -o -B -ntp -Dmaven.repo.local=/Users/hadiranjbar/Downloads/java/token.usage/investigation/.m2 -Pinvestigation -Dtest=FailureCasesTest -Dexperiment.case=07 -Dexperiment.artifactDir=/Users/hadiranjbar/Downloads/java/token.usage/investigation/raw/conservative-v2/07/safe/3 -Dexperiment.reportDir=/Users/hadiranjbar/Downloads/java/token.usage/investigation/raw/conservative-v2/07/safe/3/reports -Dspring.output.ansi.enabled=never -Dspring.profiles.active=agent -Dexperiment.deduplicate=true surefire:test,complete,investigation/raw/conservative-v2/07/safe/3,investigation/extracted/conservative-v2/07/safe/3/complete.txt,deterministic console extraction (not automatically agent input),python investigation/scripts/analyze.py --batch conservative-v2,2,4,4,True,"{""body"": true, ""location"": true, ""request"": true, ""status"": true}",5071,75,1331,tiktoken 0.14.0 o200k_base,True
07,safe,3,1,True,True,404 Not Found,mvn -o -B -ntp -Dmaven.repo.local=/Users/hadiranjbar/Downloads/java/token.usage/investigation/.m2 -Pinvestigation -Dtest=FailureCasesTest -Dexperiment.case=07 -Dexperiment.artifactDir=/Users/hadiranjbar/Downloads/java/token.usage/investigation/raw/conservative-v2/07/safe/3 -Dexperiment.reportDir=/Users/hadiranjbar/Downloads/java/token.usage/investigation/raw/conservative-v2/07/safe/3/reports -Dspring.output.ansi.enabled=never -Dspring.profiles.active=agent -Dexperiment.deduplicate=true surefire:test,window20,investigation/raw/conservative-v2/07/safe/3,investigation/extracted/conservative-v2/07/safe/3/window20.txt,deterministic console extraction (not automatically agent input),python investigation/scripts/analyze.py --batch conservative-v2,2,4,4,True,"{""body"": true, ""location"": true, ""request"": true, ""status"": true}",1991,20,420,tiktoken 0.14.0 o200k_base,True
07,safe,3,1,True,True,404 Not Found,mvn -o -B -ntp -Dmaven.repo.local=/Users/hadiranjbar/Downloads/java/token.usage/investigation/.m2 -Pinvestigation -Dtest=FailureCasesTest -Dexperiment.case=07 -Dexperiment.artifactDir=/Users/hadiranjbar/Downloads/java/token.usage/investigation/raw/conservative-v2/07/safe/3 -Dexperiment.reportDir=/Users/hadiranjbar/Downloads/java/token.usage/investigation/raw/conservative-v2/07/safe/3/reports -Dspring.output.ansi.enabled=never -Dspring.profiles.active=agent -Dexperiment.deduplicate=true surefire:test,filtered40,investigation/raw/conservative-v2/07/safe/3,investigation/extracted/conservative-v2/07/safe/3/filtered40.txt,deterministic console extraction (not automatically agent input),python investigation/scripts/analyze.py --batch conservative-v2,2,4,4,True,"{""body"": true, ""location"": true, ""request"": true, ""status"": true}",1434,26,396,tiktoken 0.14.0 o200k_base,True
07,safe,3,1,True,True,404 Not Found,mvn -o -B -ntp -Dmaven.repo.local=/Users/hadiranjbar/Downloads/java/token.usage/investigation/.m2 -Pinvestigation -Dtest=FailureCasesTest -Dexperiment.case=07 -Dexperiment.artifactDir=/Users/hadiranjbar/Downloads/java/token.usage/investigation/raw/conservative-v2/07/safe/3 -Dexperiment.reportDir=/Users/hadiranjbar/Downloads/java/token.usage/investigation/raw/conservative-v2/07/safe/3/reports -Dspring.output.ansi.enabled=never -Dspring.profiles.active=agent -Dexperiment.deduplicate=true surefire:test,boundary,investigation/raw/conservative-v2/07/safe/3,investigation/extracted/conservative-v2/07/safe/3/boundary.txt,deterministic console extraction (not automatically agent input),python investigation/scripts/analyze.py --batch conservative-v2,2,4,4,True,"{""body"": true, ""location"": true, ""request"": true, ""status"": true}",1991,20,420,tiktoken 0.14.0 o200k_base,True
07,safe,3,1,True,True,404 Not Found,mvn -o -B -ntp -Dmaven.repo.local=/Users/hadiranjbar/Downloads/java/token.usage/investigation/.m2 -Pinvestigation -Dtest=FailureCasesTest -Dexperiment.case=07 -Dexperiment.artifactDir=/Users/hadiranjbar/Downloads/java/token.usage/investigation/raw/conservative-v2/07/safe/3 -Dexperiment.reportDir=/Users/hadiranjbar/Downloads/java/token.usage/investigation/raw/conservative-v2/07/safe/3/reports -Dspring.output.ansi.enabled=never -Dspring.profiles.active=agent -Dexperiment.deduplicate=true surefire:test,dedup,investigation/raw/conservative-v2/07/safe/3,investigation/extracted/conservative-v2/07/safe/3/dedup.txt,deterministic console extraction (not automatically agent input),python investigation/scripts/analyze.py --batch conservative-v2,2,4,4,True,"{""body"": true, ""location"": true, ""request"": true, ""status"": true}",1991,20,420,tiktoken 0.14.0 o200k_base,True
08,safe,1,1,True,True,java.util.concurrent.ExecutionException,mvn -o -B -ntp -Dmaven.repo.local=/Users/hadiranjbar/Downloads/java/token.usage/investigation/.m2 -Pinvestigation -Dtest=FailureCasesTest -Dexperiment.case=08 -Dexperiment.artifactDir=/Users/hadiranjbar/Downloads/java/token.usage/investigation/raw/conservative-v2/08/safe/1 -Dexperiment.reportDir=/Users/hadiranjbar/Downloads/java/token.usage/investigation/raw/conservative-v2/08/safe/1/reports -Dspring.output.ansi.enabled=never -Dspring.profiles.active=agent -Dexperiment.deduplicate=true surefire:test,complete,investigation/raw/conservative-v2/08/safe/1,investigation/extracted/conservative-v2/08/safe/1/complete.txt,deterministic console extraction (not automatically agent input),python investigation/scripts/analyze.py --batch conservative-v2,3,5,5,True,"{""location"": true, ""request"": true, ""root"": true, ""worker"": true, ""wrapper"": true}",5206,84,1442,tiktoken 0.14.0 o200k_base,True
08,safe,1,1,True,True,java.util.concurrent.ExecutionException,mvn -o -B -ntp -Dmaven.repo.local=/Users/hadiranjbar/Downloads/java/token.usage/investigation/.m2 -Pinvestigation -Dtest=FailureCasesTest -Dexperiment.case=08 -Dexperiment.artifactDir=/Users/hadiranjbar/Downloads/java/token.usage/investigation/raw/conservative-v2/08/safe/1 -Dexperiment.reportDir=/Users/hadiranjbar/Downloads/java/token.usage/investigation/raw/conservative-v2/08/safe/1/reports -Dspring.output.ansi.enabled=never -Dspring.profiles.active=agent -Dexperiment.deduplicate=true surefire:test,window20,investigation/raw/conservative-v2/08/safe/1,investigation/extracted/conservative-v2/08/safe/1/window20.txt,deterministic console extraction (not automatically agent input),python investigation/scripts/analyze.py --batch conservative-v2,3,5,5,True,"{""location"": true, ""request"": true, ""root"": true, ""worker"": true, ""wrapper"": true}",1461,20,389,tiktoken 0.14.0 o200k_base,True
08,safe,1,1,True,True,java.util.concurrent.ExecutionException,mvn -o -B -ntp -Dmaven.repo.local=/Users/hadiranjbar/Downloads/java/token.usage/investigation/.m2 -Pinvestigation -Dtest=FailureCasesTest -Dexperiment.case=08 -Dexperiment.artifactDir=/Users/hadiranjbar/Downloads/java/token.usage/investigation/raw/conservative-v2/08/safe/1 -Dexperiment.reportDir=/Users/hadiranjbar/Downloads/java/token.usage/investigation/raw/conservative-v2/08/safe/1/reports -Dspring.output.ansi.enabled=never -Dspring.profiles.active=agent -Dexperiment.deduplicate=true surefire:test,filtered40,investigation/raw/conservative-v2/08/safe/1,investigation/extracted/conservative-v2/08/safe/1/filtered40.txt,deterministic console extraction (not automatically agent input),python investigation/scripts/analyze.py --batch conservative-v2,3,5,5,True,"{""location"": true, ""request"": true, ""root"": true, ""worker"": true, ""wrapper"": true}",1200,24,331,tiktoken 0.14.0 o200k_base,True
08,safe,1,1,True,True,java.util.concurrent.ExecutionException,mvn -o -B -ntp -Dmaven.repo.local=/Users/hadiranjbar/Downloads/java/token.usage/investigation/.m2 -Pinvestigation -Dtest=FailureCasesTest -Dexperiment.case=08 -Dexperiment.artifactDir=/Users/hadiranjbar/Downloads/java/token.usage/investigation/raw/conservative-v2/08/safe/1 -Dexperiment.reportDir=/Users/hadiranjbar/Downloads/java/token.usage/investigation/raw/conservative-v2/08/safe/1/reports -Dspring.output.ansi.enabled=never -Dspring.profiles.active=agent -Dexperiment.deduplicate=true surefire:test,boundary,investigation/raw/conservative-v2/08/safe/1,investigation/extracted/conservative-v2/08/safe/1/boundary.txt,deterministic console extraction (not automatically agent input),python investigation/scripts/analyze.py --batch conservative-v2,3,5,5,True,"{""location"": true, ""request"": true, ""root"": true, ""worker"": true, ""wrapper"": true}",2120,30,537,tiktoken 0.14.0 o200k_base,True
08,safe,1,1,True,True,java.util.concurrent.ExecutionException,mvn -o -B -ntp -Dmaven.repo.local=/Users/hadiranjbar/Downloads/java/token.usage/investigation/.m2 -Pinvestigation -Dtest=FailureCasesTest -Dexperiment.case=08 -Dexperiment.artifactDir=/Users/hadiranjbar/Downloads/java/token.usage/investigation/raw/conservative-v2/08/safe/1 -Dexperiment.reportDir=/Users/hadiranjbar/Downloads/java/token.usage/investigation/raw/conservative-v2/08/safe/1/reports -Dspring.output.ansi.enabled=never -Dspring.profiles.active=agent -Dexperiment.deduplicate=true surefire:test,dedup,investigation/raw/conservative-v2/08/safe/1,investigation/extracted/conservative-v2/08/safe/1/dedup.txt,deterministic console extraction (not automatically agent input),python investigation/scripts/analyze.py --batch conservative-v2,3,5,5,True,"{""location"": true, ""request"": true, ""root"": true, ""worker"": true, ""wrapper"": true}",2120,30,537,tiktoken 0.14.0 o200k_base,True
08,safe,2,1,True,True,java.util.concurrent.ExecutionException,mvn -o -B -ntp -Dmaven.repo.local=/Users/hadiranjbar/Downloads/java/token.usage/investigation/.m2 -Pinvestigation -Dtest=FailureCasesTest -Dexperiment.case=08 -Dexperiment.artifactDir=/Users/hadiranjbar/Downloads/java/token.usage/investigation/raw/conservative-v2/08/safe/2 -Dexperiment.reportDir=/Users/hadiranjbar/Downloads/java/token.usage/investigation/raw/conservative-v2/08/safe/2/reports -Dspring.output.ansi.enabled=never -Dspring.profiles.active=agent -Dexperiment.deduplicate=true surefire:test,complete,investigation/raw/conservative-v2/08/safe/2,investigation/extracted/conservative-v2/08/safe/2/complete.txt,deterministic console extraction (not automatically agent input),python investigation/scripts/analyze.py --batch conservative-v2,3,5,5,True,"{""location"": true, ""request"": true, ""root"": true, ""worker"": true, ""wrapper"": true}",5206,84,1442,tiktoken 0.14.0 o200k_base,True
08,safe,2,1,True,True,java.util.concurrent.ExecutionException,mvn -o -B -ntp -Dmaven.repo.local=/Users/hadiranjbar/Downloads/java/token.usage/investigation/.m2 -Pinvestigation -Dtest=FailureCasesTest -Dexperiment.case=08 -Dexperiment.artifactDir=/Users/hadiranjbar/Downloads/java/token.usage/investigation/raw/conservative-v2/08/safe/2 -Dexperiment.reportDir=/Users/hadiranjbar/Downloads/java/token.usage/investigation/raw/conservative-v2/08/safe/2/reports -Dspring.output.ansi.enabled=never -Dspring.profiles.active=agent -Dexperiment.deduplicate=true surefire:test,window20,investigation/raw/conservative-v2/08/safe/2,investigation/extracted/conservative-v2/08/safe/2/window20.txt,deterministic console extraction (not automatically agent input),python investigation/scripts/analyze.py --batch conservative-v2,3,5,5,True,"{""location"": true, ""request"": true, ""root"": true, ""worker"": true, ""wrapper"": true}",1461,20,389,tiktoken 0.14.0 o200k_base,True
08,safe,2,1,True,True,java.util.concurrent.ExecutionException,mvn -o -B -ntp -Dmaven.repo.local=/Users/hadiranjbar/Downloads/java/token.usage/investigation/.m2 -Pinvestigation -Dtest=FailureCasesTest -Dexperiment.case=08 -Dexperiment.artifactDir=/Users/hadiranjbar/Downloads/java/token.usage/investigation/raw/conservative-v2/08/safe/2 -Dexperiment.reportDir=/Users/hadiranjbar/Downloads/java/token.usage/investigation/raw/conservative-v2/08/safe/2/reports -Dspring.output.ansi.enabled=never -Dspring.profiles.active=agent -Dexperiment.deduplicate=true surefire:test,filtered40,investigation/raw/conservative-v2/08/safe/2,investigation/extracted/conservative-v2/08/safe/2/filtered40.txt,deterministic console extraction (not automatically agent input),python investigation/scripts/analyze.py --batch conservative-v2,3,5,5,True,"{""location"": true, ""request"": true, ""root"": true, ""worker"": true, ""wrapper"": true}",1200,24,331,tiktoken 0.14.0 o200k_base,True
08,safe,2,1,True,True,java.util.concurrent.ExecutionException,mvn -o -B -ntp -Dmaven.repo.local=/Users/hadiranjbar/Downloads/java/token.usage/investigation/.m2 -Pinvestigation -Dtest=FailureCasesTest -Dexperiment.case=08 -Dexperiment.artifactDir=/Users/hadiranjbar/Downloads/java/token.usage/investigation/raw/conservative-v2/08/safe/2 -Dexperiment.reportDir=/Users/hadiranjbar/Downloads/java/token.usage/investigation/raw/conservative-v2/08/safe/2/reports -Dspring.output.ansi.enabled=never -Dspring.profiles.active=agent -Dexperiment.deduplicate=true surefire:test,boundary,investigation/raw/conservative-v2/08/safe/2,investigation/extracted/conservative-v2/08/safe/2/boundary.txt,deterministic console extraction (not automatically agent input),python investigation/scripts/analyze.py --batch conservative-v2,3,5,5,True,"{""location"": true, ""request"": true, ""root"": true, ""worker"": true, ""wrapper"": true}",2120,30,537,tiktoken 0.14.0 o200k_base,True
08,safe,2,1,True,True,java.util.concurrent.ExecutionException,mvn -o -B -ntp -Dmaven.repo.local=/Users/hadiranjbar/Downloads/java/token.usage/investigation/.m2 -Pinvestigation -Dtest=FailureCasesTest -Dexperiment.case=08 -Dexperiment.artifactDir=/Users/hadiranjbar/Downloads/java/token.usage/investigation/raw/conservative-v2/08/safe/2 -Dexperiment.reportDir=/Users/hadiranjbar/Downloads/java/token.usage/investigation/raw/conservative-v2/08/safe/2/reports -Dspring.output.ansi.enabled=never -Dspring.profiles.active=agent -Dexperiment.deduplicate=true surefire:test,dedup,investigation/raw/conservative-v2/08/safe/2,investigation/extracted/conservative-v2/08/safe/2/dedup.txt,deterministic console extraction (not automatically agent input),python investigation/scripts/analyze.py --batch conservative-v2,3,5,5,True,"{""location"": true, ""request"": true, ""root"": true, ""worker"": true, ""wrapper"": true}",2120,30,537,tiktoken 0.14.0 o200k_base,True
08,safe,3,1,True,True,java.util.concurrent.ExecutionException,mvn -o -B -ntp -Dmaven.repo.local=/Users/hadiranjbar/Downloads/java/token.usage/investigation/.m2 -Pinvestigation -Dtest=FailureCasesTest -Dexperiment.case=08 -Dexperiment.artifactDir=/Users/hadiranjbar/Downloads/java/token.usage/investigation/raw/conservative-v2/08/safe/3 -Dexperiment.reportDir=/Users/hadiranjbar/Downloads/java/token.usage/investigation/raw/conservative-v2/08/safe/3/reports -Dspring.output.ansi.enabled=never -Dspring.profiles.active=agent -Dexperiment.deduplicate=true surefire:test,complete,investigation/raw/conservative-v2/08/safe/3,investigation/extracted/conservative-v2/08/safe/3/complete.txt,deterministic console extraction (not automatically agent input),python investigation/scripts/analyze.py --batch conservative-v2,3,5,5,True,"{""location"": true, ""request"": true, ""root"": true, ""worker"": true, ""wrapper"": true}",5206,84,1442,tiktoken 0.14.0 o200k_base,True
08,safe,3,1,True,True,java.util.concurrent.ExecutionException,mvn -o -B -ntp -Dmaven.repo.local=/Users/hadiranjbar/Downloads/java/token.usage/investigation/.m2 -Pinvestigation -Dtest=FailureCasesTest -Dexperiment.case=08 -Dexperiment.artifactDir=/Users/hadiranjbar/Downloads/java/token.usage/investigation/raw/conservative-v2/08/safe/3 -Dexperiment.reportDir=/Users/hadiranjbar/Downloads/java/token.usage/investigation/raw/conservative-v2/08/safe/3/reports -Dspring.output.ansi.enabled=never -Dspring.profiles.active=agent -Dexperiment.deduplicate=true surefire:test,window20,investigation/raw/conservative-v2/08/safe/3,investigation/extracted/conservative-v2/08/safe/3/window20.txt,deterministic console extraction (not automatically agent input),python investigation/scripts/analyze.py --batch conservative-v2,3,5,5,True,"{""location"": true, ""request"": true, ""root"": true, ""worker"": true, ""wrapper"": true}",1461,20,389,tiktoken 0.14.0 o200k_base,True
08,safe,3,1,True,True,java.util.concurrent.ExecutionException,mvn -o -B -ntp -Dmaven.repo.local=/Users/hadiranjbar/Downloads/java/token.usage/investigation/.m2 -Pinvestigation -Dtest=FailureCasesTest -Dexperiment.case=08 -Dexperiment.artifactDir=/Users/hadiranjbar/Downloads/java/token.usage/investigation/raw/conservative-v2/08/safe/3 -Dexperiment.reportDir=/Users/hadiranjbar/Downloads/java/token.usage/investigation/raw/conservative-v2/08/safe/3/reports -Dspring.output.ansi.enabled=never -Dspring.profiles.active=agent -Dexperiment.deduplicate=true surefire:test,filtered40,investigation/raw/conservative-v2/08/safe/3,investigation/extracted/conservative-v2/08/safe/3/filtered40.txt,deterministic console extraction (not automatically agent input),python investigation/scripts/analyze.py --batch conservative-v2,3,5,5,True,"{""location"": true, ""request"": true, ""root"": true, ""worker"": true, ""wrapper"": true}",1200,24,331,tiktoken 0.14.0 o200k_base,True
08,safe,3,1,True,True,java.util.concurrent.ExecutionException,mvn -o -B -ntp -Dmaven.repo.local=/Users/hadiranjbar/Downloads/java/token.usage/investigation/.m2 -Pinvestigation -Dtest=FailureCasesTest -Dexperiment.case=08 -Dexperiment.artifactDir=/Users/hadiranjbar/Downloads/java/token.usage/investigation/raw/conservative-v2/08/safe/3 -Dexperiment.reportDir=/Users/hadiranjbar/Downloads/java/token.usage/investigation/raw/conservative-v2/08/safe/3/reports -Dspring.output.ansi.enabled=never -Dspring.profiles.active=agent -Dexperiment.deduplicate=true surefire:test,boundary,investigation/raw/conservative-v2/08/safe/3,investigation/extracted/conservative-v2/08/safe/3/boundary.txt,deterministic console extraction (not automatically agent input),python investigation/scripts/analyze.py --batch conservative-v2,3,5,5,True,"{""location"": true, ""request"": true, ""root"": true, ""worker"": true, ""wrapper"": true}",2120,30,537,tiktoken 0.14.0 o200k_base,True
08,safe,3,1,True,True,java.util.concurrent.ExecutionException,mvn -o -B -ntp -Dmaven.repo.local=/Users/hadiranjbar/Downloads/java/token.usage/investigation/.m2 -Pinvestigation -Dtest=FailureCasesTest -Dexperiment.case=08 -Dexperiment.artifactDir=/Users/hadiranjbar/Downloads/java/token.usage/investigation/raw/conservative-v2/08/safe/3 -Dexperiment.reportDir=/Users/hadiranjbar/Downloads/java/token.usage/investigation/raw/conservative-v2/08/safe/3/reports -Dspring.output.ansi.enabled=never -Dspring.profiles.active=agent -Dexperiment.deduplicate=true surefire:test,dedup,investigation/raw/conservative-v2/08/safe/3,investigation/extracted/conservative-v2/08/safe/3/dedup.txt,deterministic console extraction (not automatically agent input),python investigation/scripts/analyze.py --batch conservative-v2,3,5,5,True,"{""location"": true, ""request"": true, ""root"": true, ""worker"": true, ""wrapper"": true}",2120,30,537,tiktoken 0.14.0 o200k_base,True
